Accident_ID,Accident_Type_Code,Adverse_Weather_Metric,Cabin_Temperature,Control_Metric,Days_Since_Inspection,Max_Elevation,Safety_Score,Severity,Total_Safety_Complaints,Turbulence_In_gforces,Violations
6740,4,0.040335527894257005,75.41,65.3600729261623,6,22083.715347256402,76.1187214611872,Minor_Damage_And_Injuries,1,0.46108258204110997,4
4975,6,0.007037899937134641,77.09,62.2607110300821,9,28815.0595298404,78.675799086758,Significant_Damage_And_Fatalities,1,0.427905517490083,4
7567,1,1.53438892314887,77.84,81.4494074749317,12,41697.1749234405,32.100456621004604,Highly_Fatal_And_Damaging,16,0.29555787955283,0
7293,3,0.141411385811606,85.58,21.1485870556062,15,28384.5263097579,34.3835616438356,Significant_Damage_And_Serious_Injuries,7,0.774822214208438,1
2331,7,0.00311342293481838,82.44,72.0145852324522,9,35976.202143689,41.1415525114155,Highly_Fatal_And_Damaging,0,0.350011539848539,3
11061,7,0.0030450705351902398,84.74,54.69462169553329,18,36560.596118786605,45.433789954337904,Significant_Damage_And_Serious_Injuries,1,0.455312657771367,0
2055,2,0.17603090511794,76.69,76.8915223336372,17,14865.9056452982,38.4474885844749,Minor_Damage_And_Injuries,22,0.428266137756942,2
6088,2,0.412493537274305,76.79,65.9981768459435,11,30122.3193576333,34.474885844748805,Highly_Fatal_And_Damaging,8,0.282575549945907,3
1470,3,0.125493231955833,84.26,57.748404740200606,15,25131.3222040264,32.9223744292237,Significant_Damage_And_Serious_Injuries,12,0.40735016227912,2
2715,2,0.286821821953301,78.6,73.33637192342749,18,21259.729665555802,12.4657534246575,Highly_Fatal_And_Damaging,9,0.316113234763794,0
9561,7,0.0022795111625947898,82.69,42.8896991795807,18,24523.027144472202,46.2100456621004,Significant_Damage_And_Serious_Injuries,4,0.6082156509195811,2
10101,2,0.4389334179296911,75.83,56.7456700091158,12,32349.295378312203,42.100456621004604,Minor_Damage_And_Injuries,22,0.729023440317345,0
10811,4,0.0886488268505119,81.43,55.241567912488605,14,47946.3125870917,26.2557077625571,Significant_Damage_And_Fatalities,26,0.5130119004688061,2
6245,4,0.0692261856242846,88.71,65.0410209662717,8,37917.1797061165,46.25570776255711,Highly_Fatal_And_Damaging,29,0.293394157951677,2
668,2,0.339470394778478,81.13,70.5560619872379,21,25151.6505157408,31.7808219178082,Significant_Damage_And_Fatalities,6,0.324046880634692,4
9378,5,0.0165134897469149,78.63,66.362807657247,13,26261.5515416009,52.3744292237443,Minor_Damage_And_Injuries,0,0.365878831590335,1
11775,4,0.0445660106164211,79.99,78.1221513217867,14,24305.390903594598,58.7214611872146,Significant_Damage_And_Fatalities,6,0.302770284890011,2
2211,7,0.00243243998136578,80.22,80.99361896080221,7,26029.2184484975,82.23744292237441,Significant_Damage_And_Fatalities,10,0.31935881716552506,1
6267,6,0.00811692898317286,79.2,71.42206016408392,14,31335.4768243775,36.6666666666667,Significant_Damage_And_Serious_Injuries,11,0.314310133429499,2
6731,7,0.0032238601136394,77.86,70.9206927985415,10,32463.032918282002,72.9223744292237,Significant_Damage_And_Fatalities,7,0.276084385142445,0
125,4,0.0384517831023515,83.48,87.46581586144029,14,21267.7043733175,24.748858447488605,Highly_Fatal_And_Damaging,7,0.215860800576992,2
268,6,0.00566656035545686,83.19,70.0091157702826,7,22288.6163690367,48.675799086758005,Highly_Fatal_And_Damaging,10,0.346765957446808,3
1738,3,0.152337945102486,78.69,66.4539653600729,12,30464.232857824398,42.191780821917796,Significant_Damage_And_Serious_Injuries,3,0.329456184637577,3
830,2,0.469625726447576,78.64,69.690063810392,14,34529.6257428931,49.04109589041099,Minor_Damage_And_Injuries,3,0.31719509556437103,3
1715,6,0.00874011372860149,78.69,43.80127620783961,14,37082.0044165987,23.013698630137,Significant_Damage_And_Fatalities,7,0.45387017670393,1
9318,4,0.0865139983925863,79.45,67.50227894257071,17,47362.3492851638,15.4337899543379,Highly_Fatal_And_Damaging,0,0.405547060944825,2
7677,4,0.0587205544501303,81.17,59.9817684594348,11,32342.3133839545,36.164383561643795,Highly_Fatal_And_Damaging,2,0.33883231157591,2
12443,3,0.17562474822040197,79.42,62.1695533272562,10,35329.4120836758,48.7214611872146,Significant_Damage_And_Serious_Injuries,19,0.5523195095564369,2
11549,4,0.0421404182107254,81.11,70.1914311759344,10,23275.652222331402,37.1232876712329,Highly_Fatal_And_Damaging,2,0.239661738189686,2
5006,3,0.137231411214061,79.61,69.5533272561531,12,27584.056491732,43.8356164383562,Significant_Damage_And_Serious_Injuries,2,0.409513883880274,4
11966,4,0.0660557335830439,79.31,55.6973564266181,15,36228.3812559605,20.2283105022831,Significant_Damage_And_Fatalities,4,0.311425171294627,3
5027,3,0.0955874383678995,81.8,51.5952597994531,12,18799.489572745802,32.4200913242009,Significant_Damage_And_Fatalities,14,0.288345474215651,2
10645,4,0.0591195118912739,76.85,52.5979945305378,11,32058.503196196,46.4840182648402,Minor_Damage_And_Injuries,0,0.3352261089073211,2
12279,2,0.64817098869959,82.7,41.4311759343665,11,47505.462290606796,33.1963470319635,Significant_Damage_And_Fatalities,1,0.5029145329967539,5
366,4,0.0564238689532988,79.83,60.3463992707384,15,30954.2711727206,45.296803652967995,Minor_Damage_And_Injuries,1,0.531764154345474,2
11277,6,0.00811696041887652,78.52,71.3764813126709,20,32124.9732288063,5.2054794520547905,Highly_Fatal_And_Damaging,4,0.189535521096285,3
1428,1,0.9289401775636039,78.24,80.6289881494986,15,25187.711918033598,20.958904109589,Highly_Fatal_And_Damaging,9,0.321883159033537,0
519,3,0.265482924655784,78.63,83.8195077484048,16,53176.4511388213,28.5844748858447,Significant_Damage_And_Serious_Injuries,0,0.31214641182834496,2
7452,1,1.4803424663546598,77.6,60.665451230628996,8,40353.5539105044,44.0639269406393,Highly_Fatal_And_Damaging,3,0.48308041831950893,2
10896,7,0.0033339249750162,83.6,67.6390154968095,16,34326.0045981419,53.1963470319635,Significant_Damage_And_Fatalities,2,0.25588965019834103,2
11762,2,0.488682348438616,77.34,65.0865998176846,14,36656.5473460937,47.1232876712329,Minor_Damage_And_Injuries,3,0.321883159033537,3
36,2,0.46253870084788107,82.38,58.340929808568795,8,34354.111221382205,68.7671232876712,Minor_Damage_And_Injuries,1,0.421053732419762,1
299,7,0.0033339249750162,83.23,52.415679124886104,11,34165.528776291605,59.178082191780796,Significant_Damage_And_Serious_Injuries,1,0.47226181031373904,3
10364,4,0.0515663632026278,78.49,52.5524156791249,13,28416.8088509435,28.4018264840183,Significant_Damage_And_Fatalities,29,0.46757374684457303,2
4748,3,0.212243576123403,77.4,56.79124886052871,12,42607.0710974919,44.0182648401826,Minor_Damage_And_Injuries,7,0.331980526505589,0
2548,4,0.0796140496419091,76.44,78.4867821330902,20,43590.4452092247,2.64840182648402,Highly_Fatal_And_Damaging,7,0.34243851424450106,2
5900,7,0.00261196102218459,77.08,44.712853236098496,10,28108.6735227329,59.4520547945205,Significant_Damage_And_Serious_Injuries,20,0.693322033898305,2
10758,4,0.0423891336784103,84.99,73.33637192342749,12,23157.2982287448,30.9132420091324,Highly_Fatal_And_Damaging,1,0.4567551388388029,2
5128,4,0.0435695366800226,80.25,57.748404740200606,16,24079.5906676941,17.7168949771689,Highly_Fatal_And_Damaging,1,0.285821132347638,2
9055,5,0.0153310618746404,85.3,76.7547857793984,15,23921.6874918585,33.2420091324201,Significant_Damage_And_Serious_Injuries,0,0.38030364226469504,1
4358,6,0.008672093385291079,78.75,73.6554238833182,19,35557.6780853689,30.5022831050228,Minor_Damage_And_Injuries,1,0.40590768121168397,2
4743,2,0.20126609841095802,76.71,71.64995442114859,8,14865.9056452982,56.62100456620999,Significant_Damage_And_Serious_Injuries,15,0.496423368193292,3
2332,2,0.249915956802835,78.96,54.2844120328168,10,17506.1009664625,62.55707762557079,Highly_Fatal_And_Damaging,4,0.45639451857194396,4
6164,3,0.193472475815945,75.64,82.0875113947128,6,38524.2271801827,52.283105022831,Significant_Damage_And_Serious_Injuries,24,0.395810313739632,4
7135,6,0.008579149820314009,79.25,59.0701914311759,14,36560.9267531553,36.8036529680365,Significant_Damage_And_Serious_Injuries,0,0.387876667868734,0
2751,1,0.846302653714557,75.05,69.1431175934367,18,22950.581016018703,24.2465753424658,Significant_Damage_And_Serious_Injuries,5,0.325849981968986,0
6522,4,0.0447909407031703,78.46,45.8067456700091,15,24188.3948414421,22.420091324200897,Significant_Damage_And_Fatalities,2,0.631295347998557,1
11580,7,0.00283482891951351,76.9,46.03463992707379,18,30457.891756663998,47.9908675799087,Significant_Damage_And_Serious_Injuries,2,0.400858997475658,3
2877,5,0.0214505158063771,82.54,54.3755697356427,11,31461.125638474303,35.9817351598173,Significant_Damage_And_Fatalities,12,0.466852506310854,4
10305,1,0.518572471316774,78.78,79.2160437556974,14,13658.8165000358,23.7899543378995,Highly_Fatal_And_Damaging,7,0.324768121168409,2
7578,5,0.01851592253734,78.21,72.0145852324522,14,27205.0187524677,49.4063926940639,Minor_Damage_And_Injuries,6,0.395810313739632,1
4035,1,1.02676320216031,78.27,72.5615314494075,6,27910.317545627997,51.8721461187215,Highly_Fatal_And_Damaging,1,0.37345185719437396,1
2125,1,0.8570060826008772,80.14,66.6818596171377,12,23454.2840475312,29.7716894977169,Highly_Fatal_And_Damaging,6,0.344241615578795,2
3745,1,0.9483413993765591,78.6,59.57155879671829,14,25739.384677142203,25.433789954337897,Highly_Fatal_And_Damaging,7,0.5097663180670751,3
5679,5,0.0165265950657187,80.62,56.2898814949863,20,25229.7819974548,29.5433789954338,Highly_Fatal_And_Damaging,0,0.39833465560764497,3
11557,6,0.00892252524172122,79.36,72.60711030082041,9,36551.1605068481,52.9680365296804,Significant_Damage_And_Serious_Injuries,3,0.30709772809231894,3
11576,6,0.00892252524172122,79.24,79.535095715588,17,35409.7627604901,25.251141552511395,Significant_Damage_And_Serious_Injuries,9,0.320440677966102,2
574,6,0.00847058438588612,84.94,45.897903372834996,15,36060.0478650539,31.735159817351605,Minor_Damage_And_Injuries,11,0.560253155427335,2
7566,3,0.18156561790013,80.46,63.172288058340904,17,36405.033044569,26.1187214611872,Significant_Damage_And_Serious_Injuries,2,0.477310494049765,2
9505,3,0.131603582407155,78.92,89.10665451230629,17,26274.692889461498,26.438356164383602,Significant_Damage_And_Serious_Injuries,0,0.33306238730616605,2
2443,2,0.641805738503765,80.24,52.3245214220602,17,47423.386064199294,38.8127853881278,Highly_Fatal_And_Damaging,2,0.41636566895059496,2
5129,2,0.599746500186085,79.6,68.4138559708295,12,44285.4474341817,30.410958904109602,Highly_Fatal_And_Damaging,6,0.274641904075009,0
3991,7,0.0033269313762775,80.82,42.5706472196901,16,33289.1776385925,30.0,Minor_Damage_And_Injuries,3,0.49750522899386895,1
7631,7,0.00366865430208517,79.06,66.6818596171377,13,39352.599729106,30.0,Highly_Fatal_And_Damaging,10,0.298803461954562,3
5509,4,0.0618915098791246,80.5,78.94257064721971,7,33791.6194215827,49.6803652968036,Highly_Fatal_And_Damaging,3,0.26815073927154703,3
78,3,0.220516919366995,78.76,51.5952597994531,9,44244.629182437806,53.4246575342466,Minor_Damage_And_Injuries,1,0.639950234403173,2
6829,2,0.623420577171322,75.27,66.5451230628988,10,46273.2400084029,60.0,Minor_Damage_And_Injuries,0,0.368763793725207,2
8799,3,0.181056414605482,75.61,80.4010938924339,6,36294.3896081754,63.4246575342466,Significant_Damage_And_Serious_Injuries,4,0.523469888207717,3
5823,2,0.605991662537284,79.31,56.2898814949863,14,44499.2390524699,24.1552511415525,Significant_Damage_And_Fatalities,3,0.40590768121168397,3
10473,2,0.249915956802835,78.51,77.52962625341841,15,17636.0304067748,45.205479452054796,Minor_Damage_And_Injuries,5,0.34315975477821803,1
3176,5,0.0195220582116127,77.98,62.2151321786691,8,29267.959931639398,56.52968036529679,Significant_Damage_And_Serious_Injuries,5,0.33270176703930704,1
5681,4,0.0760172273487276,78.95,69.2342752962625,14,41835.8816297445,26.7123287671233,Highly_Fatal_And_Damaging,3,0.314310133429499,3
3377,3,0.171753655949522,79.62,69.1431175934367,14,34176.1227163592,37.3972602739726,Significant_Damage_And_Serious_Injuries,0,0.428626758023801,2
9776,2,0.217473855355897,83.5,51.8231540565178,3,15496.0861565499,77.6712328767123,Highly_Fatal_And_Damaging,10,0.38030364226469504,1
9533,3,0.161857417023106,78.7,73.0173199635369,14,32463.032918282002,62.054794520547894,Significant_Damage_And_Fatalities,9,0.29014857554994605,3
4161,4,0.0528451340525014,81.42,59.2980856882407,8,28604.178396541898,45.342465753424705,Highly_Fatal_And_Damaging,1,0.510848178867652,2
6786,3,0.18564707587063,77.19,50.6836827711942,12,37438.206200471,29.8630136986301,Significant_Damage_And_Fatalities,5,0.553401370357014,2
5064,4,0.0453328026286867,77.53,52.82588878760261,17,25229.7819974548,13.37899543379,Significant_Damage_And_Fatalities,1,0.336307969707898,0
2836,7,0.00221636476307407,77.78,64.4029170464904,14,25253.745078546603,58.8584474885845,Significant_Damage_And_Fatalities,8,0.40374395961053006,2
4301,6,0.008138342681266859,81.88,68.64175022789429,8,33079.1686288525,80.4566210045662,Significant_Damage_And_Fatalities,19,0.192059862964299,2
11427,4,0.0279903711072892,79.73,65.1321786690975,11,14367.9657224963,33.1963470319635,Highly_Fatal_And_Damaging,2,0.5130119004688061,2
1764,4,0.0613171683544181,76.27,51.3673655423883,14,33315.568355075,37.3059360730594,Minor_Damage_And_Injuries,0,0.553401370357014,3
4916,7,0.0046095259518669105,81.75,84.5487693710119,11,49602.284205740994,48.401826484018294,Significant_Damage_And_Serious_Injuries,4,0.326210602235846,2
6422,1,1.19173458023308,78.75,66.04375569735639,15,32337.3176953635,33.470319634703195,Significant_Damage_And_Serious_Injuries,21,0.4261024161557879,1
4565,5,0.026380928931565,82.08,53.6463081130356,7,37800.797006327004,58.675799086758005,Minor_Damage_And_Injuries,0,0.30998269022719105,2
1476,3,0.0900111876406189,80.76,74.7037374658159,8,18687.8752280225,56.7579908675799,Significant_Damage_And_Serious_Injuries,1,0.274641904075009,4
8266,4,0.0751284641453142,80.58,89.9726526891523,13,40930.4297531618,63.8812785388128,Significant_Damage_And_Fatalities,11,0.18520807789397797,2
8539,3,0.223008337378143,78.88,41.066545123062895,14,44977.6137603199,24.337899543379002,Highly_Fatal_And_Damaging,12,0.687191489361702,3
2915,4,0.0628086341822525,78.16,61.440291704649105,16,34315.1924134604,19.041095890411,Highly_Fatal_And_Damaging,5,0.43295420122610906,1
959,3,0.0955986499335119,77.36,63.5369188696445,9,18924.379770140702,78.675799086758,Significant_Damage_And_Fatalities,8,0.321883159033537,1
8117,6,0.00651342580152575,78.14,71.0118505013674,10,26800.139584739904,48.6301369863014,Significant_Damage_And_Serious_Injuries,7,0.279329967544176,2
7679,3,0.0955874383678995,79.53,66.2716499544212,18,19201.5021304644,22.8310502283105,Significant_Damage_And_Serious_Injuries,6,0.36623945185719403,2
3363,3,0.101519827745638,79.17,59.9817684594348,17,20584.3239850503,15.8904109589041,Highly_Fatal_And_Damaging,10,0.24290732059141698,2
5209,2,0.528165792722769,80.7,66.9097538742024,16,38934.8959159034,41.324200913242,Minor_Damage_And_Injuries,18,0.324768121168409,1
10923,3,0.18924573123453603,79.02,77.8030993618961,12,37986.3456451741,43.287671232876704,Significant_Damage_And_Serious_Injuries,10,0.32765308330328097,2
10690,4,0.0574136583741536,80.19,59.9817684594348,19,31168.9323784204,19.4520547945205,Significant_Damage_And_Serious_Injuries,1,0.518421204471691,1
6935,1,1.40966132986615,79.72,53.919781221513205,8,38365.131050911295,44.5205479452055,Significant_Damage_And_Fatalities,3,0.572153624233682,1
2374,2,0.378611274088549,81.8,47.2196900638104,18,27933.3453552046,33.5616438356164,Highly_Fatal_And_Damaging,6,0.400858997475658,1
3754,4,0.016530971355129,77.63,80.08204193254329,6,9125.609625630279,52.3744292237443,Highly_Fatal_And_Damaging,4,0.292672917417959,2
11064,2,0.637297326574672,81.06,69.5989061075661,13,47115.2998284055,50.5936073059361,Minor_Damage_And_Injuries,5,0.430790479624955,3
8471,4,0.0626562639126589,79.98,93.80127620783958,15,33941.903054487004,45.0228310502283,Minor_Damage_And_Injuries,0,0.17655319148936105,2
10121,3,0.144784763505103,80.6,41.5223336371923,12,29017.2698657396,32.557077625570805,Significant_Damage_And_Fatalities,0,0.6349015506671469,1
2218,2,0.338607930649641,76.2,70.1914311759344,10,25019.9299511302,49.36073059360729,Significant_Damage_And_Serious_Injuries,10,0.39400721240533704,2
6806,6,0.006066866594977179,76.26,56.7456700091158,19,24442.0329952916,32.739726027397296,Highly_Fatal_And_Damaging,8,0.378139920663541,1
5498,4,0.075850778236244,78.7,80.99361896080221,9,41401.7229807727,40.273972602739704,Highly_Fatal_And_Damaging,0,0.36263324918860396,0
157,6,0.00584477048152485,79.64,84.8678213309025,12,24101.1426632183,41.780821917808204,Significant_Damage_And_Serious_Injuries,14,0.263823296069239,3
3708,7,0.00245895525239092,84.8,66.3172288058341,13,23291.327400039503,62.9680365296804,Significant_Damage_And_Fatalities,3,0.26165957446808497,4
726,5,0.0167112795961212,83.55,93.48222424794892,11,26029.163262479102,47.5342465753425,Significant_Damage_And_Serious_Injuries,9,0.18015939415795199,3
7472,5,0.020054275742136002,79.75,70.4193254329991,11,29267.959931639398,57.44292237442921,Minor_Damage_And_Injuries,5,0.334144248106743,2
3421,6,0.0101249384175377,81.09,69.8268003646308,10,38924.6214354371,51.0502283105023,Significant_Damage_And_Serious_Injuries,0,0.28005120807789396,3
9891,1,0.51302895528027,78.9,54.0109389243391,19,14007.557424658999,9.31506849315068,Significant_Damage_And_Fatalities,9,0.5515982690227189,1
337,5,0.0236089231156199,78.85,57.748404740200606,15,33635.2346432366,32.8767123287671,Significant_Damage_And_Serious_Injuries,7,0.47839235485034204,2
2393,2,0.407458628522089,76.37,58.7967183226983,8,30488.796937416402,44.885844748858396,Highly_Fatal_And_Damaging,0,0.4120382257482871,2
683,4,0.055322645707744006,80.98,89.51686417502279,16,30415.652244997997,19.041095890411,Highly_Fatal_And_Damaging,1,0.23064623151821104,2
10206,7,0.00555060260851531,78.5,61.485870556062004,15,52249.610146137195,46.392694063926896,Minor_Damage_And_Injuries,9,0.533927875946628,4
3402,5,0.0240955544858232,79.56,58.158614402917,10,36560.9267531553,48.1735159817352,Significant_Damage_And_Serious_Injuries,0,0.39292535160476,1
5631,6,0.00597945010552193,82.09,73.2907930720146,15,23955.317634969,54.7488584474886,Significant_Damage_And_Fatalities,9,0.29231229715109996,3
9442,7,0.0014597965734335198,76.49,54.32999088422971,16,15261.993257843798,28.8127853881279,Minor_Damage_And_Injuries,11,0.219467003245582,4
1556,4,0.0482410618460628,75.4,72.3792160437557,9,26241.667986228902,41.1872146118721,Highly_Fatal_And_Damaging,5,0.42213559322033894,3
7380,5,0.0245109739631318,77.72,77.1649954421149,11,35974.8217427248,48.082191780821894,Significant_Damage_And_Serious_Injuries,6,0.35578146411828293,3
4969,6,0.00814642160708284,77.95,79.17046490428442,7,32880.837576059,57.899543378995396,Significant_Damage_And_Serious_Injuries,2,0.21333645870898002,0
3415,5,0.0259554503953166,79.56,76.8915223336372,10,39836.8514219967,37.5799086757991,Highly_Fatal_And_Damaging,1,0.28437865128020196,1
3946,6,0.0073470733651801595,82.46,66.4995442114859,19,30719.4991147123,22.1917808219178,Significant_Damage_And_Serious_Injuries,30,0.387876667868734,2
899,1,0.9871838972247109,80.06,55.5150410209663,13,26770.2625354896,29.589041095890398,Significant_Damage_And_Fatalities,7,0.253004688063469,1
1552,6,0.008357925668864,77.65,49.13400182315411,17,34547.3846104706,48.81278538812779,Significant_Damage_And_Serious_Injuries,12,0.431872340425532,2
3381,6,0.00892827044876468,81.27,60.483135824977204,12,33789.5725646773,31.1872146118721,Highly_Fatal_And_Damaging,5,0.267429498737829,1
2412,4,0.0356172029643824,81.1,68.8240656335461,14,19364.545391415602,25.707762557077604,Highly_Fatal_And_Damaging,1,0.246874143526866,2
823,2,0.355624090107977,77.27,67.7757520510483,13,26203.5678117988,62.739726027397296,Significant_Damage_And_Fatalities,7,0.29447601875225393,2
11283,6,0.007654088910414509,78.03,39.8814949863264,10,32785.6459081019,50.9132420091324,Minor_Damage_And_Injuries,1,0.48596538045438104,2
5944,2,0.31714926711129,86.11,72.3792160437557,13,23513.7633170546,62.739726027397296,Significant_Damage_And_Fatalities,26,0.42393869455463395,1
4209,2,0.5542278320310611,88.57,81.67730173199641,9,40898.7067220507,76.39269406392691,Significant_Damage_And_Fatalities,6,0.392204111071042,0
6710,2,0.262284440356596,78.69,45.5332725615314,14,19136.0861004631,25.296803652968002,Significant_Damage_And_Fatalities,17,0.5213061666065629,3
5093,2,0.570660424199921,80.06,74.0200546946217,16,42329.0179287936,42.9680365296804,Minor_Damage_And_Injuries,1,0.250119725928597,1
5317,7,0.00364068615017295,79.18,72.4247948951687,12,38661.0770201153,67.9452054794521,Significant_Damage_And_Fatalities,2,0.323325640100974,3
6293,4,0.0320805077660302,81.01,64.2661804922516,15,17572.9254839105,33.287671232876704,Significant_Damage_And_Serious_Injuries,4,0.414923187883159,3
7073,7,0.00235387561878495,77.47,65.0865998176846,17,27687.993852551,48.8584474885845,Significant_Damage_And_Fatalities,0,0.321883159033537,3
9859,3,0.0999430144336609,77.36,72.47037374658159,6,19708.0688070303,74.6575342465753,Minor_Damage_And_Injuries,1,0.38679480706815705,1
10455,1,0.691594571833008,87.43,86.9644484958979,10,18897.2774645504,38.8127853881278,Highly_Fatal_And_Damaging,4,0.372009376126938,4
4548,1,1.1636590452314899,83.94,74.0200546946217,18,31398.4115377294,24.1552511415525,Significant_Damage_And_Serious_Injuries,6,0.18196249549224697,1
3886,3,0.0335592574899424,79.66,52.0510483135825,9,4866.798542125829,41.5525114155251,Highly_Fatal_And_Damaging,6,0.460361341507393,3
7692,2,0.397706337034966,78.95,80.6745670009116,12,29328.145781901298,53.5616438356164,Minor_Damage_And_Injuries,5,0.219467003245582,2
5775,1,1.3892954965549498,80.23,51.50410209662721,15,37933.3990008527,43.287671232876704,Highly_Fatal_And_Damaging,2,0.462885683375405,1
10499,5,0.0130942787802652,78.7,66.9097538742024,17,19648.877392968898,27.397260273972602,Significant_Damage_And_Serious_Injuries,4,0.22343382618103103,1
10342,6,0.0091876148524485,87.47,50.6381039197812,6,33892.7702492079,52.3744292237443,Significant_Damage_And_Fatalities,12,0.47911359538406,1
2275,4,0.032193074705009,79.94,74.06563354603459,16,17117.8257190775,17.3972602739726,Highly_Fatal_And_Damaging,15,0.199993508835196,2
1989,2,0.45649452276039204,79.58,52.415679124886104,14,33591.98082476,36.0730593607306,Minor_Damage_And_Injuries,4,0.3352261089073211,2
1631,6,0.00675229101780232,85.42,60.300820419325504,11,27486.6947438252,45.205479452054796,Significant_Damage_And_Serious_Injuries,2,0.38030364226469504,2
7203,5,0.0183562908562267,81.86,67.6390154968095,16,27190.7936061396,41.0502283105023,Minor_Damage_And_Injuries,44,0.34315975477821803,3
9892,2,0.588559894511099,78.29,60.07292616226071,8,43412.8879047271,67.3059360730594,Minor_Damage_And_Injuries,10,0.377418680129823,1
1346,3,0.211400803614941,77.55,49.9544211485871,8,42628.3886404936,57.0319634703196,Minor_Damage_And_Injuries,13,0.696567616300036,2
12419,6,0.00832357668308559,82.54,68.5050136736554,16,34589.1544020152,29.3150684931507,Significant_Damage_And_Serious_Injuries,18,0.38823728813559294,1
12005,5,0.024785917294132,78.83,52.7803099361896,16,37726.6341340949,50.0456621004566,Significant_Damage_And_Fatalities,0,0.322604399567255,3
11154,4,0.0650374206705968,80.31,66.22607110300821,10,35769.9337769873,38.9041095890411,Highly_Fatal_And_Damaging,2,0.5479920663541289,1
409,4,0.0775419698101819,78.11,66.8641750227894,8,41982.5624801639,68.2648401826484,Minor_Damage_And_Injuries,4,0.267790119004688,2
11265,3,0.156222076352634,80.05,85.278030993619,10,31326.111460109103,62.4657534246575,Minor_Damage_And_Injuries,6,0.306737107825459,3
11361,6,0.00772489540024573,77.2,71.55879671832271,15,31439.468475677797,45.0228310502283,Minor_Damage_And_Injuries,6,0.333423007573026,3
12388,1,1.0902659809403001,78.83,61.2579762989973,18,29636.502041771,22.2831050228311,Significant_Damage_And_Serious_Injuries,4,0.52960043274432,2
4912,5,0.026629536451197002,77.78,76.7547857793984,17,39561.1947997994,48.6301369863014,Significant_Damage_And_Fatalities,13,0.40590768121168397,3
6770,7,0.0021044502931397897,79.22,45.3965360072927,8,24664.528930302797,68.675799086758,Significant_Damage_And_Serious_Injuries,2,0.38210674359899,2
9596,4,0.0373909164244532,82.26,73.6554238833182,7,20795.1241990163,49.0867579908676,Highly_Fatal_And_Damaging,2,0.38607356653443897,2
7095,2,0.541604994410513,82.19,80.99361896080221,13,39903.4967278214,41.643835616438295,Significant_Damage_And_Serious_Injuries,2,0.35361774251712896,5
5733,4,0.0817928467836764,77.29,70.1458523245214,17,44762.5045506306,13.789954337899498,Highly_Fatal_And_Damaging,12,0.19891164803461897,0
1246,2,0.39921783951487,79.29,61.5314494074749,11,29386.7443525158,57.7625570776256,Minor_Damage_And_Injuries,1,0.406268301478543,1
4788,6,0.00855215642370388,81.83,67.8213309024613,12,36027.6632015151,31.2328767123288,Highly_Fatal_And_Damaging,12,0.158882798413271,3
424,6,0.0033533591121719998,79.33,55.9708295350957,11,16378.756366728201,55.8447488584475,Highly_Fatal_And_Damaging,0,0.49137468445726595,2
5476,3,0.19146809982118598,85.42,62.0328167730173,12,38140.7981125223,43.607305936073,Significant_Damage_And_Serious_Injuries,2,0.37597619906238705,2
10603,4,0.0159463499630472,79.79,76.207839562443,6,9125.609625630279,52.100456621004604,Highly_Fatal_And_Damaging,5,0.283296790479625,3
8307,7,0.00391332884816276,78.44,80.6289881494986,7,44244.903458707005,82.23744292237441,Significant_Damage_And_Fatalities,11,0.272838802740714,1
478,1,0.41453735177692497,77.13,65.1321786690975,16,8335.48049352774,42.5114155251142,Minor_Damage_And_Injuries,3,0.389679769203029,4
8043,6,0.00697934720789927,86.31,67.4567000911577,11,26852.6964035447,47.1232876712329,Significant_Damage_And_Serious_Injuries,2,0.37489433826181,2
11484,6,0.00718264021283833,83.92,57.8851412944394,15,28930.360746821898,34.1095890410959,Significant_Damage_And_Serious_Injuries,9,0.448100252434187,2
7155,4,0.0246675180249184,79.17,73.2907930720146,17,13953.656602481498,15.296803652967998,Highly_Fatal_And_Damaging,9,0.199993508835196,3
8674,4,0.0865963416873615,79.21,69.5077484047402,12,47572.0590615232,32.9223744292237,Highly_Fatal_And_Damaging,1,0.311425171294627,4
11268,7,0.0015518393837790699,79.66,80.6289881494986,18,20106.7303917632,46.712328767123296,Significant_Damage_And_Fatalities,2,0.38174612333213104,4
8942,3,0.138310049630407,82.23,72.5159525979946,12,27584.056491732,44.566210045662096,Significant_Damage_And_Serious_Injuries,3,0.42213559322033894,4
9017,7,0.00142941827528228,79.92,48.1312670920693,6,5142.286073104389,63.8356164383562,Significant_Damage_And_Serious_Injuries,6,0.640310854670032,1
5293,6,0.00929279544814513,79.65,65.6335460346399,12,38140.7981125223,44.7488584474886,Significant_Damage_And_Serious_Injuries,5,0.41925063108546706,3
11763,3,0.0892549623370623,86.43,72.5615314494075,15,17869.2712881728,22.2831050228311,Highly_Fatal_And_Damaging,6,0.46721312657771297,3