Accident_ID,Accident_Type_Code,Adverse_Weather_Metric,Cabin_Temperature,Control_Metric,Days_Since_Inspection,Max_Elevation,Safety_Score,Severity,Total_Safety_Complaints,Turbulence_In_gforces,Violations
1729,3,0.155473833405764,78.77,60.7110300820419,15,31716.2273185735,44.885844748858396,Minor_Damage_And_Injuries,3,0.318276956364948,4
3843,6,0.00953277275768865,79.52,72.8805834092981,15,37949.724386183996,22.648401826483997,Highly_Fatal_And_Damaging,8,0.351814641182834,3
6972,5,0.0137472799987364,76.87,47.538742023701,14,20597.3890625274,24.9315068493151,Significant_Damage_And_Fatalities,11,0.511930039668229,3
10294,3,0.168147873107599,84.41,56.0619872379216,6,33773.403138581496,62.511415525114096,Significant_Damage_And_Serious_Injuries,5,0.45639451857194396,1
10569,3,0.128263029713891,80.19,58.7511394712853,19,25762.3181919827,19.4063926940639,Significant_Damage_And_Serious_Injuries,0,0.6096581319870179,2
12043,6,0.00937101263382326,76.94,56.1531449407475,13,42176.9222862854,39.4520547945205,Minor_Damage_And_Injuries,0,0.34532347637937205,2
2999,3,0.23171037057696697,76.49,57.611668185961705,14,46674.0869460328,37.7168949771689,Significant_Damage_And_Serious_Injuries,5,0.234973674720519,2
988,5,0.0264132120248846,77.44,57.5660893345488,11,38971.584973980294,56.62100456620999,Highly_Fatal_And_Damaging,44,0.784558961413632,3
3432,4,0.03945540426315701,80.42,63.719234275296294,14,21762.5037953773,24.383561643835602,Highly_Fatal_And_Damaging,0,0.401940858276235,2
7165,5,0.0128336115601887,81.58,74.52142206016408,13,19984.5446103508,41.7351598173516,Significant_Damage_And_Serious_Injuries,2,0.205402812838081,2
11697,2,0.494990146588943,81.8,63.90154968094811,17,36109.012871701096,36.4383561643836,Minor_Damage_And_Injuries,3,0.5519588892895779,1
8695,3,0.128131027077609,76.75,79.6718322698268,19,25735.8047537328,20.8675799086758,Significant_Damage_And_Serious_Injuries,3,0.350372160115398,2
2986,7,0.0040045627353063,81.45,61.212397447584294,10,42642.8090049298,48.675799086758005,Significant_Damage_And_Serious_Injuries,7,0.448100252434187,3
1233,4,0.0688847896387925,84.11,66.1349134001823,9,37123.4671202188,43.1963470319635,Highly_Fatal_And_Damaging,4,0.298803461954562,4
11222,3,0.22045292667086702,77.8,73.1996353691887,15,44362.5365040698,32.9223744292237,Significant_Damage_And_Serious_Injuries,20,0.317916336098088,1
7377,4,0.0601777442176999,78.11,70.1914311759344,16,32890.0789181408,18.7671232876712,Highly_Fatal_And_Damaging,2,0.27969058781103495,3
1999,4,0.044082859659204,80.44,70.5560619872379,14,23734.7513059841,59.5433789954338,Significant_Damage_And_Fatalities,18,0.205042192571222,1
7652,2,0.37509995586350897,81.06,55.5150410209663,14,27702.6663148683,24.1552511415525,Significant_Damage_And_Fatalities,3,0.334865488640461,3
991,1,0.8295910704549229,78.5,51.4129443938013,8,22550.623318695,45.0228310502283,Significant_Damage_And_Fatalities,16,0.539697800216372,3
2288,2,0.6005853921204489,80.23,53.463992707383795,13,44340.4415424806,41.0958904109589,Minor_Damage_And_Injuries,21,0.477671114316625,3
9262,2,0.31650070890047605,80.77,77.1649954421149,13,23442.862111339,50.5936073059361,Minor_Damage_And_Injuries,15,0.240743598990263,1
5632,6,0.00847058438588612,78.2,69.4165907019143,13,34207.9443786107,39.8173515981735,Significant_Damage_And_Serious_Injuries,30,0.249759105661738,1
9082,7,0.0014597965734335198,82.71,66.3172288058341,16,13790.8744728662,19.1780821917808,Highly_Fatal_And_Damaging,3,0.47803173458348297,4
4269,7,0.00256331075226836,79.79,61.166818596171396,15,31317.092105583703,34.0639269406393,Significant_Damage_And_Serious_Injuries,18,0.44196970789758294,1
3847,6,0.00969258912485583,79.49,43.664539653600706,16,40296.8160759999,53.5616438356164,Significant_Damage_And_Serious_Injuries,0,0.400858997475658,2
6858,6,0.00814549614910403,81.1,74.88605287146758,11,33067.6244116376,45.890410958904106,Significant_Damage_And_Serious_Injuries,4,0.24110421925712197,0
5355,3,0.134002354033588,79.46,66.8641750227894,12,26705.9269085582,43.3333333333333,Significant_Damage_And_Serious_Injuries,3,0.272117562206996,3
8038,3,0.24302314948744602,79.51,87.0556061987238,8,48905.45793541481,44.0639269406393,Highly_Fatal_And_Damaging,3,0.264183916336098,1
6335,2,0.405852963176552,79.63,73.33637192342749,11,30068.578732487596,58.4931506849315,Minor_Damage_And_Injuries,2,0.333423007573026,1
4765,5,0.0161706962169263,79.98,86.918869644485,18,24101.1426632183,22.922374429223698,Significant_Damage_And_Serious_Injuries,22,0.27031446087270106,1
10119,4,0.0422037414994791,79.86,69.5533272561531,10,23275.652222331402,39.2694063926941,Highly_Fatal_And_Damaging,0,0.22740064911648,1
3582,1,1.21789625360354,80.15,80.4466727438469,19,33143.9853063049,6.575342465753419,Highly_Fatal_And_Damaging,7,0.37850054093040003,2
1425,2,0.42112624342669897,85.26,54.649042844120295,12,31122.645847557702,42.8310502283105,Minor_Damage_And_Injuries,3,0.45603389830508395,1
4549,6,0.00801685796989028,76.53,55.6061987237922,12,32879.763637696,44.4292237442922,Minor_Damage_And_Injuries,14,0.440887847097007,1
7863,7,0.0037065223236000203,88.39,49.2251595259799,9,38476.5659567678,76.39269406392691,Significant_Damage_And_Serious_Injuries,1,0.541140281283808,4
12255,1,1.23638968430796,78.18,80.4466727438469,12,33385.1482642618,31.1872146118721,Highly_Fatal_And_Damaging,0,0.19638730616660602,3
3844,7,0.00277618537959387,78.74,68.3682771194166,12,28891.498017638598,66.986301369863,Significant_Damage_And_Fatalities,5,0.39797403534078596,2
3834,3,0.217592818863117,77.74,41.6134913400182,14,43627.7949755618,36.62100456621,Minor_Damage_And_Injuries,2,0.558089433826181,3
295,1,1.50398754286448,81.46,66.4539653600729,12,40566.1030877106,41.8721461187215,Significant_Damage_And_Serious_Injuries,4,0.333423007573026,2
10965,2,0.5861452517990551,78.05,65.95259799453049,15,43264.264649879304,43.3333333333333,Minor_Damage_And_Injuries,10,0.300967183555716,4
1192,4,0.0659924427036663,87.0,54.922515952598,13,36093.8087038102,29.589041095890398,Significant_Damage_And_Fatalities,15,0.458197619906239,2
1316,6,0.007545438471834629,76.19,38.9699179580674,14,29759.581673533597,59.4520547945205,Significant_Damage_And_Serious_Injuries,8,0.654375045077533,2
5532,7,0.00243727393194409,83.72,53.96536007292621,8,24641.464154880297,82.2831050228311,Significant_Damage_And_Serious_Injuries,20,0.34171727371078203,3
11574,3,0.17562474822040197,79.86,62.7164995442115,15,35460.2652816768,34.2922374429224,Significant_Damage_And_Serious_Injuries,19,0.3629938694554629,1
260,3,0.19764896103220803,80.85,89.24339106654509,13,39455.0809877443,39.6803652968037,Significant_Damage_And_Serious_Injuries,2,0.207566534439235,3
5056,4,0.0575557829885468,83.27,48.9061075660894,8,31318.3160971791,69.9086757990868,Significant_Damage_And_Serious_Injuries,2,0.5241911287414349,1
6994,2,0.5777738764976279,81.37,60.3919781221513,13,42674.1929421019,64.20091324200911,Significant_Damage_And_Fatalities,1,0.262380815001803,2
2092,4,0.0649477413797909,77.83,77.7575205104832,10,35704.4771368743,39.4520547945205,Highly_Fatal_And_Damaging,6,0.329456184637577,2
8659,2,0.462514456126825,79.81,62.625341841385605,19,34076.4536138475,45.890410958904106,Significant_Damage_And_Fatalities,7,0.257332131265777,1
10118,7,0.00278289133570023,85.97,69.5533272561531,10,30951.0633871869,73.15068493150692,Significant_Damage_And_Fatalities,22,0.417808150018031,3
4258,4,0.0884428179454737,82.6,61.850501367365595,21,47893.7179720062,1.4155251141552498,Highly_Fatal_And_Damaging,3,0.30709772809231894,1
9497,2,0.381454817678839,82.66,59.9817684594348,14,28208.2593702175,49.178082191780796,Minor_Damage_And_Injuries,15,0.341356653443924,2
5651,6,0.006512845219099271,81.13,78.07657247037379,8,26501.859027862003,56.2100456621004,Significant_Damage_And_Serious_Injuries,0,0.354699603317706,0
7033,1,1.07538543423334,77.56,50.136736554238794,16,29601.0780584221,16.4840182648402,Significant_Damage_And_Fatalities,15,0.505799495131626,2
1038,7,0.00387399716209289,76.89,80.8568824065634,15,41917.3221674367,58.0365296803653,Significant_Damage_And_Fatalities,2,0.341356653443924,2
9882,6,0.0113451946341208,77.77,65.1321786690975,6,47882.5666610854,75.296803652968,Minor_Damage_And_Injuries,7,0.52599423007573,2
10672,4,0.0672971342373965,78.92,54.4667274384686,20,36844.868269955696,1.14155251141552,Significant_Damage_And_Fatalities,0,0.36948503425892504,2
8556,6,0.00941040617354535,79.53,68.04922515952599,18,38634.4918369471,21.9178082191781,Significant_Damage_And_Serious_Injuries,13,0.34568409664623106,2
7214,4,0.0709905354811421,82.43,66.6818596171377,11,38719.6875106846,70.3196347031963,Significant_Damage_And_Fatalities,1,0.19278110349801603,3
9059,7,0.00158505315023645,81.86,76.253418413856,16,19804.4945726575,41.7351598173516,Minor_Damage_And_Injuries,9,0.387876667868734,1
4854,4,0.0645364140643536,81.83,68.5961713764813,12,35237.7775518202,32.1461187214612,Highly_Fatal_And_Damaging,8,0.24543166245943,2
9487,2,0.352349972573073,80.54,60.3463992707384,15,26035.337137991097,45.296803652967995,Minor_Damage_And_Injuries,1,0.355060223584565,3
4990,2,0.49228732298939104,76.37,45.2597994530538,11,36575.0996156361,58.310502283105,Highly_Fatal_And_Damaging,8,0.7142380093761259,0
7240,6,0.00665876576533865,81.69,64.4029170464904,11,27372.9129741752,46.1643835616438,Significant_Damage_And_Serious_Injuries,4,0.30313090515687,0
96,7,0.00413103537482039,81.01,79.1248860528715,10,46445.709096156905,38.4474885844749,Highly_Fatal_And_Damaging,8,0.301327803822575,3
5463,4,0.0515852646711956,79.17,70.7383773928897,14,28549.7555524629,25.570776255707802,Highly_Fatal_And_Damaging,10,0.302409664623152,2
4882,5,0.0216476009652135,76.69,75.25068368277121,17,32791.8421914493,39.634703196347,Minor_Damage_And_Injuries,8,0.251922827262892,3
5346,5,0.0259721525011381,82.1,69.18869644484961,14,38711.3935671569,46.8493150684931,Minor_Damage_And_Injuries,2,0.330898665705012,1
10847,2,0.49984523309312395,83.11,65.2689152233364,8,36844.4611648139,69.7260273972603,Minor_Damage_And_Injuries,15,0.404104579877389,3
9023,3,0.15173451332276003,76.12,55.9708295350957,19,30380.734554979303,41.689497716895,Significant_Damage_And_Serious_Injuries,4,0.30998269022719105,2
11007,7,0.00360683476794685,83.08,53.96536007292621,8,37378.440261456,80.958904109589,Significant_Damage_And_Serious_Injuries,35,0.34171727371078203,3
5504,2,0.45982132033564704,80.12,76.9826800364631,9,33959.191621617996,63.972602739726,Minor_Damage_And_Injuries,9,0.29988532275513896,3
1876,3,0.04858900398865,82.31,60.1640838650866,18,3855.7438170101,35.2511415525114,Minor_Damage_And_Injuries,1,0.434396682293545,2
6199,4,0.0853685894709885,76.45,62.5341841385597,17,45972.13597876769,13.789954337899498,Highly_Fatal_And_Damaging,4,0.23713739632167302,1
8298,2,0.31726463837149105,87.11,76.8915223336372,15,23513.7633170546,43.9269406392694,Minor_Damage_And_Injuries,3,0.426823656689506,3
2849,3,0.212243576123403,78.9,50.1823154056518,18,42526.7392407677,21.324200913242,Minor_Damage_And_Injuries,3,0.5642199783627839,1
6627,7,0.00353978635402655,78.23,80.1276207839562,16,37908.7765733728,53.47031963470321,Significant_Damage_And_Fatalities,0,0.269953840605842,2
3957,1,0.848784775083053,75.94,49.863263445761206,9,23171.5450883006,40.7305936073059,Significant_Damage_And_Fatalities,13,0.34748719798052696,3
6964,4,0.0389899651600754,83.85,55.6973564266181,15,20973.1227344913,22.7397260273973,Significant_Damage_And_Fatalities,8,0.260938333934367,2
6965,3,0.138524831339105,76.18,83.9106654512306,11,27803.313027135497,57.671232876712295,Minor_Damage_And_Injuries,0,0.224876307248467,1
3036,7,0.0038872058821915103,76.02,49.6353691886965,15,47156.9384261401,55.890410958904106,Significant_Damage_And_Serious_Injuries,21,0.696567616300036,4
10375,7,0.0023749885138663698,78.08,37.283500455788605,10,26531.1770939678,72.46575342465749,Significant_Damage_And_Serious_Injuries,3,0.577923548503426,2
7768,6,0.0033533591121719998,85.92,78.9881494986326,9,15414.099017896298,52.9680365296804,Significant_Damage_And_Serious_Injuries,11,0.33306238730616605,3
2270,2,0.440362864906711,78.96,69.4621695533273,15,32597.019710907203,44.337899543379,Minor_Damage_And_Injuries,11,0.43944536602957107,2
8398,6,0.0108122712134035,78.31,62.07839562443029,15,43459.9317547451,32.0547945205479,Significant_Damage_And_Serious_Injuries,6,0.28726361341507395,2
9444,3,0.122543644144534,82.38,56.8368277119417,19,24371.5142179798,30.0,Highly_Fatal_And_Damaging,2,0.5519588892895779,1
7312,7,0.00355323475577511,81.1,81.8140382862352,9,36962.1315429362,75.2054794520548,Significant_Damage_And_Fatalities,1,0.226679408582762,4
710,7,0.00298099920855631,81.8,65.4056517775752,14,33401.0255544809,36.4383561643836,Significant_Damage_And_Serious_Injuries,26,0.293394157951677,2
5575,6,0.00801685796989028,79.79,56.8824065633546,12,32656.9970926707,41.9634703196347,Minor_Damage_And_Injuries,2,0.47370429138117603,0
5824,7,0.00321479368160568,79.65,51.9143117593437,16,34458.296716550496,16.4840182648402,Significant_Damage_And_Fatalities,0,0.42177497295348,2
10340,5,0.0262599118503814,80.6,63.76481312670921,21,39215.0592883377,15.0228310502283,Significant_Damage_And_Serious_Injuries,3,0.40807140281283794,3
10787,3,0.11037399040250902,80.5,46.2625341841386,13,22169.208595891498,52.4657534246575,Highly_Fatal_And_Damaging,4,0.438724125495853,2
1352,3,0.183405433181803,78.93,75.25068368277121,11,36748.2703672973,45.7534246575342,Significant_Damage_And_Serious_Injuries,2,0.222351965380454,4
10767,1,1.1614450455413798,81.3,75.25068368277121,13,31619.82941596,27.579908675799103,Highly_Fatal_And_Damaging,30,0.532124774612333,1
179,3,0.15070771210342498,83.32,83.3637192342753,14,30445.299144306602,25.662100456620998,Highly_Fatal_And_Damaging,10,0.255529029931482,3
9068,2,0.41379862824029495,82.8,88.0583409298086,9,30619.787367647,42.283105022831,Highly_Fatal_And_Damaging,7,0.251201586729174,1
3874,1,1.27665927889249,80.44,45.8067456700091,11,34595.3633432901,35.2511415525114,Significant_Damage_And_Fatalities,6,0.4567551388388029,2
11828,7,0.0036621820245714603,76.94,80.4010938924339,19,37908.7765733728,41.643835616438295,Significant_Damage_And_Fatalities,5,0.22920375045077498,2
6407,6,0.0064098498207914,80.99,68.3226982680037,12,25205.4411576935,32.4200913242009,Highly_Fatal_And_Damaging,5,0.19169924269743902,2
6605,4,0.0452453456509353,80.92,77.30173199635371,16,25245.6347673321,18.538812785388103,Highly_Fatal_And_Damaging,6,0.243989181391994,3
7635,2,0.25328347095111703,77.25,74.1567912488605,13,19525.85738177,38.7214611872146,Significant_Damage_And_Serious_Injuries,4,0.388958528669311,2
5017,6,0.00850211736171401,79.42,69.5533272561531,12,33346.971706889904,43.972602739726,Significant_Damage_And_Serious_Injuries,10,0.369124413992066,1
3602,6,0.0128950518817826,77.25,66.1349134001823,11,53751.55781739941,69.8173515981735,Significant_Damage_And_Fatalities,7,0.298803461954562,4
5655,2,0.352422365698257,77.91,41.4311759343665,17,26064.931893815497,36.2100456621005,Highly_Fatal_And_Damaging,11,0.580447890371439,2
2775,4,0.0261055313866679,75.58,71.05742935278029,8,14453.967974121699,69.7260273972603,Minor_Damage_And_Injuries,2,0.272838802740714,1
3066,1,0.905640293986369,86.58,62.1239744758432,15,24312.5763266109,20.4566210045662,Highly_Fatal_And_Damaging,19,0.461803822574828,4
11294,1,1.32920921097437,78.63,51.9143117593437,17,35966.247022064905,25.9817351598173,Minor_Damage_And_Injuries,1,0.5241911287414349,2
3882,2,0.0595076217413258,78.02,79.3072014585233,13,9065.40417066948,51.8264840182648,Minor_Damage_And_Injuries,12,0.324768121168409,1
8367,4,0.0694785537644393,78.9,29.8997265268915,19,37920.6754100736,8.53881278538813,Significant_Damage_And_Fatalities,6,0.8566830147854309,2
6119,2,0.162877092965986,83.64,70.82953509571558,17,12444.521332321001,26.1187214611872,Significant_Damage_And_Serious_Injuries,6,0.438724125495853,0
5174,3,0.109620844544563,83.27,62.2607110300821,13,22169.208595891498,28.675799086757998,Highly_Fatal_And_Damaging,2,0.396892174540209,2
5190,5,0.0215533582053583,81.2,57.520510483135794,10,32937.2182500384,72.46575342465749,Significant_Damage_And_Fatalities,12,0.47839235485034204,2
9968,1,1.54445216241479,79.21,54.32999088422971,19,42018.929105692405,31.735159817351605,Minor_Damage_And_Injuries,4,0.192059862964299,2
10301,1,1.1837210399650402,82.54,68.5961713764813,12,32279.3814069112,31.9634703196347,Highly_Fatal_And_Damaging,16,0.36443635052289897,1
34,7,0.004257460993032329,74.82,54.4211485870556,14,45857.9659867691,59.4520547945205,Significant_Damage_And_Serious_Injuries,3,0.392564731337901,0
1771,7,0.00401669100153598,79.79,45.897903372834996,8,41252.482521394304,82.6940639269406,Significant_Damage_And_Serious_Injuries,35,0.804753696357736,3
8296,6,0.00745327975699493,77.58,73.792160437557,18,28461.569582652202,13.652968036529698,Highly_Fatal_And_Damaging,1,0.217303281644428,2
10615,1,1.1874920793334398,78.56,77.848678213309,15,32538.6591268151,44.337899543379,Minor_Damage_And_Injuries,14,0.262380815001803,3
5369,2,0.39580907580393204,79.81,70.82953509571558,17,29150.1821953109,51.598173515981706,Significant_Damage_And_Fatalities,2,0.337750450775333,3
6365,7,0.00290087927234828,80.19,50.6836827711942,16,31988.1959886504,29.406392694063896,Significant_Damage_And_Serious_Injuries,10,0.6284103858636851,3
9022,2,0.36446300953970096,82.04,70.37374658158609,8,27060.5178737769,67.3059360730594,Minor_Damage_And_Injuries,7,0.330898665705012,2
5692,5,0.0245109739631318,82.45,71.05742935278029,11,36210.3571992062,35.342465753424705,Highly_Fatal_And_Damaging,34,0.249759105661738,1
4817,4,0.0763710398578118,79.31,57.7028258887876,10,41703.4532879954,38.8584474885845,Highly_Fatal_And_Damaging,0,0.28870609448251,2
11921,3,0.17481000662574803,76.46,68.7784867821331,21,35012.6011594488,12.648401826484001,Significant_Damage_And_Serious_Injuries,2,0.189535521096285,0
1620,4,0.0540361961039766,79.15,65.587967183227,16,28976.8387515777,17.8538812785388,Highly_Fatal_And_Damaging,3,0.239661738189686,3
11182,4,0.0422835255042087,75.5,36.782133090246205,18,23042.462103486,10.6392694063927,Significant_Damage_And_Fatalities,4,0.454952037504507,2
3710,2,0.5536509097875649,83.07,81.5861440291705,11,41146.5175474634,69.26940639269411,Significant_Damage_And_Fatalities,4,0.4340360620266861,0
1616,4,0.0713789477305042,79.85,62.7164995442115,15,38995.8855227598,21.2785388127854,Highly_Fatal_And_Damaging,8,0.39292535160476,2
320,2,0.64817098869959,82.14,67.50227894257071,8,47814.231122871104,46.1187214611872,Highly_Fatal_And_Damaging,3,0.257332131265777,2
1827,4,0.0404193589227867,81.74,39.8814949863264,11,22022.4520363672,45.6164383561644,Minor_Damage_And_Injuries,6,0.584775333573747,3
613,6,0.008176606091522421,77.35,53.783044667274396,13,31432.1242314197,27.579908675799103,Significant_Damage_And_Fatalities,1,0.510848178867652,2
224,4,0.0652770328532724,80.9,57.9762989972653,9,35320.9454536098,42.0547945205479,Highly_Fatal_And_Damaging,5,0.43583916336098,1
8449,7,0.00383708389771657,78.44,74.52142206016408,10,42630.26184936,37.4885844748858,Highly_Fatal_And_Damaging,21,0.37597619906238705,1
12204,7,0.0038358663612205897,83.28,55.6973564266181,14,42842.0382744754,59.315068493150704,Significant_Damage_And_Serious_Injuries,3,0.37020627479264295,4
8977,7,0.00212389414099217,76.89,66.5451230628988,17,24370.2265407342,48.538812785388096,Significant_Damage_And_Fatalities,2,0.426823656689506,2
11408,1,1.5316165351055901,79.57,66.9097538742024,14,41982.5624801639,25.8447488584475,Highly_Fatal_And_Damaging,2,0.304573386224305,3
3152,4,0.0454597222702216,80.83,56.7000911577028,11,24737.3367850912,68.675799086758,Significant_Damage_And_Serious_Injuries,16,0.448460872701046,2
6223,2,0.3592587112154339,80.35,70.2825888787603,15,26545.8277120036,43.1963470319635,Minor_Damage_And_Injuries,9,0.328734944103858,2
7707,6,0.00826809205925719,81.31,64.35733819507749,13,34616.5337280709,41.3698630136986,Significant_Damage_And_Serious_Injuries,10,0.273560043274432,1
5454,3,0.131214852950511,75.78,74.0200546946217,12,26194.6862921461,41.1415525114155,Significant_Damage_And_Serious_Injuries,2,0.250119725928597,2
528,6,0.00811696041887652,79.89,35.824977210574296,12,32744.1706846197,41.9178082191781,Minor_Damage_And_Injuries,1,0.705583122971511,2
11057,3,0.216076014176458,79.21,59.6627164995442,10,43704.6859749562,51.2785388127854,Significant_Damage_And_Serious_Injuries,4,0.5238305084745759,2
3673,4,0.0665145741903083,81.45,48.31358249772101,14,36010.8964759583,24.9315068493151,Significant_Damage_And_Fatalities,8,0.49678398846015104,2
9478,7,0.00469611599491054,77.26,58.7511394712853,14,49860.818872997304,59.8173515981735,Significant_Damage_And_Fatalities,5,0.414923187883159,3
1474,2,0.35682265469168,78.7,67.7757520510483,14,26340.2994819596,61.7808219178082,Significant_Damage_And_Fatalities,7,0.29447601875225393,2
11605,2,0.530620425913024,77.56,71.05742935278029,15,38858.4503003868,45.2511415525114,Minor_Damage_And_Injuries,3,0.243267940858276,0
2306,2,0.31695807411597304,79.53,56.8368277119417,15,23322.7206416509,30.8219178082192,Minor_Damage_And_Injuries,14,0.538976559682654,3
9513,3,0.094498941880859,76.19,69.0975387420237,15,18915.509024870702,22.2831050228311,Highly_Fatal_And_Damaging,4,0.46829498737829,4
11512,2,0.5568575606486209,86.42,55.9708295350957,11,41094.8386139529,56.5753424657534,Highly_Fatal_And_Damaging,6,0.40518644067796605,3
8185,6,0.00722205940997227,77.0,61.212397447584294,15,30419.630284118197,33.698630136986296,Significant_Damage_And_Serious_Injuries,6,0.28726361341507395,1
9441,2,0.42760965194734,76.23,59.9817684594348,15,31596.317066831,45.9817351598173,Minor_Damage_And_Injuries,0,0.5036357735304721,1
2904,4,0.0839917945185517,80.64,62.5341841385597,15,45769.7818318359,23.424657534246602,Highly_Fatal_And_Damaging,8,0.42538117562207,0
68,1,1.2423691478010501,77.16,60.7110300820419,14,33700.4226788016,48.9954337899543,Minor_Damage_And_Injuries,6,0.409874504147133,2
7494,3,0.147082418871215,75.7,58.8422971741112,8,29428.5998046567,56.2100456621004,Significant_Damage_And_Serious_Injuries,1,0.41816877028489,2
7523,3,0.0364960775864074,83.41,58.933454876937105,7,7330.43313913308,82.23744292237441,Significant_Damage_And_Fatalities,5,0.37092751532636103,3
6690,1,1.07538543423334,80.26,62.2607110300821,19,29232.006844660296,31.552511415525103,Minor_Damage_And_Injuries,7,0.37994302199783603,2
8660,7,0.00269354190281644,86.97,71.19416590701921,12,31484.436643812598,65.4337899543379,Significant_Damage_And_Fatalities,4,0.29231229715109996,2
4513,1,0.859539949194424,76.93,74.3391066545123,17,23350.8910565508,39.634703196347,Minor_Damage_And_Injuries,2,0.328734944103858,2
10834,5,0.0172239467347377,80.79,49.9544211485871,7,26088.9529282936,60.5479452054795,Minor_Damage_And_Injuries,20,0.4336754417598271,3
8316,3,0.19592505731661897,79.14,73.60984503190521,15,38973.1647547029,31.735159817351605,Significant_Damage_And_Serious_Injuries,1,0.388958528669311,2
7806,3,0.0364960775864074,84.96,40.4740200546946,6,8373.44012654902,63.3333333333333,Minor_Damage_And_Injuries,3,0.52960043274432,2
3894,1,1.00860793316672,76.96,67.8213309024613,19,26992.7869170996,32.8767123287671,Minor_Damage_And_Injuries,0,0.309261449693473,1
6488,1,1.3753055765073898,88.62,57.611668185961705,12,37496.2410972152,42.328767123287705,Significant_Damage_And_Serious_Injuries,2,0.333423007573026,3
11000,2,0.519355070097568,83.56,69.37101185050139,11,38384.4318243461,59.0867579908676,Minor_Damage_And_Injuries,1,0.34388099531193606,0
12327,1,1.67536847267879,78.93,70.1914311759344,13,46503.709132724805,40.86757990867579,Significant_Damage_And_Serious_Injuries,0,0.547270825820411,4
9063,2,0.433461888131798,77.99,76.5724703737466,11,31870.4161540756,56.9406392694064,Minor_Damage_And_Injuries,10,0.24543166245943,3
2029,3,0.0908168756629649,86.59,41.6134913400182,13,18083.0495385202,51.7351598173516,Highly_Fatal_And_Damaging,15,0.4856047601875229,5
4909,6,0.00743860219406398,79.45,81.8140382862352,15,29720.293822257,45.0684931506849,Minor_Damage_And_Injuries,3,0.338471691309052,1
5762,3,0.17874729903316897,84.0,80.8568824065634,14,35986.6918258484,36.4383561643836,Significant_Damage_And_Serious_Injuries,13,0.322965019834114,2
9529,7,0.00250016144798474,78.9,44.3938012762078,14,27755.473500689,48.2648401826484,Highly_Fatal_And_Damaging,5,0.729023440317345,2
7884,1,1.10323463410754,78.24,76.9371011850502,16,30017.310608521402,19.9086757990868,Highly_Fatal_And_Damaging,10,0.28870609448251,1
4865,7,0.00307549916899895,79.51,50.091157702825896,18,34371.8627634336,45.890410958904106,Significant_Damage_And_Serious_Injuries,13,0.7524637576631801,2
2140,2,0.52135290526144,75.49,54.056517775752106,9,38600.7994052763,64.6575342465753,Highly_Fatal_And_Damaging,12,0.38102488279841296,3
11925,4,0.07446729123838901,78.91,42.8441203281678,14,40296.8160759999,25.8904109589041,Significant_Damage_And_Fatalities,1,0.409874504147133,1
4081,1,0.7887980227176491,78.18,60.027347310847794,17,21489.4750236165,37.3059360730594,Minor_Damage_And_Injuries,11,0.40771078254597903,1
11693,5,0.0154972430753475,76.95,64.6308113035552,15,24084.887315452,46.5753424657534,Minor_Damage_And_Injuries,0,0.5029145329967539,1
11391,6,0.00265777562407155,79.88,69.2342752962625,12,8652.45594797107,30.9132420091324,Highly_Fatal_And_Damaging,16,0.474425531914894,3
9810,5,0.0221734338649497,76.78,56.1531449407475,15,31533.396152706202,20.2283105022831,Significant_Damage_And_Fatalities,1,0.409153263613415,3
7188,2,0.409147604414216,79.54,62.625341841385605,19,30419.630284118197,31.9634703196347,Minor_Damage_And_Injuries,6,0.30781896862603697,4
11833,5,0.0172239467347377,79.17,60.1640838650866,17,24854.1018365485,15.4337899543379,Highly_Fatal_And_Damaging,9,0.267429498737829,3
2754,2,0.217473855355897,78.78,70.60164083865091,13,15487.6701714345,50.86757990867579,Minor_Damage_And_Injuries,0,0.29411539848539503,2
3778,4,0.0391679024826592,77.73,95.077484047402,13,21554.55213466,41.1415525114155,Significant_Damage_And_Serious_Injuries,2,0.314310133429499,2
7382,1,1.4126370085277,78.7,64.8131267092069,13,38266.75565052,29.406392694063896,Highly_Fatal_And_Damaging,5,0.38823728813559294,1
3906,6,0.00611916350952947,84.96,78.7602552415679,12,23833.6734110382,55.2511415525114,Minor_Damage_And_Injuries,2,0.313228272628922,2
3973,4,0.0447047839318407,76.35,54.0109389243391,21,24455.0851973201,17.5799086757991,Significant_Damage_And_Fatalities,2,0.620837360259647,2
11869,6,0.0083982544312787,76.13,58.933454876937105,9,37002.5192831597,52.4657534246575,Significant_Damage_And_Serious_Injuries,5,0.417086909484313,4
4561,4,0.0598313484459099,82.26,72.97174111212401,7,33053.916313277005,49.726027397260296,Highly_Fatal_And_Damaging,0,0.39148287053732395,2
10591,5,0.0199701051798232,81.73,79.2160437556974,15,31078.8333618556,43.9269406392694,Minor_Damage_And_Injuries,0,0.22343382618103103,4
2906,2,0.566805568689148,83.39,53.3728350045579,13,41874.6636548015,52.2374429223744,Highly_Fatal_And_Damaging,7,0.6341803101334289,1