Accident_ID,Accident_Type_Code,Adverse_Weather_Metric,Cabin_Temperature,Control_Metric,Days_Since_Inspection,Max_Elevation,Safety_Score,Severity,Total_Safety_Complaints,Turbulence_In_gforces,Violations
8959,6,0.00744283870963345,82.99,56.9279854147676,14,28454.4613989612,37.3059360730594,Minor_Damage_And_Injuries,3,0.5692686620988101,2
11209,1,1.6683432072720101,79.75,49.0884229717411,15,45027.3857299155,20.365296803653,Significant_Damage_And_Fatalities,2,0.590545257843491,3
12040,2,0.5510408050069999,75.94,74.3391066545123,6,40744.7030223456,76.6666666666667,Minor_Damage_And_Injuries,12,0.330898665705012,3
10629,1,1.4286956794006398,76.51,55.6973564266181,15,38752.9477457052,20.2283105022831,Significant_Damage_And_Fatalities,3,0.4185293905517489,0
2758,4,0.0806562395147276,81.72,67.0920692798541,13,43635.754690978596,28.9041095890411,Highly_Fatal_And_Damaging,15,0.35109340064911604,3
1630,2,0.408642256373192,81.26,68.7784867821331,19,30479.980245267798,31.552511415525103,Minor_Damage_And_Injuries,3,0.17475009015506698,2
10229,3,0.0898133583444885,78.7,61.3947128532361,14,18673.766897687,38.0365296803653,Significant_Damage_And_Serious_Injuries,8,0.39148287053732395,0
8182,7,0.00343491068101924,74.82,39.8814949863264,14,38880.4007290491,59.4520547945205,Significant_Damage_And_Serious_Injuries,4,0.445215290299315,2
6708,6,0.00538399196490689,81.2,66.7730173199635,13,22792.1740124056,38.767123287671204,Significant_Damage_And_Serious_Injuries,12,0.41564442841687704,1
7784,7,0.00283482891951351,77.98,52.461257976299,6,32053.669842043502,91.2328767123288,Significant_Damage_And_Serious_Injuries,2,0.29231229715109996,0
550,2,0.346527327910913,79.12,59.2069279854148,9,25642.1963410359,40.273972602739704,Highly_Fatal_And_Damaging,3,0.488850342589253,2
6699,2,0.225648056800934,85.1,49.863263445761206,9,17182.4727749403,40.6392694063927,Significant_Damage_And_Fatalities,7,0.434396682293545,1
2675,7,0.0033398864703658602,79.66,59.7538742023701,19,34452.597870784,41.3698630136986,Significant_Damage_And_Fatalities,2,0.46829498737829,4
1685,1,1.04519049130943,81.14,51.1850501367366,18,28064.3546606062,11.780821917808199,Significant_Damage_And_Fatalities,3,0.5642199783627839,1
10775,3,0.14769240129321498,76.8,61.212397447584294,13,29640.209434172404,38.401826484018294,Significant_Damage_And_Serious_Injuries,10,0.438363505228994,3
5334,3,0.26094087948419603,81.02,70.9206927985415,17,52430.4521165204,24.8858447488584,Significant_Damage_And_Serious_Injuries,9,0.37850054093040003,2
3704,5,0.00868877979364907,84.74,73.4275296262534,12,8645.35570372917,54.794520547945204,Minor_Damage_And_Injuries,1,0.463246303642264,1
5076,4,0.0677018072057364,80.07,58.7511394712853,19,36967.4489018541,19.4063926940639,Significant_Damage_And_Serious_Injuries,3,0.6096581319870179,2
10361,5,0.0287891983148949,79.79,74.4302643573382,7,42639.2344368458,60.22831050228311,Significant_Damage_And_Serious_Injuries,6,0.27428128380815,2
8165,6,0.00956279453232168,80.85,89.9726526891523,13,39017.575919213596,41.0502283105023,Significant_Damage_And_Serious_Injuries,1,0.298803461954562,0
10951,2,0.31504198347464696,79.6,74.0200546946217,16,23048.7900757948,42.100456621004604,Minor_Damage_And_Injuries,0,0.250119725928597,3
196,2,0.6773000189219929,78.5,60.665451230628996,14,49813.6738676776,48.9954337899543,Minor_Damage_And_Injuries,9,0.42177497295348,1
12480,1,1.4858576491890099,85.97,69.8723792160438,11,40846.2082979377,60.1826484018265,Minor_Damage_And_Injuries,23,0.417808150018031,1
1705,2,0.371472025862616,78.42,67.4567000911577,14,27650.349575831602,47.71689497716889,Minor_Damage_And_Injuries,1,0.37958240173097707,3
10195,1,1.27415056078853,75.84,85.9617137648131,12,34809.4451899238,30.1369863013699,Highly_Fatal_And_Damaging,20,0.326571222502704,3
1948,6,0.0107524397887336,79.07,78.4867821330902,15,42493.8649575514,33.4246575342466,Significant_Damage_And_Serious_Injuries,0,0.37633681932924606,2
10636,4,0.0387908818557251,78.76,81.3582497721058,13,21267.7043733175,28.4018264840183,Highly_Fatal_And_Damaging,6,0.226679408582762,1
10005,7,0.0016033383209366199,78.29,65.7247037374658,10,20692.5240026338,37.5799086757991,Highly_Fatal_And_Damaging,12,0.305294626758024,2
746,1,1.1584993148904599,79.06,71.42206016408392,11,31436.3335417983,45.1141552511415,Significant_Damage_And_Serious_Injuries,2,0.333423007573026,1
8614,3,0.18515009232539498,78.35,54.4667274384686,16,37007.7751444517,30.0913242009132,Minor_Damage_And_Injuries,9,0.30349152542372904,0
2353,1,0.867035653679287,77.19,77.1194165907019,17,23811.1848692756,26.621004566210004,Significant_Damage_And_Serious_Injuries,3,0.35578146411828293,1
8112,6,0.005389074790336929,83.29,77.8030993618961,12,22659.2573373519,43.1963470319635,Significant_Damage_And_Serious_Injuries,14,0.249759105661738,1
8838,1,1.8829498114848602,79.3,74.4758432087512,15,49358.5325672116,43.972602739726,Minor_Damage_And_Injuries,9,0.23894049765596803,1
4228,4,0.05994597155975,82.41,65.0410209662717,13,33053.916313277005,29.1780821917808,Highly_Fatal_And_Damaging,1,0.34532347637937205,4
9249,3,0.17903915907143,79.19,52.461257976299,6,36219.5213082148,74.703196347032,Highly_Fatal_And_Damaging,0,0.313228272628922,2
884,7,0.00253163963344349,88.48,69.5077484047402,13,23226.2368947895,62.4200913242009,Significant_Damage_And_Fatalities,16,0.36155138838802703,4
7404,3,0.21051362579014202,80.12,64.9954421148587,20,42500.2232326123,4.7945205479452095,Highly_Fatal_And_Damaging,9,0.3900403894698879,1
8290,4,0.0525367024728564,81.14,57.748404740200606,12,29347.2823922561,67.1232876712329,Significant_Damage_And_Fatalities,6,0.37092751532636103,4
10828,5,0.0274588417728177,75.05,75.25068368277121,12,41509.545282458,53.9269406392694,Minor_Damage_And_Injuries,17,0.301327803822575,0
6784,1,1.1693826195219499,77.86,50.86599817684589,12,31787.1152516235,32.557077625570805,Significant_Damage_And_Fatalities,3,0.5627774972953481,2
10782,5,0.0195855691124162,76.2,66.4995442114859,14,30858.543137353397,37.4885844748858,Significant_Damage_And_Serious_Injuries,11,0.430790479624955,1
3388,1,1.21102426293125,81.53,84.91340018231541,13,32904.3163143289,51.5525114155251,Minor_Damage_And_Injuries,2,0.29231229715109996,3
585,3,0.181365645853865,78.86,73.1084776663628,14,36459.196013164,36.4840182648402,Significant_Damage_And_Serious_Injuries,2,0.34027479264334604,2
8703,5,0.0291001545682159,82.13,74.74931631722879,15,45350.7603179123,21.7808219178082,Highly_Fatal_And_Damaging,12,0.533927875946628,1
11447,7,0.00276139135868097,82.71,71.3764813126709,13,28715.683931649102,63.1963470319635,Significant_Damage_And_Fatalities,19,0.335586729174179,2
3134,7,0.00233885574327616,78.96,62.944393801276206,10,27755.473500689,71.7808219178082,Significant_Damage_And_Fatalities,2,0.639589614136314,3
8091,4,0.0342021971190433,79.33,59.2980856882407,10,18784.4086840282,37.5342465753425,Highly_Fatal_And_Damaging,0,0.488850342589253,4
2590,1,1.75661161113112,79.26,62.807657247037405,4,47715.831462732305,70.1369863013699,Highly_Fatal_And_Damaging,14,0.211893977641543,4
9642,6,0.00968269097989471,82.45,89.24339106654509,8,39207.1676150761,56.9406392694064,Significant_Damage_And_Serious_Injuries,1,0.158882798413271,2
2459,7,0.00253163963344349,83.23,60.847766636280795,14,23561.292843337902,59.9543378995434,Significant_Damage_And_Fatalities,33,0.523469888207717,2
2956,4,0.0694785537644393,82.93,80.53783044667279,20,38100.9704663852,5.2054794520547905,Highly_Fatal_And_Damaging,15,0.31719509556437103,1
6442,6,0.010121604078669001,77.97,62.3974475843209,11,40833.4652166856,70.0913242009132,Significant_Damage_And_Fatalities,7,0.336668589974756,5
308,3,0.13476323643287402,82.54,67.7301731996354,16,27170.4051650641,30.8219178082192,Significant_Damage_And_Serious_Injuries,16,0.375615578795528,1
8218,6,0.00340580872302167,81.59,62.807657247037405,9,15156.4469411159,54.3835616438356,Significant_Damage_And_Serious_Injuries,2,0.27969058781103495,2
5541,2,0.499470695720181,77.27,70.2825888787603,16,36883.7899744297,43.3333333333333,Minor_Damage_And_Injuries,21,0.39400721240533704,3
1041,3,0.17078321571126004,77.34,61.485870556062004,14,34371.8627634336,35.7077625570776,Significant_Damage_And_Serious_Injuries,15,0.624804183195095,2
8244,2,0.36085746918424705,82.66,66.6818596171377,19,26493.1345735652,44.20091324200911,Significant_Damage_And_Fatalities,4,0.30745834835917796,2
5585,3,0.17415341436218398,84.03,72.0145852324522,7,34977.6810000549,82.23744292237441,Significant_Damage_And_Fatalities,14,0.32368626036783194,2
4214,4,0.0817928467836764,84.8,55.469462169553296,12,44914.369149254904,32.4200913242009,Significant_Damage_And_Fatalities,14,0.475507392715471,1
7247,2,0.52135290526144,81.18,78.5323609845032,11,38728.4865016046,58.584474885844706,Minor_Damage_And_Injuries,22,0.27103570140641897,2
8414,2,0.27472799847221696,77.65,73.1996353691887,11,20374.9875573108,34.474885844748805,Highly_Fatal_And_Damaging,11,0.37850054093040003,0
9880,5,0.0222599212440119,78.66,65.1321786690975,13,32429.458723446,27.7168949771689,Highly_Fatal_And_Damaging,5,0.549434547421565,2
6279,3,0.194627896518072,82.44,84.91340018231541,15,39017.575919213596,33.972602739726,Significant_Damage_And_Serious_Injuries,0,0.24831662459430198,2
9536,1,1.1104317652149298,79.85,74.7948951686418,8,30270.7936697433,77.4885844748858,Significant_Damage_And_Fatalities,1,0.338471691309052,1
6436,6,0.0065120821981488,80.78,75.2962625341842,17,26632.0129708879,24.657534246575302,Significant_Damage_And_Serious_Injuries,4,0.23894049765596803,2
5368,2,0.569213825805112,77.36,64.1294439380128,11,42036.965273558904,56.5753424657534,Minor_Damage_And_Injuries,13,0.448460872701046,1
10559,2,0.43598352996746204,81.49,64.4940747493163,10,32218.4656381463,60.136986301369895,Minor_Damage_And_Injuries,2,0.317555715831229,1
2333,4,0.04534915917696799,81.89,52.3245214220602,11,25131.3222040264,35.0684931506849,Significant_Damage_And_Fatalities,12,0.40518644067796605,3
5408,5,0.026029374638129998,77.27,71.55879671832271,16,37986.3456451741,41.324200913242,Minor_Damage_And_Injuries,8,0.333423007573026,3
8672,2,0.49984523309312395,75.4,80.4010938924339,18,37038.541445276496,36.027397260274,Minor_Damage_And_Injuries,6,0.293394157951677,4
7133,2,0.47257904082412705,77.94,69.2342752962625,11,34813.8032822669,34.474885844748805,Highly_Fatal_And_Damaging,8,0.331980526505589,1
4933,5,0.0139893150588248,79.06,61.485870556062004,15,20654.0788047055,46.1187214611872,Minor_Damage_And_Injuries,11,0.5703505228993871,2
8027,1,0.771558067118472,80.85,59.9817684594348,15,21079.1691091078,58.1735159817352,Significant_Damage_And_Fatalities,3,0.33883231157591,3
10187,1,0.8438484076650359,78.48,65.95259799453049,13,23123.3779300365,50.4109589041096,Minor_Damage_And_Injuries,6,0.30998269022719105,2
964,7,0.004949684969531611,77.32,65.1321786690975,14,47673.7542926758,59.2694063926941,Significant_Damage_And_Fatalities,1,0.368403173458348,2
2144,5,0.0187014909382164,81.79,51.4129443938013,16,27420.827392811098,39.5890410958904,Highly_Fatal_And_Damaging,8,0.533927875946628,1
11676,4,0.0852658479246149,78.32,79.39835916134909,14,46688.72895675,23.4703196347032,Highly_Fatal_And_Damaging,7,0.366960692390912,4
2232,7,0.0042445268454015,81.45,62.2151321786691,10,42642.8090049298,51.41552511415521,Significant_Damage_And_Serious_Injuries,13,0.402301478543094,2
8899,1,1.19173458023308,76.62,52.5524156791249,13,32193.5466037107,29.452054794520503,Significant_Damage_And_Fatalities,34,0.5429433826181029,2
9573,1,1.4845242861878,84.55,65.1321786690975,16,40822.7854450646,31.278538812785396,Significant_Damage_And_Serious_Injuries,4,0.46649188604399605,1
6509,6,0.0047746180532177605,82.41,62.1695533272562,11,19949.517832695,46.3470319634703,Significant_Damage_And_Serious_Injuries,0,0.32368626036783194,4
6728,1,0.894482923105375,81.8,51.50410209662721,16,24314.5667574427,40.6392694063927,Highly_Fatal_And_Damaging,6,0.556286332491886,0
6617,1,1.44569257769582,81.39,65.8614402917047,11,39396.116621502,36.11872146118721,Highly_Fatal_And_Damaging,15,0.449542733501623,1
12426,4,0.0353204941879463,75.12,56.38103919781221,7,19872.4691787797,71.9178082191781,Highly_Fatal_And_Damaging,0,0.365878831590335,3
5146,7,0.00258767024506275,78.96,64.4029170464904,10,31436.644571636603,72.32876712328759,Significant_Damage_And_Fatalities,2,0.27752686620988104,3
2833,6,0.0130417779497398,78.36,65.1321786690975,12,50885.1307322559,42.283105022831,Significant_Damage_And_Serious_Injuries,4,0.333423007573026,2
9494,6,0.0075255900000854295,75.96,75.38742023701,1,29146.6878538815,58.675799086758005,Significant_Damage_And_Serious_Injuries,2,0.336307969707898,3
3722,2,0.279104058078208,78.61,45.442114858705594,12,20799.925591698302,43.1963470319635,Minor_Damage_And_Injuries,21,0.6756516408222141,2
7305,4,0.0560558043214879,78.16,60.300820419325504,18,30477.319081756603,12.4657534246575,Highly_Fatal_And_Damaging,1,0.28149368914533,2
2109,7,0.00469611599491054,82.01,45.897903372834996,12,49884.0090545166,67.53424657534251,Significant_Damage_And_Serious_Injuries,15,0.411316985214569,2
3851,5,0.0170358910014253,78.78,63.6736554238833,10,26164.096240265,61.324200913241995,Minor_Damage_And_Injuries,1,0.5685474215650921,2
2731,4,0.0299661504225882,77.1,89.42570647219691,16,16355.890560807,18.949771689497698,Highly_Fatal_And_Damaging,7,0.248677244861161,4
8612,6,0.00544196944099981,83.07,66.7730173199635,12,23291.327400039503,43.972602739726,Significant_Damage_And_Serious_Injuries,0,0.24651352326000697,3
3164,1,1.35005026474898,80.23,51.0483135824977,14,36873.0707665609,26.2557077625571,Significant_Damage_And_Fatalities,2,0.48596538045438104,1
6760,7,0.0037500668344686897,77.95,74.2023701002735,17,43755.472224552796,50.0456621004566,Significant_Damage_And_Fatalities,8,0.234973674720519,2
6059,1,1.6458905420451497,76.27,73.5186873290793,12,44739.943520739405,32.1917808219178,Highly_Fatal_And_Damaging,4,0.39472845293905495,2
10682,3,0.149886330606671,80.22,64.6763901549681,12,30035.7155455223,55.7077625570776,Minor_Damage_And_Injuries,6,0.331980526505589,1
9191,1,2.05771410396436,75.88,66.3172288058341,7,59153.8867394971,47.9908675799087,Highly_Fatal_And_Damaging,11,0.426823656689506,2
7256,1,0.9784546265153471,81.23,73.9288969917958,12,26600.528829705097,44.9315068493151,Significant_Damage_And_Serious_Injuries,5,0.41384132708258203,0
3198,5,0.0245406632757047,78.74,68.869644484959,13,36028.4975935607,50.365296803653,Minor_Damage_And_Injuries,5,0.284739271547061,3
6655,6,0.00575729159765092,83.21,65.67912488605289,17,22547.195241547597,26.6666666666667,Significant_Damage_And_Serious_Injuries,2,0.346405337179949,1
1466,5,0.01821736084668,79.53,71.9690063810392,9,27305.7293869438,64.5662100456621,Minor_Damage_And_Injuries,2,0.458558240173098,1
9661,4,0.044555720248319004,80.62,73.0173199635369,21,24487.7919532445,21.735159817351605,Minor_Damage_And_Injuries,4,0.246874143526866,2
652,4,0.0480632914673825,80.27,75.25068368277121,16,26198.215840415898,16.8036529680365,Highly_Fatal_And_Damaging,14,0.199993508835196,2
8135,4,0.0658221949166717,79.49,48.0856882406563,14,36511.614317136096,25.8904109589041,Significant_Damage_And_Fatalities,1,0.38210674359899,2
6142,7,0.00274785303162175,77.44,47.4020054694622,13,28287.9926044483,62.6940639269406,Significant_Damage_And_Serious_Injuries,3,0.438724125495853,2
7275,2,0.21299508650078502,79.62,52.5979945305378,8,15521.185500598602,44.5205479452055,Significant_Damage_And_Fatalities,0,0.417808150018031,2
11457,3,0.10360669508465199,76.87,62.807657247037405,18,20743.3374704144,22.3744292237443,Significant_Damage_And_Serious_Injuries,5,0.400498377208799,2
2523,2,0.5598621197280079,82.45,62.07839562443029,15,41604.6105608803,31.9634703196347,Significant_Damage_And_Serious_Injuries,3,0.45278831590335294,1
9124,6,0.00899035486393975,81.08,59.0701914311759,14,36093.8087038102,34.7488584474886,Significant_Damage_And_Serious_Injuries,11,0.46577064551027797,3
6071,4,0.0288587321163898,78.33,83.54603463992709,8,15690.4942394297,44.0182648401826,Highly_Fatal_And_Damaging,2,0.199632888568337,2
10230,3,0.18488641874688602,78.78,63.172288058340904,17,37047.5511597612,26.1643835616438,Significant_Damage_And_Serious_Injuries,0,0.330898665705012,2
995,2,0.437330248263288,79.62,58.0674567000912,11,32215.0676113939,57.1232876712329,Minor_Damage_And_Injuries,17,0.377418680129823,4
716,7,0.00243243998136578,80.37,63.719234275296294,13,27170.4051650641,30.1826484018265,Highly_Fatal_And_Damaging,11,0.38318860439956703,2
243,7,0.00260207911663162,79.07,51.276207839562396,13,31314.1763085099,63.8356164383562,Significant_Damage_And_Serious_Injuries,4,0.538976559682654,1
7278,4,0.0478333679622759,80.85,72.0145852324522,9,26023.207256331498,41.415525114155294,Highly_Fatal_And_Damaging,2,0.431151099891814,1
9790,5,0.0199263679642517,82.43,68.8240656335461,12,30043.7911297499,57.44292237442921,Minor_Damage_And_Injuries,0,0.19891164803461897,3
5269,2,0.37567404024528006,78.33,47.0829535095716,16,27716.3461658188,40.7762557077626,Highly_Fatal_And_Damaging,8,0.438363505228994,1
2388,6,0.00443320081094456,77.29,64.9954421148587,10,19643.5987363401,48.7214611872146,Significant_Damage_And_Serious_Injuries,4,0.250119725928597,2
5039,4,0.0251115583460465,79.14,67.4567000911577,14,13192.6746411516,57.7625570776256,Significant_Damage_And_Fatalities,3,0.219827623512441,3
10631,6,0.0090676683776277,75.25,88.6508659981769,14,35317.9119389435,36.0730593607306,Significant_Damage_And_Serious_Injuries,16,0.245071042192571,1
5255,4,0.0539003607023165,81.15,66.9097538742024,11,28878.395817138302,47.1232876712329,Significant_Damage_And_Serious_Injuries,7,0.450263974035341,2
3562,3,0.182958864917738,80.5,51.9143117593437,13,36885.6979512017,50.7305936073059,Highly_Fatal_And_Damaging,0,0.44413342949873796,1
4305,2,0.40359393619200296,77.77,80.4010938924339,7,29821.782357109503,72.9680365296803,Minor_Damage_And_Injuries,6,0.33702921024161503,2
11240,2,0.561343946515332,83.94,66.4995442114859,13,41604.6105608803,39.3607305936073,Significant_Damage_And_Serious_Injuries,5,0.46577064551027797,1
7101,1,1.27597904434728,76.02,74.74931631722879,12,34544.1444583375,31.1872146118721,Highly_Fatal_And_Damaging,0,0.399055896141363,3
4366,3,0.13209095278572802,76.3,71.6955332725615,14,26538.322262979,37.5799086757991,Significant_Damage_And_Serious_Injuries,6,0.27788748647674,2
1645,7,0.00272892777569951,81.53,86.2351868732908,9,29926.3268578851,64.1552511415525,Minor_Damage_And_Injuries,9,0.306737107825459,2
2157,4,0.0574136583741536,84.4,73.746581586144,11,31592.253491779,36.2557077625571,Highly_Fatal_And_Damaging,1,0.29591849981969,2
7403,3,0.128896401917114,85.07,78.8969917958068,17,25735.8047537328,27.1689497716895,Significant_Damage_And_Serious_Injuries,2,0.39761341507392695,2
6622,2,0.339470394778478,79.85,55.241567912488605,15,25223.047167445297,43.47031963470321,Minor_Damage_And_Injuries,2,0.19494482509917002,2
7340,2,0.254442294313853,82.66,68.8240656335461,11,19364.545391415602,56.8493150684931,Minor_Damage_And_Injuries,1,0.19891164803461897,2
3574,3,0.0999430144336609,83.6,56.2898814949863,10,19850.6813158984,49.5890410958904,Minor_Damage_And_Injuries,35,0.498947710061305,2
10929,1,1.56365104590688,79.09,47.2196900638104,15,42207.8989235388,22.648401826483997,Significant_Damage_And_Fatalities,4,0.582611611972593,2
3466,7,0.0036728152125378296,79.03,71.2397447584321,5,38405.2090260466,53.7899543378995,Highly_Fatal_And_Damaging,5,0.304573386224305,3
8806,6,0.0116440067057929,79.74,37.6481312670921,15,45760.7560852147,46.2100456621004,Highly_Fatal_And_Damaging,7,0.557728813559322,2
8023,4,0.0769603531991185,78.21,85.18687329079309,8,42198.5543060512,44.0639269406393,Highly_Fatal_And_Damaging,2,0.269953840605842,2
3092,2,0.79816489732788,77.78,64.0382862351869,16,57329.6806139297,54.109589041095894,Significant_Damage_And_Fatalities,15,0.339192931842769,2
7151,6,0.00977712175376896,84.15,60.300820419325504,14,39996.5548245716,36.7579908675799,Significant_Damage_And_Serious_Injuries,3,0.243989181391994,3
5789,3,0.17312114797213402,82.69,74.52142206016408,14,34608.2943986072,38.0821917808219,Significant_Damage_And_Serious_Injuries,54,0.334144248106743,2
7901,6,0.00743860219406398,79.88,72.0145852324522,13,29310.955244800698,26.4840182648402,Highly_Fatal_And_Damaging,25,0.205042192571222,2
9623,2,0.653318296764309,78.46,59.9817684594348,15,48111.33802557,42.8310502283105,Minor_Damage_And_Injuries,4,0.37489433826181,1
5884,6,0.0100998662573888,87.27,87.2835004557885,9,40757.3230112037,54.2922374429224,Significant_Damage_And_Serious_Injuries,2,0.316113234763794,3
11608,2,0.494990146588943,81.12,45.8523245214221,11,36575.0996156361,47.71689497716889,Minor_Damage_And_Injuries,13,0.586939055174901,3
5590,3,0.228868428380583,80.34,62.807657247037405,9,46064.8961794662,53.74429223744289,Significant_Damage_And_Serious_Injuries,2,0.27969058781103495,3
5180,5,0.01851592253734,79.28,63.76481312670921,11,27665.299840044903,46.0730593607306,Significant_Damage_And_Serious_Injuries,0,0.366960692390912,1
5281,2,0.596791289287252,80.35,70.0091157702826,15,43568.9520903035,46.25570776255711,Minor_Damage_And_Injuries,18,0.40302271907681203,1
564,5,0.0198462668231589,81.76,73.746581586144,11,29518.3315276388,36.392694063926896,Highly_Fatal_And_Damaging,1,0.300967183555716,1
8387,4,0.0419768073468294,77.63,55.6973564266181,15,22678.6809668713,21.9634703196347,Significant_Damage_And_Fatalities,10,0.580447890371439,3
5314,2,0.43006922234610795,80.62,66.1349134001823,13,31748.2529497146,28.9041095890411,Highly_Fatal_And_Damaging,0,0.438002884962135,1
10709,2,0.23691931326649399,79.25,38.787602552415706,18,18556.7700446195,24.703196347031998,Minor_Damage_And_Injuries,16,0.654375045077533,2
6921,1,1.79913125355139,78.54,48.5870556061987,15,48437.4400756808,21.8721461187215,Significant_Damage_And_Fatalities,9,0.5822509917057329,3
11791,3,0.10271429105141999,81.92,72.0145852324522,12,20630.7168545235,55.9360730593607,Minor_Damage_And_Injuries,7,0.38030364226469504,3
2699,1,1.21223592334104,78.66,76.5268915223336,13,33007.8815916319,27.4885844748858,Highly_Fatal_And_Damaging,0,0.286181752614497,0
2493,3,0.22023816400114898,86.57,67.0464904284412,14,44263.043507370196,48.9954337899543,Minor_Damage_And_Injuries,22,0.192059862964299,3
9240,3,0.253342148267452,80.9,72.926162260711,14,51754.9703998605,36.027397260274,Significant_Damage_And_Serious_Injuries,2,0.406989542012261,2
12320,7,0.00290241121216763,83.07,66.5451230628988,16,30955.530849464503,53.74429223744289,Significant_Damage_And_Fatalities,2,0.317916336098088,4
5323,6,0.0102550034172396,83.82,63.3546034639927,14,38835.975037127,37.3059360730594,Significant_Damage_And_Serious_Injuries,11,0.32080129823296005,2
11070,5,0.0262599118503814,78.8,62.2151321786691,8,39110.395871080094,56.1187214611872,Significant_Damage_And_Serious_Injuries,4,0.278608727010458,3
10937,1,1.2733944456984498,76.35,72.0145852324522,13,34544.1444583375,27.1689497716895,Highly_Fatal_And_Damaging,1,0.3900403894698879,1
2188,5,0.0224080310777914,77.27,67.00091157702829,12,32301.4341762744,64.6575342465753,Significant_Damage_And_Fatalities,16,0.276084385142445,1
7576,7,0.0038509614556449102,78.85,64.4484958979034,13,43425.6129456688,61.7808219178082,Significant_Damage_And_Fatalities,17,0.40807140281283794,2
7076,7,0.00238118653379434,80.26,66.6362807657247,14,23998.3048588661,37.5799086757991,Significant_Damage_And_Serious_Injuries,6,0.316834475297511,2
31,6,0.0047923018675796,81.35,52.82588878760261,18,17731.5542769187,44.885844748858396,Significant_Damage_And_Fatalities,7,0.46757374684457303,1
4903,4,0.0521361149070095,77.3,54.056517775752106,10,28211.076612608198,38.4474885844749,Significant_Damage_And_Fatalities,2,0.59090587811035,2
5742,3,0.124631110425203,79.31,78.4867821330902,17,24946.531467819103,37.808219178082204,Minor_Damage_And_Injuries,7,0.329816804904435,1
5719,1,1.71077585281461,76.23,62.944393801276206,12,44739.943520739405,32.6027397260274,Highly_Fatal_And_Damaging,6,0.44485467003245505,2
2963,4,0.0556599827434588,78.73,85.5515041020967,15,30415.652244997997,20.136986301369898,Highly_Fatal_And_Damaging,0,0.28005120807789396,0
257,6,0.00943613123786257,81.23,78.07657247037379,18,37616.414931202904,23.607305936073104,Significant_Damage_And_Serious_Injuries,7,0.36768193292463,2
4754,3,0.0659238242008835,85.72,74.4302643573382,8,13504.5464512098,56.7579908675799,Significant_Damage_And_Serious_Injuries,3,0.43547854309412204,4
8952,1,1.02511328238221,79.73,65.1321786690975,13,27761.953858369703,27.8995433789954,Highly_Fatal_And_Damaging,3,0.31863757663180603,2
8736,2,0.266623438582304,80.72,61.212397447584294,9,20134.1452289941,64.9315068493151,Minor_Damage_And_Injuries,0,0.46108258204110997,1
7317,5,0.0273062158003251,78.3,68.5961713764813,16,40821.1958847229,29.0867579908676,Significant_Damage_And_Serious_Injuries,2,0.30854020915975394,3
11389,1,0.819092324798317,80.73,80.6745670009116,12,22102.038543134102,31.369863013698602,Highly_Fatal_And_Damaging,2,0.219827623512441,2
5247,2,0.6593871275443051,81.92,65.2689152233364,8,48274.055452493,68.2648401826484,Minor_Damage_And_Injuries,14,0.334865488640461,1
9491,4,0.0533984110646786,78.79,74.2023701002735,12,28856.0567170427,30.3196347031963,Highly_Fatal_And_Damaging,2,0.215500180310133,2
1693,3,0.11991159314067099,76.8,74.2023701002735,20,24272.059107843197,15.753424657534199,Significant_Damage_And_Serious_Injuries,23,0.206484673638658,1
2770,4,0.0373266614318475,82.97,61.0300820419326,15,20584.3239850503,20.3196347031963,Highly_Fatal_And_Damaging,26,0.263823296069239,1
6526,2,0.416258197098539,82.53,93.66453965360078,15,30619.787367647,43.74429223744289,Minor_Damage_And_Injuries,5,0.27788748647674,2
2957,6,0.0109988106068976,83.63,75.93436645396541,13,44552.868826659294,39.178082191780796,Significant_Damage_And_Serious_Injuries,7,0.4340360620266861,1
8139,6,0.00421551230750146,79.12,73.1084776663628,13,19615.290329981002,39.634703196347,Significant_Damage_And_Serious_Injuries,6,0.26815073927154703,2
10150,3,0.128711312514445,85.04,59.2980856882407,16,25813.380543758798,40.2283105022831,Minor_Damage_And_Injuries,3,0.312507032095204,3
5294,7,0.0035626659416683397,79.6,65.1321786690975,9,38526.013932509704,76.39269406392691,Significant_Damage_And_Fatalities,6,0.52599423007573,1
1060,6,0.0127192033069789,79.86,62.853236098450296,14,52220.9138495708,34.429223744292194,Significant_Damage_And_Serious_Injuries,13,0.387876667868734,2
7778,3,0.0983522686654718,77.39,74.74931631722879,15,19618.548566256002,33.4246575342466,Significant_Damage_And_Serious_Injuries,7,0.49750522899386895,3
3047,1,0.5637375037832261,80.76,62.2607110300821,17,15959.0195736998,39.726027397260296,Minor_Damage_And_Injuries,5,0.37994302199783603,1
9907,4,0.0548654683705585,79.67,53.6463081130356,8,29638.263973482797,55.5251141552511,Minor_Damage_And_Injuries,4,0.22271258564731303,2