Accident_ID,Accident_Type_Code,Adverse_Weather_Metric,Cabin_Temperature,Control_Metric,Days_Since_Inspection,Max_Elevation,Safety_Score,Severity,Total_Safety_Complaints,Turbulence_In_gforces,Violations
2430,4,0.0612742959425418,82.3,69.00638103919779,10,33523.702338797404,38.3561643835616,Highly_Fatal_And_Damaging,4,0.310703930760908,2
7439,7,0.00300048526359377,86.3,45.897903372834996,8,34791.9975752394,69.9086757990868,Significant_Damage_And_Serious_Injuries,1,0.63021348719798,2
7846,7,0.00397201952415538,86.43,64.3117593436645,8,42414.403832472795,42.648401826484,Highly_Fatal_And_Damaging,22,0.387876667868734,3
7150,4,0.0678905095124799,78.96,55.788514129443904,13,37014.2169525702,28.264840182648395,Significant_Damage_And_Fatalities,6,0.303852145690588,3
2921,4,0.0774424735192348,80.63,66.5907019143118,20,42476.368666169,29.634703196346997,Minor_Damage_And_Injuries,8,0.42177497295348,3
1328,6,0.0121013358844603,79.36,69.27985414767551,14,52988.5962894181,35.5251141552511,Significant_Damage_And_Serious_Injuries,15,0.43944536602957107,1
7866,7,0.00321479368160568,79.78,51.50410209662721,9,32473.8642120236,77.76255707762559,Significant_Damage_And_Serious_Injuries,6,0.509045077533357,3
8710,3,0.19059343244646,83.39,48.222424794895204,9,38304.3259164758,53.74429223744289,Minor_Damage_And_Injuries,2,0.49389902632527904,1
10955,5,0.0179458235336835,79.14,20.966271649954397,13,27780.3160869946,39.5890410958904,Minor_Damage_And_Injuries,5,0.7777071763433109,4
7414,3,0.21759602913393603,86.1,69.5989061075661,11,43364.8414997352,56.5753424657534,Highly_Fatal_And_Damaging,20,0.30349152542372904,4
4158,3,0.173360461788059,80.77,64.2661804922516,12,34616.5337280709,43.8356164383562,Significant_Damage_And_Serious_Injuries,1,0.273560043274432,2
11341,7,0.00229589745271094,82.6,87.23792160437559,7,27286.2947282904,83.6529680365297,Significant_Damage_And_Fatalities,6,0.168980165885323,2
3258,1,0.51302895528027,75.25,82.3609845031905,16,14582.4606952481,29.406392694063896,Significant_Damage_And_Serious_Injuries,19,0.22848250991705701,4
3781,2,0.6005853921204489,86.42,55.9708295350957,11,44377.591545762596,56.6666666666667,Highly_Fatal_And_Damaging,6,0.409153263613415,2
8048,2,0.362925272467254,80.54,59.89061075660889,19,26641.2465110544,30.8219178082192,Minor_Damage_And_Injuries,6,0.31178579156148495,2
6511,3,0.18069912567921198,78.04,71.6955332725615,12,36285.3627912364,43.7899543378995,Significant_Damage_And_Serious_Injuries,0,0.342077893977641,3
3393,7,0.0034390508796630897,75.97,51.4129443938013,13,37072.399785034,52.6027397260274,Highly_Fatal_And_Damaging,7,0.462885683375405,2
12195,4,0.0799891900853305,81.39,72.0145852324522,13,43619.815305396,27.8538812785388,Highly_Fatal_And_Damaging,1,0.346765957446808,3
4806,3,0.223008337378143,78.97,66.4995442114859,14,44801.732316174806,36.164383561643795,Significant_Damage_And_Serious_Injuries,3,0.339553552109629,2
1386,5,0.0213514007537023,79.6,54.32999088422971,11,31500.179331516803,57.077625570776206,Highly_Fatal_And_Damaging,0,0.427905517490083,1
3935,6,0.0117574692248208,78.99,39.7903372835005,15,45610.728792073,20.5479452054795,Significant_Damage_And_Fatalities,2,0.727941579516768,2
5417,5,0.0245030952312339,84.51,70.1914311759344,11,36969.1983790329,36.2100456621005,Highly_Fatal_And_Damaging,2,0.482359177785791,2
8817,1,1.22964533075899,81.85,72.8805834092981,13,33346.1748713174,64.61187214611871,Significant_Damage_And_Fatalities,17,0.364796970789758,0
1822,1,1.42491830921864,80.82,45.897903372834996,16,38668.1600657735,30.7305936073059,Minor_Damage_And_Injuries,1,0.6038882077172739,1
1174,4,0.0659522021298071,78.76,64.6763901549681,13,35920.1462391505,28.8584474885845,Highly_Fatal_And_Damaging,2,0.238579877389109,4
2883,6,0.0100243730139918,79.2,72.151321786691,16,39280.6384452088,41.8264840182648,Minor_Damage_And_Injuries,6,0.248677244861161,1
9688,2,0.35800695712907704,77.77,42.8441203281678,8,26365.8261288618,68.1278538812785,Highly_Fatal_And_Damaging,14,0.584054093040028,2
2432,1,1.73575874706691,79.88,82.5888787602553,17,47235.0426420563,15.9817351598174,Highly_Fatal_And_Damaging,5,0.279329967544176,4
567,5,0.0184283725792126,78.03,72.8805834092981,7,27190.7936061396,72.1004566210046,Minor_Damage_And_Injuries,44,0.334144248106743,2
5777,1,1.1071332294227298,79.46,47.9033728350046,15,29989.0265842119,33.1050228310502,Minor_Damage_And_Injuries,2,0.42970861882437794,2
4834,6,0.0116993176601363,78.37,75.8432087511395,6,45294.83047061651,74.1095890410959,Minor_Damage_And_Injuries,7,0.272117562206996,2
2191,4,0.0286798817567628,78.08,75.432999088423,12,16337.4324888073,33.1963470319635,Highly_Fatal_And_Damaging,14,0.371648755860079,1
7865,4,0.0777981829794295,77.16,61.485870556062004,19,42476.368666169,31.689497716894998,Minor_Damage_And_Injuries,6,0.42249621348719796,3
6022,2,0.343448656781249,83.72,55.9708295350957,11,25377.6139205903,56.027397260274,Highly_Fatal_And_Damaging,3,0.560253155427335,1
12482,4,0.0536168001945233,78.58,92.1148587055606,15,28994.8333817836,22.7397260273973,Highly_Fatal_And_Damaging,7,0.17943815362423302,2
3751,4,0.0263158471738954,81.56,72.0145852324522,8,15088.7811089102,46.4840182648402,Highly_Fatal_And_Damaging,4,0.37345185719437396,2
10292,3,0.18482685955664802,78.8,63.2634457611668,10,37065.4837499923,48.3561643835616,Significant_Damage_And_Serious_Injuries,5,0.22523692751532604,2
9288,6,0.0105571863156422,77.96,72.7894257064722,18,43015.8202157457,21.9178082191781,Significant_Damage_And_Serious_Injuries,10,0.19710854670032502,1
7946,3,0.16258386348284,78.54,91.0665451230629,13,32547.5858221591,38.584474885844706,Significant_Damage_And_Serious_Injuries,4,0.300606563288856,3
9954,6,0.00748354252390023,83.26,72.151321786691,16,28759.0997547688,30.6849315068493,Significant_Damage_And_Serious_Injuries,1,0.41348070681572296,3
10446,3,0.10271429105141999,83.56,74.88605287146758,11,20406.491789574,47.9908675799087,Significant_Damage_And_Serious_Injuries,2,0.298442841687703,3
8740,3,0.17312114797213402,79.75,56.563354603464,10,34820.3795626492,49.5890410958904,Minor_Damage_And_Injuries,15,0.538615939415795,2
8615,4,0.0623039234639817,78.48,84.1841385597083,11,34068.413317104,35.205479452054796,Highly_Fatal_And_Damaging,5,0.199632888568337,4
2581,2,0.64817098869959,78.17,70.60164083865091,19,47198.4160831705,30.593607305936104,Minor_Damage_And_Injuries,9,0.29555787955283,2
11704,4,0.0707412082678978,77.93,52.5979945305378,10,38800.9673142313,37.2146118721461,Significant_Damage_And_Fatalities,1,0.629852866931121,2
12307,7,0.00371602056313594,88.62,61.212397447584294,10,39929.3697908358,72.5570776255708,Significant_Damage_And_Fatalities,1,0.29700036062026697,3
5068,6,0.00751493305751333,82.45,61.6226071103008,9,28878.395817138302,52.9680365296804,Significant_Damage_And_Serious_Injuries,11,0.45603389830508395,3
362,5,0.0186972981750902,81.53,69.5533272561531,13,28009.003597927098,38.767123287671204,Significant_Damage_And_Serious_Injuries,6,0.37092751532636103,3
5520,7,0.0035461952531976797,77.62,51.68641750227899,12,39722.0683812798,53.7899543378995,Highly_Fatal_And_Damaging,17,0.492456545257843,3
776,5,0.0108072656643546,78.65,54.69462169553329,11,15252.2217803697,32.9223744292237,Significant_Damage_And_Fatalities,7,0.448100252434187,2
1803,3,0.0728513382155746,80.55,77.7119416590702,13,14446.0324722251,29.1780821917808,Highly_Fatal_And_Damaging,4,0.17330760908763,2
3649,5,0.036830045683054,79.22,78.4867821330902,14,52023.4605639422,46.5753424657534,Minor_Damage_And_Injuries,21,0.450263974035341,2
171,4,0.0796140496419091,76.52,41.5223336371923,18,43696.8024313571,12.694063926940599,Significant_Damage_And_Fatalities,12,0.5764810674359899,3
1917,4,0.0728211852936628,78.63,62.07839562443029,15,39744.986735049504,31.9178082191781,Significant_Damage_And_Serious_Injuries,2,0.318276956364948,3
1538,2,0.41211713113219395,79.3,64.4940747493163,16,30269.9710133246,42.0547945205479,Minor_Damage_And_Injuries,0,0.302409664623152,2
5343,3,0.165002363929807,78.64,63.4457611668186,8,33372.8197860987,56.2100456621004,Significant_Damage_And_Serious_Injuries,0,0.48163793725207393,2
8355,3,0.200404041434698,85.1,57.4293527803099,6,40156.8143732675,52.3744292237443,Significant_Damage_And_Serious_Injuries,7,0.46649188604399605,1
6960,1,0.636699054619635,77.83,53.600729261622604,13,17307.2747036961,28.8584474885845,Significant_Damage_And_Fatalities,3,0.49750522899386895,1
11644,2,0.46763122450164796,77.04,66.1349134001823,16,34608.2943986072,40.9132420091324,Minor_Damage_And_Injuries,44,0.46108258204110997,3
6195,2,0.566711946616045,75.14,71.1485870556062,16,41709.0152758443,41.324200913242,Minor_Damage_And_Injuries,5,0.20143598990263198,2
12424,6,0.008357925668864,77.46,71.8778486782133,13,33680.0996768755,41.7351598173516,Significant_Damage_And_Serious_Injuries,11,0.38030364226469504,2
4711,1,0.9785787680736759,85.22,64.9954421148587,20,26418.0517976765,4.7945205479452095,Highly_Fatal_And_Damaging,0,0.256610890732059,2
8339,3,0.189029307357235,81.2,67.9580674567001,11,37860.2182562856,46.894977168949794,Significant_Damage_And_Serious_Injuries,1,0.395810313739632,0
11077,5,0.0252195650776522,78.48,52.415679124886104,15,37082.0044165987,34.8401826484018,Minor_Damage_And_Injuries,6,0.45603389830508395,0
10706,3,0.170549109508286,80.48,57.474931631722896,10,34132.2412197546,39.041095890411,Highly_Fatal_And_Damaging,2,0.385352326000721,2
8435,7,0.00165483628932035,76.04,71.8778486782133,17,19804.4945726575,48.7214611872146,Significant_Damage_And_Fatalities,13,0.43223296069239103,4
4988,4,0.0611836711383713,80.06,62.07839562443029,10,33538.2092577659,51.232876712328796,Significant_Damage_And_Serious_Injuries,3,0.316834475297511,2
12052,7,0.00334276282740212,79.06,40.5195989061076,16,35353.918987519,52.3744292237443,Significant_Damage_And_Serious_Injuries,5,0.6082156509195811,0
7535,4,0.0361205596335011,79.35,54.922515952598,17,19391.696304701898,14.4748858447489,Highly_Fatal_And_Damaging,8,0.47911359538406,2
7693,6,0.0047746180532177605,77.93,48.723792160437604,12,16999.056766249498,55.1141552511415,Highly_Fatal_And_Damaging,2,0.508684457266498,2
3563,7,0.00232829982073789,79.99,82.1786690975388,15,23758.0297826798,56.712328767123296,Significant_Damage_And_Fatalities,12,0.27500252434186795,3
6079,5,0.0213563557462063,78.06,62.7620783956244,16,32114.7155845654,42.9680365296804,Minor_Damage_And_Injuries,1,0.46829498737829,3
11249,4,0.0774424735192348,81.71,54.8313582497721,14,42483.5374360881,24.9315068493151,Significant_Damage_And_Fatalities,3,0.340996033177064,1
7385,4,0.088524033837248,80.72,41.6134913400182,18,48338.7786128591,12.1004566210046,Highly_Fatal_And_Damaging,6,0.556286332491886,2
7361,4,0.0296883507771248,76.89,78.4867821330902,15,15865.8721701261,45.79908675799089,Minor_Damage_And_Injuries,3,0.34315975477821803,2
5054,6,0.0115992727931572,83.96,95.4876937101185,15,45176.8326191203,33.013698630137,Significant_Damage_And_Serious_Injuries,5,0.314310133429499,2
4876,2,0.403546822916697,78.29,64.9042844120328,8,29784.274359472798,70.0456621004566,Minor_Damage_And_Injuries,15,0.46108258204110997,1
12178,4,0.0431418920641042,80.37,54.32999088422971,10,23701.007581183,38.767123287671204,Significant_Damage_And_Fatalities,6,0.192059862964299,0
6794,5,0.0321506743413185,78.62,55.241567912488605,13,47132.95710729981,40.4109589041096,Minor_Damage_And_Injuries,9,0.385352326000721,3
7500,6,0.009234319901736971,78.7,74.06563354603459,10,35390.7352371476,36.986301369863,Highly_Fatal_And_Damaging,5,0.33883231157591,1
10043,2,0.46023493651891606,79.79,90.154968094804,14,33941.903054487004,49.36073059360729,Minor_Damage_And_Injuries,5,0.255168409664623,3
6573,6,0.005557064300178999,81.46,68.8240656335461,11,21703.2159005865,46.6666666666667,Significant_Damage_And_Serious_Injuries,1,0.278248106743599,3
9543,3,0.22023816400114898,83.28,51.5952597994531,9,43786.8471432262,54.246575342465704,Minor_Damage_And_Injuries,0,0.5645805986296429,2
6331,6,0.00611916350952947,75.05,66.3172288058341,18,24613.548891670096,22.3744292237443,Significant_Damage_And_Serious_Injuries,5,0.269953840605842,2
11593,3,0.11620474523904,79.72,63.90154968094811,13,23362.5382988508,26.7123287671233,Highly_Fatal_And_Damaging,22,0.20143598990263198,4
6668,2,0.422623432615956,84.46,73.0173199635369,12,31227.8825232193,54.703196347032005,Minor_Damage_And_Injuries,1,0.32116191849982,4
11649,3,0.18762965910647197,79.12,88.4685505925251,9,37541.6763730355,54.109589041095894,Significant_Damage_And_Serious_Injuries,6,0.26815073927154703,0
1953,2,0.44742024933316,78.03,69.4165907019143,15,32990.9149372376,44.109589041095894,Minor_Damage_And_Injuries,4,0.32368626036783194,3
10623,2,0.37781960523515,79.01,64.9954421148587,14,27752.7367849651,47.0319634703196,Minor_Damage_And_Injuries,17,0.339553552109629,1
632,6,0.00542982922464727,79.78,58.2953509571559,14,22429.8625953409,25.296803652968002,Highly_Fatal_And_Damaging,11,0.317555715831229,3
9237,2,0.79816489732788,75.35,61.3947128532361,9,61815.498289526506,53.5616438356164,Significant_Damage_And_Serious_Injuries,1,0.369124413992066,1
1800,4,0.0188905261278938,81.26,77.7119416590702,11,9720.70649609129,34.2465753424658,Highly_Fatal_And_Damaging,2,0.24579228272628895,2
5932,2,0.5122989647598579,79.65,65.587967183227,19,37787.3407630363,42.0547945205479,Significant_Damage_And_Fatalities,6,0.26815073927154703,1
1508,4,0.046132903592417,79.31,53.327256153145,14,24892.556125965697,23.4703196347032,Significant_Damage_And_Fatalities,3,0.392204111071042,2
11798,7,0.00289124066348457,78.43,55.0592525068368,11,30162.7965041591,70.365296803653,Significant_Damage_And_Fatalities,3,0.253004688063469,3
8348,1,1.41399626399471,78.64,70.4193254329991,16,38369.5421594542,19.041095890411,Highly_Fatal_And_Damaging,10,0.207205914172377,1
3979,2,0.5178792514317611,79.39,52.2333637192343,17,38437.147945947996,37.7625570776256,Highly_Fatal_And_Damaging,17,0.533927875946628,2
4927,2,0.348598243853363,76.32,56.6545123062899,7,25730.220753821603,60.5479452054795,Minor_Damage_And_Injuries,1,0.495702127659574,3
743,3,0.18306517420971,82.19,73.0173199635369,6,36758.499617726804,62.1461187214612,Significant_Damage_And_Serious_Injuries,1,0.35217526144969297,3
9857,3,0.192253394616584,81.04,65.2689152233364,13,38615.126561795696,41.689497716895,Significant_Damage_And_Serious_Injuries,9,0.32116191849982,2
9756,6,0.0150402899314281,78.39,76.6180492251596,14,55982.2927170896,23.4703196347032,Highly_Fatal_And_Damaging,0,0.386434186801298,1
5971,7,0.00371602056313594,78.87,63.2634457611668,14,39722.0683812798,59.5433789954338,Significant_Damage_And_Fatalities,15,0.43259358095925005,4
1314,7,0.00353978635402655,77.62,76.9826800364631,14,40757.0937838523,60.365296803653,Significant_Damage_And_Fatalities,11,0.37850054093040003,2
3771,3,0.113475552580789,83.58,77.6663628076573,8,22637.524668244903,55.0228310502283,Significant_Damage_And_Serious_Injuries,12,0.20432095203750503,1
9096,6,0.00751256671759443,81.8,45.487693710118506,6,29830.851137973197,62.6940639269406,Minor_Damage_And_Injuries,21,0.48632600072124,1
7697,3,0.11991159314067099,79.08,69.91795806745671,11,24001.8530974736,47.1232876712329,Significant_Damage_And_Serious_Injuries,7,0.22848250991705701,2
5659,2,0.573348753730134,77.0,54.8313582497721,9,42365.0610556393,65.8904109589041,Significant_Damage_And_Serious_Injuries,20,0.441248467363866,4
7811,6,0.0056033729569485,82.09,67.4567000911577,15,20633.9199967052,54.7488584474886,Significant_Damage_And_Fatalities,4,0.245071042192571,4
3033,6,0.0105823276581405,83.6,57.474931631722896,16,42607.0710974919,42.100456621004604,Minor_Damage_And_Injuries,7,0.43908474576271206,1
7046,6,0.00916199640162813,86.43,76.8915223336372,17,35111.5284262414,25.251141552511395,Significant_Damage_And_Serious_Injuries,7,0.36768193292463,0
3852,2,0.337996374568915,76.78,76.8915223336372,11,25019.9299511302,58.310502283105,Minor_Damage_And_Injuries,5,0.425020555355211,3
3153,3,0.123159947775821,78.5,73.0628988149499,14,24545.78142223,60.5479452054795,Significant_Damage_And_Fatalities,9,0.260938333934367,2
5966,3,0.19992900626374902,79.8,82.2242479489517,20,40230.3528397513,16.1187214611872,Significant_Damage_And_Serious_Injuries,4,0.434396682293545,3
3859,3,0.22183209130477105,82.82,58.88787602552421,13,43915.3628054386,40.5479452054794,Significant_Damage_And_Serious_Injuries,0,0.4120382257482871,3
7590,4,0.0497908075164823,80.31,64.17502278942571,10,27108.1286016377,39.5433789954338,Highly_Fatal_And_Damaging,1,0.31935881716552506,3
284,5,0.0282665799569333,80.48,57.520510483135794,10,41643.7682906453,40.091324200913206,Highly_Fatal_And_Damaging,1,0.401219617742517,1
4079,2,0.408642256373192,79.09,54.8313582497721,13,30190.765314686498,49.36073059360729,Highly_Fatal_And_Damaging,2,0.28149368914533,1
7516,6,0.009819602798823691,80.33,56.38103919781221,3,37713.772281611,71.689497716895,Minor_Damage_And_Injuries,0,0.27103570140641897,2
12064,4,0.0601777442176999,82.49,61.71376481312671,11,32779.54276883,68.49315068493149,Significant_Damage_And_Fatalities,1,0.37092751532636103,0
2003,1,0.685290136584357,80.85,74.06563354603459,15,18856.4834123892,20.1826484018265,Highly_Fatal_And_Damaging,0,0.42429931482149297,4
2575,4,0.0914192448513544,76.49,55.9708295350957,15,49056.75107570559,20.2283105022831,Significant_Damage_And_Fatalities,1,0.30168842408943397,2
7471,1,1.04600375319121,84.87,32.7256153144941,16,28498.6715449159,52.4200913242009,Significant_Damage_And_Serious_Injuries,5,0.584054093040028,2
6207,3,0.17236187533891498,80.43,60.4375569735643,6,34804.4674968751,63.698630136986296,Significant_Damage_And_Serious_Injuries,6,0.39148287053732395,1
10275,4,0.0670921890387285,79.04,58.20419325433001,5,36898.921153834104,65.79908675799089,Highly_Fatal_And_Damaging,2,0.31214641182834496,0
9686,2,0.6951722586792091,78.42,65.2689152233364,14,51528.239795868096,47.71689497716889,Minor_Damage_And_Injuries,1,0.364796970789758,4
10974,6,0.00675229101780232,83.76,48.222424794895204,13,26841.8519726963,40.4109589041096,Minor_Damage_And_Injuries,0,0.49389902632527904,1
3196,3,0.225104799742964,80.65,53.555150410209706,19,45290.8837505859,20.5936073059361,Minor_Damage_And_Injuries,9,0.7178442120447159,2
10317,1,1.41153842752558,80.9,44.712853236098496,15,38538.5523033851,19.6803652968037,Significant_Damage_And_Fatalities,44,0.7715766318067071,1
5602,6,0.009597840559474559,77.89,72.0145852324522,13,38773.038880987995,41.2785388127854,Significant_Damage_And_Serious_Injuries,17,0.205042192571222,1
10580,6,0.00668708180660719,78.83,78.3956244302644,12,26954.666796330897,42.3744292237443,Significant_Damage_And_Serious_Injuries,4,0.38102488279841296,2
8918,3,0.18958368107891396,79.71,57.7028258887876,11,38078.9002634437,33.515981735159805,Highly_Fatal_And_Damaging,5,0.39400721240533704,1
9464,1,1.62466774612099,76.94,57.748404740200606,12,44502.4966181395,32.9223744292237,Highly_Fatal_And_Damaging,9,0.28221492967904804,2
5198,6,0.0100173907512994,79.09,69.8268003646308,16,39140.6113678675,31.0958904109589,Significant_Damage_And_Serious_Injuries,6,0.329456184637577,1
7342,4,0.0515663632026278,78.44,71.1485870556062,18,28154.280348006803,33.7442922374429,Minor_Damage_And_Injuries,1,0.363715109989181,2
9043,5,0.0273062158003251,79.62,75.432999088423,8,41279.1569541231,43.0593607305936,Highly_Fatal_And_Damaging,12,0.272117562206996,1
5412,1,0.7446476060733109,79.63,68.0948040109389,14,20231.0982565313,49.0867579908676,Minor_Damage_And_Injuries,4,0.29411539848539503,1
11049,6,0.0031625042767745603,83.16,66.2716499544212,20,16252.900892824098,29.1780821917808,Minor_Damage_And_Injuries,3,0.504717634331049,1
8351,1,0.41453735177692497,89.19,75.47857793983592,14,10541.4719849599,24.7945205479452,Highly_Fatal_And_Damaging,14,0.37345185719437396,2
5053,4,0.0375299377479807,79.16,74.61257976299,16,20146.9172518634,19.041095890411,Highly_Fatal_And_Damaging,4,0.222351965380454,2
10216,7,0.00366521510048756,78.46,37.6481312670921,10,37292.129029615804,72.32876712328759,Significant_Damage_And_Fatalities,3,0.600282005048683,1
7834,6,0.00880518950811756,77.87,66.4995442114859,12,36305.7929992729,31.2328767123288,Highly_Fatal_And_Damaging,12,0.463967544175982,2
9144,5,0.0215739524915231,79.66,65.4512306289882,13,31827.6148641008,52.8767123287671,Minor_Damage_And_Injuries,1,0.5036357735304721,2
2352,7,0.0027663663365077897,78.22,57.0191431175934,12,29365.0114975677,33.013698630137,Significant_Damage_And_Fatalities,7,0.579366029570862,2
1259,2,0.347656319724328,79.49,81.0391978122151,16,25605.0986574627,41.9178082191781,Minor_Damage_And_Injuries,5,0.365157591056617,3
3621,4,0.0626562639126589,82.66,73.4731084776664,9,34007.0176462605,43.972602739726,Highly_Fatal_And_Damaging,3,0.265626397403534,2
502,2,0.46493233724878497,84.53,78.94257064721971,11,34174.581605999396,58.8584474885845,Minor_Damage_And_Injuries,5,0.30854020915975394,3
10045,4,0.0713789477305042,77.27,38.9699179580674,14,39222.4051184905,59.634703196347,Significant_Damage_And_Serious_Injuries,8,0.6078550306527231,2
10318,1,0.6029986068662321,78.72,54.69462169553329,12,15261.993257843798,32.557077625570805,Significant_Damage_And_Fatalities,2,0.256971510998918,1
994,4,0.0726437651961764,77.1,61.0756608933455,12,39422.8467693878,44.5205479452055,Significant_Damage_And_Serious_Injuries,4,0.38174612333213104,2
10688,1,1.0652076809531899,79.16,64.8131267092069,13,29021.2749490607,29.406392694063896,Highly_Fatal_And_Damaging,0,0.43547854309412204,1
6568,3,0.19627479673633397,77.67,57.65724703737471,11,39150.6721955048,36.0730593607306,Highly_Fatal_And_Damaging,15,0.508684457266498,2
8393,6,0.0116764435606435,85.26,45.8067456700091,11,47640.9683428423,35.2511415525114,Significant_Damage_And_Fatalities,7,0.4567551388388029,2
5103,3,0.114860898932605,84.72,67.2743846855059,16,23157.2982287448,16.3013698630137,Highly_Fatal_And_Damaging,0,0.460361341507393,4
11714,5,0.0340042459384705,78.75,58.7511394712853,9,52418.715099566,64.5662100456621,Minor_Damage_And_Injuries,18,0.377418680129823,3
11989,6,0.0136143822090333,77.91,70.1914311759344,11,54660.6342971425,59.178082191780796,Minor_Damage_And_Injuries,5,0.42141435268662103,1
5558,4,0.0290802124759881,77.51,64.3117593436645,13,16337.4324888073,27.7168949771689,Highly_Fatal_And_Damaging,15,0.46937684817886705,5
5627,2,0.50266644592326,82.04,55.6973564266181,8,37014.2169525702,70.0,Highly_Fatal_And_Damaging,1,0.320440677966102,2
1960,3,0.18069912567921198,75.02,59.0701914311759,8,36421.5736321992,68.03652968036529,Minor_Damage_And_Injuries,7,0.453509556437072,2
9000,6,0.0150402899314281,81.93,64.1294439380128,23,62672.5995653643,2.64840182648402,Highly_Fatal_And_Damaging,6,0.41961125135232596,2
4188,7,0.00173178063293489,77.75,63.90154968094811,20,19640.4856046326,28.5844748858447,Minor_Damage_And_Injuries,8,0.37958240173097707,0
11443,2,0.452214632161678,79.6,68.4138559708295,12,33291.4743854099,29.7716894977169,Highly_Fatal_And_Damaging,6,0.27752686620988104,2
12401,3,0.26094087948419603,83.19,54.7857793983592,11,50885.1307322559,46.4840182648402,Significant_Damage_And_Serious_Injuries,5,0.333423007573026,3
7719,2,0.587649264666186,81.26,61.9416590701914,12,43203.9825103468,53.9269406392694,Minor_Damage_And_Injuries,8,0.448100252434187,5
966,2,0.456318241492659,78.02,77.1649954421149,13,33791.6194215827,50.22831050228311,Minor_Damage_And_Injuries,12,0.240743598990263,3
11018,5,0.0209494069398641,75.4,72.105742935278,11,30312.6031560311,47.2146118721461,Significant_Damage_And_Serious_Injuries,4,0.38030364226469504,2
5348,3,0.24091041469702698,78.47,79.8997265268915,11,48812.5044221945,47.5342465753425,Significant_Damage_And_Serious_Injuries,9,0.29555787955283,2
3117,5,0.0139893150588248,78.37,21.1485870556062,15,20326.143262253798,34.0182648401826,Minor_Damage_And_Injuries,0,0.882647673999279,3
3130,7,0.00230766799205518,88.27,60.847766636280795,13,26017.6846879558,62.054794520547894,Significant_Damage_And_Fatalities,20,0.362272628921745,3
12429,3,0.147352118771716,79.03,50.091157702825896,11,29407.405365507202,58.0365296803653,Highly_Fatal_And_Damaging,2,0.7546274792643342,3
984,4,0.0453323988881035,79.31,56.426618049225205,10,24779.9234269846,37.077625570776206,Significant_Damage_And_Fatalities,1,0.324407500901551,1
4696,2,0.47532266563794395,77.71,70.510483135825,7,35121.8584149202,71.324200913242,Minor_Damage_And_Injuries,20,0.439805986296429,2
3993,5,0.0216476009652135,78.58,74.74931631722879,14,33036.6523319837,23.150684931506802,Highly_Fatal_And_Damaging,7,0.24795600432744297,3
10348,3,0.163604816192789,84.8,78.07657247037379,9,32746.1554861564,52.283105022831,Significant_Damage_And_Serious_Injuries,14,0.341356653443924,2
1550,3,0.159335323690078,77.59,75.70647219690059,8,31974.0624100752,46.9406392694064,Highly_Fatal_And_Damaging,6,0.39761341507392695,3
9267,3,0.118532326369117,79.83,63.6736554238833,9,23570.7799761552,53.9269406392694,Highly_Fatal_And_Damaging,1,0.30168842408943397,0
11588,6,0.0075034789920839905,79.7,68.3226982680037,12,30423.7249691533,32.3744292237443,Highly_Fatal_And_Damaging,1,0.134,3
6513,7,0.0037914882170522702,78.84,60.5287146763902,16,46936.7683880644,54.109589041095894,Significant_Damage_And_Fatalities,4,0.491014064190407,4
6802,4,0.0753117470472317,85.02,61.0300820419326,15,41118.8206454296,22.648401826483997,Highly_Fatal_And_Damaging,25,0.298803461954562,3
2489,5,0.0224161065100833,78.46,55.1048313582498,11,32028.742081542598,33.9269406392694,Significant_Damage_And_Fatalities,1,0.309261449693473,0
7993,2,0.438778571303419,81.26,70.0091157702826,11,32421.108118941,36.164383561643795,Highly_Fatal_And_Damaging,1,0.211893977641543,2
10484,6,0.00851993296409385,78.37,39.8814949863264,8,37308.5865884339,42.9680365296804,Significant_Damage_And_Fatalities,0,0.584414713306888,3
3699,2,0.41108465023628704,79.84,78.4867821330902,19,30206.164567377204,8.53881278538813,Highly_Fatal_And_Damaging,9,0.29159105661738105,2
6831,1,1.1552268393620801,81.98,67.7757520510483,12,31436.3335417983,53.150684931506795,Minor_Damage_And_Injuries,7,0.37489433826181,3
7724,2,0.343448656781249,78.05,65.2689152233364,15,25276.601715896602,44.337899543379,Minor_Damage_And_Injuries,9,0.27788748647674,1
3367,4,0.0525850364388885,81.86,66.1349134001823,9,29322.7881463054,43.4246575342466,Highly_Fatal_And_Damaging,2,0.375615578795528,3
5581,3,0.16370405083918801,77.33,51.0938924339107,14,32986.7833036824,36.8493150684931,Significant_Damage_And_Serious_Injuries,4,0.575759826902272,3
2603,2,0.69735889274579,76.56,63.6736554238833,11,51846.7692000809,33.0593607305936,Highly_Fatal_And_Damaging,11,0.32116191849982,0
9549,6,0.00899665664391278,81.26,67.1376481312671,15,35985.1193586182,45.0228310502283,Minor_Damage_And_Injuries,8,0.385352326000721,1
9298,6,0.0122327246872577,80.55,82.3154056517776,13,53915.3329941275,29.041095890411,Highly_Fatal_And_Damaging,0,0.18448683736025895,1
8605,4,0.0480920835357794,81.61,92.3883318140383,15,26227.6235708084,22.237442922374395,Highly_Fatal_And_Damaging,12,0.225597547782185,2