Accident_ID,Accident_Type_Code,Adverse_Weather_Metric,Cabin_Temperature,Control_Metric,Days_Since_Inspection,Max_Elevation,Safety_Score,Severity,Total_Safety_Complaints,Turbulence_In_gforces,Violations
10545,1,0.8902819480198572,78.11,66.1804922515953,17,24420.713003042,36.8493150684931,Minor_Damage_And_Injuries,1,0.329456184637577,4
4052,5,0.023547370390477995,81.23,81.9051959890611,11,33729.9660574611,45.7534246575342,Significant_Damage_And_Serious_Injuries,2,0.21658204111070997,3
3221,3,0.149447389548586,80.68,68.1403828623519,12,30098.5723888406,41.598173515981706,Significant_Damage_And_Serious_Injuries,28,0.276084385142445,1
3797,4,0.0670328004795129,76.43,53.919781221513205,15,36683.459920566296,20.2283105022831,Significant_Damage_And_Fatalities,1,0.5515982690227189,3
10181,6,0.0117574692248208,79.64,41.066545123062895,14,45350.7603179123,24.383561643835602,Highly_Fatal_And_Damaging,11,0.620837360259647,3
10863,3,0.156147792298604,81.2,54.3755697356427,16,31568.919072162003,30.3196347031963,Minor_Damage_And_Injuries,2,0.375254958528669,2
12303,2,0.343448656781249,82.71,57.9762989972653,11,25377.6139205903,46.5753424657534,Significant_Damage_And_Serious_Injuries,0,0.61939487919221,2
6105,4,0.0433250667401832,78.29,57.0191431175934,16,23654.6849407651,18.1735159817352,Significant_Damage_And_Fatalities,9,0.28870609448251,2
2625,1,1.2086516802079499,76.74,57.611668185961705,20,32734.066163725096,29.406392694063896,Minor_Damage_And_Injuries,10,0.219467003245582,2
8461,3,0.15634371942351402,80.9,57.4293527803099,8,31639.1855021958,54.5205479452055,Significant_Damage_And_Serious_Injuries,0,0.37020627479264295,2
71,3,0.17089911377233,78.68,66.5907019143118,10,34132.2412197546,39.8173515981735,Highly_Fatal_And_Damaging,2,0.40590768121168397,2
11226,2,0.3592587112154339,79.1,53.2360984503191,8,26637.374687927,68.2648401826484,Highly_Fatal_And_Damaging,2,0.45747637937252095,1
11157,3,0.195609414135821,77.71,46.718322698268004,13,39222.4051184905,28.4018264840183,Significant_Damage_And_Fatalities,12,0.6330984493328521,4
11340,3,0.173942207054393,77.6,57.9762989972653,11,34887.2172055117,69.36073059360729,Significant_Damage_And_Fatalities,13,0.620476739992787,4
10797,1,1.1122169439196001,79.15,74.1567912488605,16,30184.6648912744,18.1735159817352,Highly_Fatal_And_Damaging,1,0.222351965380454,0
3067,2,0.234381066415303,79.71,58.979033728350004,13,17341.3048298456,51.461187214611904,Minor_Damage_And_Injuries,3,0.32368626036783194,2
58,6,0.00914579273394588,74.85,59.7538742023701,20,35977.0123074185,40.5479452054794,Significant_Damage_And_Fatalities,6,0.488850342589253,1
12472,6,0.00624651726327305,79.23,59.57155879671829,14,24892.556125965697,25.8904109589041,Highly_Fatal_And_Damaging,2,0.36732131265777096,2
6280,6,0.009597840559474559,81.45,61.0300820419326,12,38809.3484903305,43.1963470319635,Significant_Damage_And_Serious_Injuries,13,0.40807140281283794,4
9516,4,0.065021549272478,84.48,73.1084776663628,10,35704.4771368743,39.726027397260296,Highly_Fatal_And_Damaging,6,0.330898665705012,3
4774,7,0.0035124130283169398,76.8,71.8778486782133,18,38899.6594446884,47.5342465753425,Significant_Damage_And_Fatalities,4,0.23894049765596803,2
1214,4,0.0464808144417715,81.02,59.480401093892496,14,25740.8803418544,36.5753424657534,Significant_Damage_And_Serious_Injuries,5,0.47190119004688,2
720,3,0.153635639691209,78.46,40.5651777575205,14,31006.5572504406,25.570776255707802,Significant_Damage_And_Fatalities,7,0.7351539848539491,1
258,3,0.170794962939637,78.56,80.4010938924339,12,34481.225822636,44.7488584474886,Significant_Damage_And_Serious_Injuries,6,0.340996033177064,3
1885,5,0.0191724652793724,80.19,57.247037374658206,10,27404.7071170152,61.7351598173516,Minor_Damage_And_Injuries,2,0.4145625676163,4
2532,6,0.00729169360955055,82.54,67.7757520510483,13,29821.3776614717,38.8127853881278,Significant_Damage_And_Serious_Injuries,23,0.255529029931482,2
4560,3,0.11615420110310999,84.27,57.2926162260711,11,23340.347011483598,35.205479452054796,Highly_Fatal_And_Damaging,2,0.44413342949873796,3
1816,7,0.00383708389771657,78.13,41.659070191431205,16,41724.5687249952,29.0867579908676,Minor_Damage_And_Injuries,2,0.44737901190046897,3
11010,4,0.0202641811876667,84.4,74.29352780309941,11,831.6955534213299,35.9817351598173,Highly_Fatal_And_Damaging,1,0.368763793725207,3
11081,3,0.217592818863117,82.27,49.6809480401094,4,43564.0944400642,57.945205479452,Significant_Damage_And_Fatalities,7,0.470819329246303,0
11988,3,0.19283880159916397,78.46,55.9708295350957,12,38671.1085004594,54.109589041095894,Significant_Damage_And_Serious_Injuries,2,0.6049700685178511,2
4942,7,0.00373408886789247,77.76,64.3117593436645,14,38259.140671878704,58.9954337899543,Significant_Damage_And_Fatalities,5,0.40374395961053006,1
11001,3,0.241790540689486,79.03,75.8432087511395,11,48317.9303453667,45.1141552511415,Significant_Damage_And_Serious_Injuries,2,0.282936170212766,1
11950,7,0.00279887602228124,80.54,68.9608021877849,15,31719.308363428598,55.9360730593607,Significant_Damage_And_Fatalities,4,0.199632888568337,2
8497,2,0.447344516323107,77.96,75.11394712853242,16,32922.510187447406,42.5114155251142,Minor_Damage_And_Injuries,0,0.288345474215651,3
10481,4,0.07602535995997702,77.22,78.9881494986326,9,41509.545282458,52.1917808219178,Highly_Fatal_And_Damaging,11,0.30854020915975394,3
7419,4,0.0698675424887429,81.55,70.510483135825,15,37773.3553764435,20.2283105022831,Highly_Fatal_And_Damaging,3,0.38282798413270797,2
11494,7,0.00286792300212068,83.72,58.6144029170465,3,28426.2598561677,77.8995433789954,Minor_Damage_And_Injuries,6,0.41672628921745397,4
8880,2,0.433893499307323,86.39,76.9371011850502,11,31919.679934708198,58.675799086758005,Minor_Damage_And_Injuries,22,0.428266137756942,1
6593,4,0.0550633670072995,81.78,59.2980856882407,14,29969.7483833104,24.8858447488584,Highly_Fatal_And_Damaging,0,0.377418680129823,2
2280,3,0.0784881253243107,76.58,64.2661804922516,14,16215.864398774,36.027397260274,Significant_Damage_And_Serious_Injuries,2,0.502193292463036,2
3068,4,0.0382474902668748,84.03,62.7164995442115,15,20862.6343445671,21.2328767123288,Highly_Fatal_And_Damaging,5,0.39292535160476,2
7762,2,0.27574547120111204,77.87,72.151321786691,14,20374.9875573108,35.1141552511415,Significant_Damage_And_Serious_Injuries,1,0.37489433826181,2
6016,4,0.0609647807572276,77.27,76.7547857793984,7,33323.2909885593,48.6301369863014,Highly_Fatal_And_Damaging,2,0.305294626758024,2
10321,3,0.0920649095425722,80.19,62.0328167730173,17,18241.0570937703,26.7123287671233,Minor_Damage_And_Injuries,3,0.452067075369635,1
5381,5,0.0223033361226062,77.78,69.91795806745671,17,33095.9115787169,48.8584474885845,Significant_Damage_And_Fatalities,13,0.369124413992066,1
6031,4,0.0486700861808518,77.22,55.1504102096627,14,26544.379769773797,26.4840182648402,Significant_Damage_And_Fatalities,2,0.334865488640461,1
3896,6,0.00929279544814513,81.15,48.1312670920693,12,40797.9602108571,43.01369863013699,Minor_Damage_And_Injuries,0,0.589824017309773,0
6993,3,0.166293914283771,79.58,82.86235186873292,16,33137.9077443779,29.3607305936073,Significant_Damage_And_Serious_Injuries,10,0.211893977641543,2
8451,2,0.542720465498432,81.42,55.651777575205095,8,40177.3017762019,70.0,Highly_Fatal_And_Damaging,1,0.508684457266498,1
1655,3,0.18989185232330502,82.23,72.5159525979946,12,38140.7981125223,44.657534246575295,Significant_Damage_And_Serious_Injuries,3,0.378139920663541,1
1664,1,0.957561433696264,77.16,58.2953509571559,13,26210.1922272661,52.739726027397204,Minor_Damage_And_Injuries,5,0.28726361341507395,3
7063,5,0.018765800313265,77.91,69.8723792160438,8,28602.6042861829,57.1689497716895,Significant_Damage_And_Serious_Injuries,3,0.38174612333213104,1
910,5,0.0186972981750902,83.13,67.0464904284412,7,28354.1216769969,70.5022831050228,Minor_Damage_And_Injuries,30,0.557368193292463,0
3544,7,0.00282237165175104,86.42,54.922515952598,11,31869.3979705955,59.315068493150704,Significant_Damage_And_Serious_Injuries,1,0.392564731337901,1
11592,3,0.26381468661784,79.72,58.8422971741112,16,51754.9703998605,41.0045662100457,Minor_Damage_And_Injuries,5,0.38823728813559294,3
9263,4,0.0601777442176999,78.64,60.027347310847794,11,32746.028665476402,33.972602739726,Highly_Fatal_And_Damaging,22,0.448460872701046,1
8927,3,0.17922537652847503,81.49,54.557885141294406,18,35893.876808940804,33.5616438356164,Minor_Damage_And_Injuries,12,0.293033537684818,1
4488,6,0.00698356559553839,79.19,52.461257976299,6,26685.296362782403,74.703196347032,Highly_Fatal_And_Damaging,1,0.313228272628922,2
9673,4,0.0535933280335573,78.63,54.3755697356427,12,29502.763421053198,30.3196347031963,Significant_Damage_And_Fatalities,0,0.527797331410025,2
5483,3,0.16754135401837303,75.27,66.362807657247,9,33573.269939903505,54.5205479452055,Significant_Damage_And_Serious_Injuries,1,0.368763793725207,2
10768,4,0.0651636744257849,81.62,41.020966271649996,9,35698.6267800021,41.0045662100457,Significant_Damage_And_Fatalities,7,0.42898737829066,1
7094,7,0.0033398864703658602,80.7,68.5050136736554,16,34441.4209583703,19.1780821917808,Highly_Fatal_And_Damaging,10,0.38823728813559294,3
12462,4,0.075850778236244,87.86,85.5970829535096,12,41697.1749234405,32.1461187214612,Highly_Fatal_And_Damaging,10,0.31214641182834496,4
8642,7,0.0041581241129062295,75.02,70.1002734731085,14,43511.628969812205,60.5479452054795,Significant_Damage_And_Fatalities,25,0.33702921024161503,1
5487,7,0.00397253120656083,82.15,75.34184138559709,12,42650.269140209704,67.9452054794521,Significant_Damage_And_Fatalities,2,0.243989181391994,1
2761,1,1.25721259834829,78.73,91.11212397447581,15,34035.0816055846,22.648401826483997,Highly_Fatal_And_Damaging,25,0.25769275153263604,3
7259,1,0.8902819480198572,82.75,68.64175022789429,16,24534.844501230098,17.442922374429198,Highly_Fatal_And_Damaging,3,0.17475009015506698,2
5484,3,0.12268262605632901,75.98,43.8468550592525,12,24707.1969908956,43.607305936073,Significant_Damage_And_Serious_Injuries,2,0.413120086548864,2
3826,4,0.0277814772558509,76.34,37.967183226982705,18,14139.9067872575,46.894977168949794,Significant_Damage_And_Fatalities,11,0.399416516408222,2
11155,7,0.00472973490555168,78.7,57.9762989972653,15,50201.5005708721,56.712328767123296,Significant_Damage_And_Fatalities,7,0.3932859718716189,2
8795,7,0.00321413669890381,76.07,58.2953509571559,15,32785.6459081019,33.9269406392694,Significant_Damage_And_Serious_Injuries,0,0.4686556076451501,2
7405,2,0.423475054314669,77.74,61.71376481312671,16,31251.834837360802,41.324200913242,Minor_Damage_And_Injuries,7,0.237858636855391,2
4230,3,0.24511840979653998,76.8,61.0300820419326,13,49341.22322086179,38.675799086758,Significant_Damage_And_Serious_Injuries,11,0.46577064551027797,3
12142,2,0.367490581778457,83.36,68.4594348222425,9,27154.0852458968,65.98173515981729,Minor_Damage_And_Injuries,5,0.416005048683736,3
1280,6,0.0103007561471358,79.03,76.7547857793984,13,40619.7789673451,39.13242009132421,Significant_Damage_And_Serious_Injuries,0,0.346405337179949,5
1091,4,0.11442122995122998,77.39,63.126709206928,8,58297.4802661454,46.2100456621004,Highly_Fatal_And_Damaging,29,0.392204111071042,2
1394,6,0.00627654085155748,77.99,67.6390154968095,15,23665.6603699134,55.0228310502283,Significant_Damage_And_Fatalities,2,0.25588965019834103,1
4406,4,0.0867471686429157,81.09,67.1376481312671,17,47101.485751435706,38.4474885844749,Minor_Damage_And_Injuries,3,0.414923187883159,4
9405,3,0.153207762165885,86.43,64.9954421148587,8,30641.6477227636,57.1232876712329,Significant_Damage_And_Serious_Injuries,19,0.38931914893617,3
7696,6,0.00687215599404899,79.89,65.2689152233364,13,27255.6195552223,41.643835616438295,Significant_Damage_And_Serious_Injuries,9,0.22595816804904398,2
8857,5,0.0252521458935222,79.69,58.5232452142206,8,36884.0023856598,46.027397260274,Highly_Fatal_And_Damaging,0,0.47045870897944503,2
4658,3,0.111229772370939,80.39,60.300820419325504,16,22341.0969991425,28.493150684931503,Significant_Damage_And_Serious_Injuries,17,0.387876667868734,2
10726,2,0.691152160528896,84.4,84.0929808568824,13,50545.07022570231,50.50228310502279,Minor_Damage_And_Injuries,3,0.25985647313379,2
11104,3,0.16831461067345801,78.31,62.07839562443029,14,33651.5805229688,34.9315068493151,Significant_Damage_And_Serious_Injuries,5,0.33883231157591,1
667,2,0.428493550267488,80.17,50.5925250683683,5,31738.5463084419,66.57534246575341,Minor_Damage_And_Injuries,3,0.476949873782906,1
1062,4,0.0224178241914354,81.46,72.2880583409298,12,12666.7712047322,67.6712328767123,Significant_Damage_And_Fatalities,3,0.339914172376487,3
5316,5,0.0199959371191929,76.79,53.2360984503191,16,29213.8409826863,54.4292237442922,Highly_Fatal_And_Damaging,0,0.39292535160476,3
8683,5,0.0195855691124162,78.52,76.4813126709207,9,30982.4858135607,65.4337899543379,Minor_Damage_And_Injuries,0,0.455673278038226,3
2727,2,0.5009329535057521,81.42,69.00638103919779,17,36933.8446810816,36.4840182648402,Minor_Damage_And_Injuries,2,0.460000721240533,2
290,6,0.00890099870458009,80.25,59.9361896080219,16,34587.8862136885,40.1826484018265,Minor_Damage_And_Injuries,2,0.453509556437072,3
5441,4,0.0317004518773675,76.36,71.05742935278029,14,17717.0226036745,24.063926940639302,Highly_Fatal_And_Damaging,7,0.350011539848539,2
9677,3,0.19833600453073896,81.1,73.88331814038291,11,39961.8207622236,46.1643835616438,Significant_Damage_And_Serious_Injuries,4,0.21441831950955603,1
741,6,0.0035568774101538,81.85,80.53783044667279,16,15487.532267365701,29.3150684931507,Significant_Damage_And_Serious_Injuries,3,0.346765957446808,2
410,4,0.0723885206448047,81.87,71.0118505013674,15,39835.7183100935,21.2328767123288,Highly_Fatal_And_Damaging,3,0.24002235845654502,4
141,1,1.5900158623273901,78.66,61.485870556062004,13,43221.1122552617,28.2191780821918,Highly_Fatal_And_Damaging,20,0.448460872701046,1
4454,3,0.16756358864324697,80.06,78.80583409298092,14,33701.3739418717,36.5296803652968,Significant_Damage_And_Serious_Injuries,1,0.298442841687703,2
2238,1,1.5017863496592,78.54,74.29352780309941,15,40538.7808167345,32.8310502283105,Significant_Damage_And_Serious_Injuries,7,0.304573386224305,3
3004,4,0.0713728148247185,78.73,49.6353691886965,20,39366.3183285366,1.14155251141552,Significant_Damage_And_Fatalities,0,0.47045870897944503,5
5091,4,0.0823334066315181,79.53,74.52142206016408,8,44417.40704394809,45.15981735159821,Highly_Fatal_And_Damaging,6,0.47839235485034204,2
8763,4,0.0344640314807206,75.4,64.4940747493163,14,18869.5876217835,36.11872146118721,Significant_Damage_And_Serious_Injuries,1,0.386434186801298,3
11916,3,0.17721569022631303,76.04,64.35733819507749,13,35490.4760411693,40.821917808219204,Significant_Damage_And_Serious_Injuries,1,0.30313090515687,2
5228,1,1.12357269184968,81.05,54.876937101185,11,30513.4373016453,35.9817351598173,Significant_Damage_And_Fatalities,6,0.47839235485034204,3
7441,4,0.0451516518630109,79.22,41.4311759343665,11,24865.1960841046,33.1963470319635,Significant_Damage_And_Fatalities,1,0.457115759105661,1
8201,3,0.20047717765955703,78.54,77.7575205104832,18,40580.037740715,24.703196347031998,Significant_Damage_And_Serious_Injuries,0,0.452067075369635,3
4164,5,0.0195855691124162,80.55,57.520510483135794,6,29322.7881463054,52.739726027397204,Highly_Fatal_And_Damaging,3,0.402301478543094,3
7332,6,0.0061810368598627895,77.53,62.625341841385605,16,24144.0115271371,18.538812785388103,Highly_Fatal_And_Damaging,7,0.314670753696357,3
3200,1,1.04519049130943,78.09,54.968094804010896,12,28433.3299479963,42.283105022831,Minor_Damage_And_Injuries,8,0.36263324918860396,1
11284,6,0.00945681285940533,79.21,56.7000911577028,8,38888.753009181804,69.9086757990868,Significant_Damage_And_Serious_Injuries,2,0.517339343671114,2
4125,3,0.16396237774710998,82.58,40.2917046490429,12,32986.7833036824,43.607305936073,Minor_Damage_And_Injuries,5,0.692240173097728,3
10398,6,0.00914221605107202,81.44,65.9070191431176,18,37241.4014656805,22.8310502283105,Significant_Damage_And_Serious_Injuries,14,0.387876667868734,1
3080,2,0.50266644592326,83.01,64.5852324521422,11,36844.4611648139,58.0365296803653,Minor_Damage_And_Injuries,10,0.38823728813559294,2
10764,3,0.0627235617216595,80.13,54.968094804010896,11,12320.283534369199,58.1278538812785,Highly_Fatal_And_Damaging,0,0.3849917057338621,2
9362,7,0.00266007015636225,77.33,87.5569735642662,13,30357.985828198398,29.7260273972603,Highly_Fatal_And_Damaging,19,0.21658204111070997,4
1905,3,0.145942988462053,76.05,39.8814949863264,11,29347.2823922561,46.4383561643836,Minor_Damage_And_Injuries,6,0.45891886043995594,1
9959,5,0.0139893150588248,87.43,60.3463992707384,10,20265.0426177619,51.5525114155251,Significant_Damage_And_Serious_Injuries,0,0.44413342949873796,2
2507,3,0.15451742871291402,77.32,69.91795806745671,14,31151.7511553384,48.9954337899543,Minor_Damage_And_Injuries,2,0.37489433826181,4
7229,4,0.0659522021298071,81.03,73.4275296262534,14,36453.545012780094,22.7397260273973,Highly_Fatal_And_Damaging,7,0.23461305445365999,2
3986,3,0.15193198627823,76.8,74.2023701002735,20,30476.691698662,16.1187214611872,Significant_Damage_And_Serious_Injuries,19,0.206484673638658,3
5310,4,0.0602996807903959,78.6,93.11759343664541,9,32932.7239225323,52.1461187214612,Significant_Damage_And_Serious_Injuries,3,0.18520807789397797,3
7699,4,0.100005416841789,78.18,88.6508659981769,11,53915.3329941275,34.337899543379,Highly_Fatal_And_Damaging,4,0.226679408582762,1
6550,4,0.0519373150685612,87.06,54.968094804010896,10,28377.249938145098,40.1826484018265,Significant_Damage_And_Fatalities,8,0.240382978723404,3
1332,2,0.485116943649484,87.51,78.6235186873291,12,35859.444796217904,54.246575342465704,Minor_Damage_And_Injuries,1,0.39076163000360603,2
2628,4,0.0672593000875387,77.39,64.2661804922516,12,36838.8109461688,32.511415525114195,Highly_Fatal_And_Damaging,16,0.368763793725207,2
1228,5,0.0142168823219349,76.8,76.5724703737466,17,21954.4716580689,38.2648401826484,Minor_Damage_And_Injuries,0,0.215500180310133,2
6932,2,0.553097083571328,76.78,52.506836827712,15,40868.6537866347,45.7077625570776,Highly_Fatal_And_Damaging,2,0.43331482149296796,1
2810,1,0.8443046918732859,77.25,52.9170464904284,8,23171.5450883006,44.794520547945204,Significant_Damage_And_Fatalities,12,0.366960692390912,3
5298,3,0.14908297248445498,76.51,61.2579762989973,13,29969.7483833104,27.8995433789954,Highly_Fatal_And_Damaging,0,0.38030364226469504,3
9922,2,0.256113629626921,78.47,78.0309936189608,6,19380.3444367151,62.6940639269406,Significant_Damage_And_Serious_Injuries,5,0.41420194734944105,3
1808,3,0.18482685955664802,77.07,74.74931631722879,14,37178.3769732465,37.808219178082204,Significant_Damage_And_Serious_Injuries,0,0.251922827262892,3
11433,4,0.0320805077660302,81.36,68.4594348222425,17,18000.505628973602,15.662100456621001,Highly_Fatal_And_Damaging,3,0.30854020915975394,2
11401,2,0.641805738503765,76.62,69.4165907019143,17,47572.0590615232,38.4474885844749,Minor_Damage_And_Injuries,6,0.298803461954562,1
2318,2,0.38511018169138295,78.47,82.9535095715588,7,28523.711026113302,48.2648401826484,Highly_Fatal_And_Damaging,6,0.484522899386945,3
10922,7,0.00436632490027057,87.89,64.6763901549681,13,50549.5900345376,64.88584474885839,Significant_Damage_And_Fatalities,19,0.339192931842769,3
10477,4,0.0438556546147655,78.84,80.6289881494986,15,23639.852097366802,21.0045662100457,Highly_Fatal_And_Damaging,1,0.308900829426614,3
1115,6,0.0063532410289954605,82.09,85.7793983591614,14,25820.201823365,48.2191780821918,Minor_Damage_And_Injuries,6,0.317916336098088,3
3242,5,0.0246728286495614,78.66,62.5341841385597,13,37519.0138460733,28.721461187214604,Highly_Fatal_And_Damaging,6,0.38390984493328495,2
7591,6,0.0083982544312787,82.07,73.4275296262534,11,37066.9622418898,35.4337899543379,Highly_Fatal_And_Damaging,14,0.222351965380454,2
4173,3,0.15270328714186202,82.25,50.86599817684589,12,30810.90656482,42.283105022831,Minor_Damage_And_Injuries,11,0.49389902632527904,1
591,2,0.5568575606486209,86.42,56.9279854147676,11,41094.8386139529,47.4885844748858,Minor_Damage_And_Injuries,9,0.40590768121168397,3
8446,4,0.0743977203306093,79.48,83.77392889699179,9,40745.7685865635,43.74429223744289,Highly_Fatal_And_Damaging,3,0.22884313018391603,2
1368,4,0.0427579131486447,81.76,74.29352780309941,10,22918.5602543458,36.4383561643836,Highly_Fatal_And_Damaging,7,0.28365741074648404,0
10424,4,0.100579962364862,81.94,91.79580674566999,14,54601.1075285512,25.662100456620998,Highly_Fatal_And_Damaging,1,0.23894049765596803,0
11985,4,0.0688120785579381,82.04,59.6171376481313,7,37435.145615835696,48.4474885844749,Highly_Fatal_And_Damaging,2,0.324768121168409,2
1728,7,0.0027689177239596102,79.78,57.8395624430264,14,28891.498017638598,58.9954337899543,Significant_Damage_And_Fatalities,5,0.38823728813559294,2
11160,7,0.00289262146645542,77.03,67.7301731996354,20,29368.5496527533,1.14155251141552,Highly_Fatal_And_Damaging,1,0.199632888568337,0
5500,2,0.405867133723055,80.84,53.5095715587967,10,30028.2840811135,39.726027397260296,Significant_Damage_And_Fatalities,0,0.39508907320591397,3
1089,4,0.0594145703785473,83.44,58.5232452142206,10,32020.8712401908,39.8173515981735,Highly_Fatal_And_Damaging,6,0.304573386224305,2
11238,2,0.6285743195653721,78.5,67.86690975387421,13,45878.87959122151,63.1963470319635,Significant_Damage_And_Fatalities,8,0.34568409664623106,3
5616,1,1.59744114351771,81.74,54.649042844120295,15,44135.7042932746,31.735159817351605,Minor_Damage_And_Injuries,0,0.45603389830508395,3
5440,7,0.0044289702451501,83.5,70.60164083865091,16,54279.8866136332,50.273972602739704,Significant_Damage_And_Fatalities,0,0.36046952758745,1
705,2,0.513814376738229,78.79,54.2388331814038,9,37908.0818850219,65.79908675799089,Highly_Fatal_And_Damaging,15,0.462164442841687,3
4149,6,0.0067000798171221,78.54,67.31996353691889,10,27776.6103421415,49.178082191780796,Significant_Damage_And_Serious_Injuries,5,0.416005048683736,2
11776,2,0.533684621923382,79.39,52.3245214220602,17,39434.2561052846,38.4474885844749,Highly_Fatal_And_Damaging,9,0.42465993508835204,2
6399,5,0.0204097469183588,79.22,71.3764813126709,9,31149.0488689414,51.41552511415521,Significant_Damage_And_Serious_Injuries,4,0.22704002884962102,3
8680,2,0.46024803731340996,79.99,78.5323609845032,14,33844.098625145896,58.8584474885845,Significant_Damage_And_Fatalities,9,0.308900829426614,3
8801,2,0.302231914191802,79.03,48.5870556061987,14,22332.085688504198,25.296803652968002,Significant_Damage_And_Fatalities,0,0.641753335737468,2
11604,3,0.19246968315088298,77.02,69.73564266180489,19,38634.4918369471,18.675799086758,Significant_Damage_And_Serious_Injuries,8,0.329456184637577,1
6133,3,0.165002363929807,77.19,56.1531449407475,13,33315.568355075,38.7214611872146,Minor_Damage_And_Injuries,0,0.556646952758745,4
1107,6,0.00566677045077366,85.28,73.0628988149499,14,22199.1464356491,38.767123287671204,Significant_Damage_And_Serious_Injuries,0,0.20143598990263198,1
9350,1,1.7000268879320202,80.09,37.8304466727438,10,45255.700735690196,51.0502283105023,Minor_Damage_And_Injuries,0,0.605691309051569,3
2649,3,0.17151013393546302,80.41,71.1030082041933,19,34198.7569609193,20.045662100456603,Significant_Damage_And_Serious_Injuries,28,0.42213559322033894,1
4767,3,0.15173451332276003,81.18,47.2196900638104,15,30205.1411058189,32.648401826484,Minor_Damage_And_Injuries,7,0.40771078254597903,1
4289,4,0.058088147653132007,77.8,60.3463992707384,11,31624.1853039844,33.7442922374429,Highly_Fatal_And_Damaging,3,0.231728092318788,4
10671,3,0.088645927761521,84.8,63.5369188696445,13,17805.0105514426,50.22831050228311,Minor_Damage_And_Injuries,0,0.417808150018031,1
12155,7,0.00321479368160568,79.09,78.6235186873291,13,32690.625773518397,63.8812785388128,Significant_Damage_And_Fatalities,7,0.311064551027768,1
1604,5,0.0152285807431387,77.93,51.8231540565178,10,22131.7362773227,38.9041095890411,Significant_Damage_And_Fatalities,0,0.639950234403173,3
11013,7,0.0042445268454015,79.42,73.0173199635369,9,42049.7757475593,54.84018264840179,Significant_Damage_And_Serious_Injuries,40,0.46721312657771297,2
11350,2,0.533890828441657,78.91,48.8149498632635,14,39313.0059564466,60.1826484018265,Highly_Fatal_And_Damaging,22,0.6381471330688779,2
1026,3,0.128711312514445,81.46,52.871467639015506,18,25852.358199408198,44.20091324200911,Significant_Damage_And_Fatalities,1,0.328374323837,3
10330,2,0.30300731695565697,80.95,54.876937101185,15,22381.0528939519,44.4292237442922,Highly_Fatal_And_Damaging,8,0.30998269022719105,2
11442,2,0.47337143651023106,79.61,67.0464904284412,12,35004.0541195592,29.8630136986301,Highly_Fatal_And_Damaging,2,0.462885683375405,1
4930,5,0.0198897526403846,80.65,72.2880583409298,11,28923.9002638104,45.7534246575342,Significant_Damage_And_Serious_Injuries,29,0.215860800576992,1
1865,4,0.0656325412261426,79.61,66.9097538742024,13,35662.4808598967,27.8995433789954,Highly_Fatal_And_Damaging,5,0.35542084385142403,2
3716,1,1.2255432423531898,79.97,73.9288969917958,12,33218.1702466833,44.703196347032005,Significant_Damage_And_Serious_Injuries,4,0.335586729174179,4
5395,6,0.00955562241640058,78.31,83.59161349134,13,38642.6410744549,40.3196347031963,Significant_Damage_And_Serious_Injuries,9,0.255529029931482,0
3194,1,0.875036655691784,83.19,62.07839562443029,14,23728.3517080817,34.7488584474886,Significant_Damage_And_Serious_Injuries,4,0.49389902632527904,3
3611,7,0.00209293652588338,83.42,58.20419325433001,5,25173.328120510698,65.8904109589041,Significant_Damage_And_Serious_Injuries,2,0.526354850342589,3
1218,4,0.0405516045635434,78.08,76.7092069279854,15,22004.4704078618,43.7899543378995,Minor_Damage_And_Injuries,6,0.215500180310133,3
499,4,0.0373266614318475,77.75,50.86599817684589,14,20719.4930758841,26.2100456621005,Significant_Damage_And_Fatalities,7,0.527076090876307,2
6713,4,0.0423343749014067,79.6,75.25068368277121,20,23049.1459255511,27.4885844748858,Minor_Damage_And_Injuries,2,0.24290732059141698,0
10714,2,0.3911825356711121,81.43,62.306289881495,14,28957.808823458,47.9908675799087,Minor_Damage_And_Injuries,19,0.462164442841687,1
8971,3,0.0476009651917602,84.41,56.0164083865087,10,7330.43313913308,62.7853881278539,Highly_Fatal_And_Damaging,4,0.45603389830508395,3
8764,4,0.0416431368464319,87.0,50.7748404740201,11,22678.6809668713,35.0684931506849,Significant_Damage_And_Fatalities,7,0.5627774972953481,0
6536,1,1.1631821282771,76.74,61.34913400182321,17,31392.4428814713,15.159817351598198,Highly_Fatal_And_Damaging,22,0.263823296069239,0
9657,1,1.31926785422382,78.51,50.136736554238794,13,35861.4183500678,27.8082191780822,Significant_Damage_And_Fatalities,1,0.5764810674359899,2
1981,1,1.25721259834829,81.76,73.60984503190521,11,33951.855836534305,33.7899543378995,Highly_Fatal_And_Damaging,2,0.39472845293905495,4
1451,3,0.0899116479698208,77.53,91.3855970829535,9,18110.9171033295,53.74429223744289,Significant_Damage_And_Serious_Injuries,6,0.168980165885323,2