Accident_ID,Accident_Type_Code,Adverse_Weather_Metric,Cabin_Temperature,Control_Metric,Days_Since_Inspection,Max_Elevation,Safety_Score,Severity,Total_Safety_Complaints,Turbulence_In_gforces,Violations
4243,7,0.00400200391853314,77.95,88.4685505925251,5,43717.2844019346,98.40182648401829,Significant_Damage_And_Serious_Injuries,13,0.168980165885323,2
10210,5,0.00565999846684,77.29,62.625341841385605,4,11265.917788590301,58.675799086758005,Significant_Damage_And_Serious_Injuries,12,0.346405337179949,2
8104,7,0.0018002622725560898,85.97,58.6144029170465,15,19398.1511532957,54.7488584474886,Significant_Damage_And_Fatalities,4,0.387876667868734,1
4501,6,0.0075671699537456704,87.47,76.66362807657251,12,30361.873105802402,43.7899543378995,Significant_Damage_And_Serious_Injuries,8,0.374533717994951,3
1306,3,0.0693979507759365,79.31,66.1804922515953,6,13688.0852967169,51.8721461187215,Highly_Fatal_And_Damaging,1,0.298803461954562,3
6758,3,0.110391364869765,78.56,85.7793983591614,14,22151.6148638974,48.1735159817352,Minor_Damage_And_Injuries,6,0.199632888568337,3
4690,2,0.45465060878589203,79.13,41.6134913400182,13,33768.9628637163,51.7351598173516,Highly_Fatal_And_Damaging,9,0.782395239812477,2
414,6,0.0123600829136333,82.12,76.4813126709207,16,49696.2613236884,52.3744292237443,Significant_Damage_And_Fatalities,0,0.492095924990984,2
3414,4,0.0437525280036623,78.64,66.6362807657247,14,24094.679128533196,36.6666666666667,Significant_Damage_And_Serious_Injuries,7,0.313228272628922,3
4407,4,0.0423343749014067,78.52,66.22607110300821,12,23078.099717215802,32.4200913242009,Highly_Fatal_And_Damaging,7,0.450263974035341,1
2007,3,0.15044350970018802,77.96,74.2023701002735,20,30176.470252091,16.986301369863,Significant_Damage_And_Serious_Injuries,20,0.206484673638658,0
3528,6,0.0078701384699587,78.67,71.7411121239745,11,32803.751703339396,47.2146118721461,Significant_Damage_And_Serious_Injuries,12,0.496423368193292,1
5758,1,1.2251347174755098,85.97,58.38650865998179,15,33105.8525511885,42.9680365296804,Minor_Damage_And_Injuries,3,0.414923187883159,3
11832,3,0.14296991694918398,79.83,86.05287146763901,12,28568.162518976602,31.1415525114155,Highly_Fatal_And_Damaging,0,0.28005120807789396,1
11956,5,0.0207209616607708,78.47,78.669097538742,16,31363.1224768785,42.9680365296804,Minor_Damage_And_Injuries,22,0.40374395961053006,1
7972,1,1.42252211161246,77.27,80.6289881494986,17,38564.129227285,14.246575342465698,Highly_Fatal_And_Damaging,0,0.30313090515687,0
6441,2,0.541604994410513,79.8,66.5451230628988,11,40101.8250426003,59.4063926940639,Minor_Damage_And_Injuries,1,0.40013775694194004,0
9551,3,0.20122391367316,80.44,49.863263445761206,12,40442.728147577596,42.6027397260274,Minor_Damage_And_Injuries,15,0.35433898305084705,2
4058,2,0.36707092421660603,80.85,82.1786690975388,13,27009.1612134643,51.8264840182648,Minor_Damage_And_Injuries,5,0.43475730256040296,3
11319,5,0.0237990658424012,78.13,57.520510483135794,12,33637.1800839273,43.47031963470321,Significant_Damage_And_Serious_Injuries,0,0.43259358095925005,3
7770,3,0.168147873107599,78.83,80.5834092980857,12,33680.0996768755,42.7853881278539,Significant_Damage_And_Serious_Injuries,6,0.396892174540209,1
6658,4,0.0402197748879124,77.74,96.30811303555149,16,22016.952274007002,17.351598173516,Highly_Fatal_And_Damaging,14,0.245071042192571,2
2633,3,0.0860681777332208,76.21,82.3609845031905,10,17474.5485605647,62.4657534246575,Minor_Damage_And_Injuries,27,0.395810313739632,2
6781,4,0.0537586126419105,81.82,61.9416590701914,14,29492.566397426002,23.1050228310502,Highly_Fatal_And_Damaging,7,0.22343382618103103,1
75,5,0.0222726152360583,78.37,51.0483135824977,14,32372.4222574949,26.3470319634703,Significant_Damage_And_Fatalities,2,0.763282365668951,0
8181,4,0.0279354186380137,81.45,45.077484047402,16,14515.7951542876,42.4657534246575,Highly_Fatal_And_Damaging,8,0.47370429138117603,3
11955,3,0.20841422625368805,81.43,35.824977210574296,19,41508.440094186204,20.958904109589,Minor_Damage_And_Injuries,2,0.7546274792643342,1
5212,4,0.0733737553451417,82.52,61.6681859617138,12,40406.306332232205,66.25570776255711,Significant_Damage_And_Fatalities,8,0.368403173458348,4
2311,3,0.19833600453073896,77.2,58.02187784867821,9,39820.419251239706,53.8356164383562,Significant_Damage_And_Serious_Injuries,1,0.482359177785791,2
6021,3,0.186378615413655,85.27,69.0519598906108,14,37349.2494569828,37.671232876712295,Significant_Damage_And_Serious_Injuries,18,0.20396033177064501,1
10790,4,0.0675235373533295,80.71,67.31996353691889,10,36884.0023856598,37.5342465753425,Highly_Fatal_And_Damaging,0,0.491735304724126,2
11851,4,0.0680573980642769,84.74,49.6809480401094,18,37386.7912712908,45.5707762557078,Significant_Damage_And_Serious_Injuries,0,0.6962069960331769,2
10777,2,0.209716720905563,80.14,52.0966271649954,13,16200.336430059098,50.3196347031963,Highly_Fatal_And_Damaging,5,0.49462026685899696,2
3219,3,0.101519827745638,77.81,69.5533272561531,15,20387.356197873898,33.607305936073104,Significant_Damage_And_Serious_Injuries,4,0.33306238730616605,2
3236,2,0.178843572386274,81.58,74.52142206016408,13,15282.224811991598,50.7305936073059,Minor_Damage_And_Injuries,6,0.207205914172377,2
10546,3,0.16182116271440197,79.58,71.3764813126709,3,32463.032918282002,77.8538812785388,Highly_Fatal_And_Damaging,2,0.304573386224305,2
5821,4,0.0419814175319841,84.96,30.401093892433895,7,22753.2773234342,58.767123287671204,Minor_Damage_And_Injuries,3,0.774822214208438,2
7622,4,0.0344640314807206,82.26,70.464904284412,6,18418.669987587098,50.50228310502279,Highly_Fatal_And_Damaging,1,0.249759105661738,2
12458,4,0.0704870568565678,78.3,97.7666362807658,23,38630.4756847112,20.958904109589,Minor_Damage_And_Injuries,7,0.37092751532636103,4
753,6,0.00898285702476395,82.23,62.7164995442115,12,34889.6759220544,31.1872146118721,Highly_Fatal_And_Damaging,0,0.35686332491885997,3
2889,4,0.0576905077338298,79.49,71.1030082041933,15,31115.766134544,20.2283105022831,Highly_Fatal_And_Damaging,5,0.388958528669311,3
11723,4,0.0765664060964708,80.62,61.6226071103008,14,41691.6811624843,35.4794520547945,Significant_Damage_And_Serious_Injuries,1,0.43042985935809597,3
12092,3,0.143183126568889,82.19,79.71741112123979,10,28759.0997547688,50.7762557077626,Significant_Damage_And_Serious_Injuries,0,0.333423007573026,2
3627,2,0.44445203903850605,81.96,56.38103919781221,12,32702.1479935482,54.0182648401826,Highly_Fatal_And_Damaging,3,0.45603389830508395,1
601,4,0.0805377053035853,78.66,62.7620783956244,13,44040.9929536786,28.949771689497698,Highly_Fatal_And_Damaging,0,0.329095564370718,1
3020,4,0.0619950696061957,76.02,75.8432087511395,6,33959.191621617996,73.42465753424659,Minor_Damage_And_Injuries,8,0.292672917417959,4
9045,6,0.00794189349633051,80.74,68.7784867821331,22,31224.5282436972,6.027397260273969,Significant_Damage_And_Serious_Injuries,2,0.29123043635052304,2
1540,2,0.443808474464164,79.53,39.972652689152206,5,32840.8104973964,54.703196347032005,Highly_Fatal_And_Damaging,6,0.585496574107465,1
8009,2,0.541152830444993,81.72,54.2388331814038,8,40177.3017762019,68.4018264840182,Highly_Fatal_And_Damaging,11,0.6078550306527231,3
7670,6,0.0126772159034145,77.98,82.72561531449409,12,49040.7161051711,41.3698630136986,Significant_Damage_And_Serious_Injuries,20,0.462885683375405,2
1338,2,0.550393965793601,80.07,57.520510483135794,13,40741.8822675604,63.9269406392694,Significant_Damage_And_Fatalities,7,0.43908474576271206,2
3922,1,1.3253909471456002,81.7,67.5934366453965,12,36027.6632015151,30.7305936073059,Highly_Fatal_And_Damaging,3,0.255168409664623,3
5955,2,0.38932566963730997,81.85,79.1248860528715,14,28782.529009445298,49.2694063926941,Minor_Damage_And_Injuries,0,0.21838514244500498,3
4747,2,0.7469087401266341,75.27,65.587967183227,16,61815.498289526506,42.100456621004604,Minor_Damage_And_Injuries,15,0.4261024161557879,0
2268,2,0.47410975241859993,80.03,68.003646308113,18,35101.955009956604,12.9223744292237,Highly_Fatal_And_Damaging,1,0.330538045438154,2
11112,7,0.0028429851654431697,79.88,78.669097538742,10,29157.107439248797,73.5159817351598,Significant_Damage_And_Fatalities,6,0.239661738189686,1
10942,2,0.30300731695565697,79.37,52.142206016408394,12,22671.8172128642,41.8264840182648,Minor_Damage_And_Injuries,0,0.510848178867652,2
1254,5,0.0221611608546171,75.5,36.782133090246205,18,31647.884323696002,11.780821917808199,Significant_Damage_And_Fatalities,3,0.662308690948431,2
2321,2,0.3116315447563,77.69,68.5050136736554,7,22913.2170491522,72.9680365296803,Minor_Damage_And_Injuries,10,0.3597482870537321,1
4813,1,1.14214380855523,76.99,73.5186873290793,12,31180.8011630734,32.1461187214612,Highly_Fatal_And_Damaging,7,0.30313090515687,2
701,7,0.00212511012983095,84.43,68.1403828623519,13,27762.7996722579,52.4657534246575,Minor_Damage_And_Injuries,2,0.21333645870898002,2
11795,4,0.031134858517971997,79.15,86.82771194165909,16,17933.0502822011,18.310502283105,Highly_Fatal_And_Damaging,1,0.23064623151821104,4
10617,2,0.366224285097702,80.35,70.3281677301732,15,27009.1612134643,55.9360730593607,Significant_Damage_And_Fatalities,11,0.555925712225027,4
5763,4,0.05511924711346299,75.88,70.8751139471286,7,29978.3820723515,47.3059360730593,Highly_Fatal_And_Damaging,0,0.32368626036783194,1
4316,4,0.0827923767001147,80.52,61.485870556062004,14,45329.8896427857,36.62100456621,Significant_Damage_And_Serious_Injuries,5,0.5122906599350879,2
10976,1,1.30960836210872,81.01,77.52962625341841,13,35815.5275372957,51.6438356164384,Minor_Damage_And_Injuries,13,0.313228272628922,3
3543,3,0.21051362579014202,80.44,49.863263445761206,12,42607.0710974919,41.9634703196347,Minor_Damage_And_Injuries,8,0.33702921024161503,2
10530,4,0.0679645047747395,81.0,62.07839562443029,15,37550.3987735086,32.0547945205479,Significant_Damage_And_Serious_Injuries,3,0.368763793725207,0
11264,4,0.0658927127051911,75.98,51.1850501367366,18,36350.8751542663,11.6438356164384,Significant_Damage_And_Fatalities,4,0.59415146051208,4
10196,1,1.1096272722118001,77.75,50.136736554238794,13,30282.7718455263,29.634703196346997,Significant_Damage_And_Fatalities,0,0.506881355932203,2
2928,7,0.0030441132408250303,79.88,74.1567912488605,19,32850.282004221095,31.1872146118721,Minor_Damage_And_Injuries,9,0.275723764875586,3
3978,6,0.00956279453232168,80.39,73.0173199635369,8,38733.295469876204,56.2100456621004,Significant_Damage_And_Serious_Injuries,21,0.260938333934367,3
1039,1,1.2391773127288501,79.75,73.9744758432088,19,33776.6521906592,20.045662100456603,Significant_Damage_And_Serious_Injuries,17,0.334865488640461,0
5746,5,0.0085309014094308,79.64,42.9808568824066,6,5142.286073104389,52.3744292237443,Significant_Damage_And_Fatalities,6,0.645359538406058,4
5701,1,1.4077552684157402,82.17,69.1431175934367,14,38266.75565052,24.292237442922396,Highly_Fatal_And_Damaging,4,0.40771078254597903,2
6681,2,0.7809947454136509,79.27,58.979033728350004,13,57329.6806139297,51.232876712328796,Minor_Damage_And_Injuries,1,0.34027479264334604,2
11192,7,0.00234606575500546,78.84,56.426618049225205,16,22921.0773301534,53.287671232876704,Significant_Damage_And_Fatalities,1,0.46649188604399605,2
6050,4,0.0701068078993242,79.76,57.8395624430264,7,38817.0897087123,48.6301369863014,Highly_Fatal_And_Damaging,22,0.30854020915975394,1
8293,7,0.0024057624320687303,88.93,75.2051048313583,14,23410.3422885626,58.7214611872146,Significant_Damage_And_Fatalities,7,0.249398485394879,4
3468,3,0.0549491320280569,85.4,54.649042844120295,14,10299.8217544906,60.1826484018265,Highly_Fatal_And_Damaging,23,0.438002884962135,2
9256,2,0.44966678081681294,82.17,72.7894257064722,6,33357.8873971167,73.7899543378995,Minor_Damage_And_Injuries,4,0.427905517490083,2
1936,2,0.414941704093137,79.68,63.719234275296294,12,30615.0043937329,57.0319634703196,Minor_Damage_And_Injuries,5,0.306015867291742,1
9916,4,0.0442690631810244,81.31,61.9416590701914,7,24523.4215423173,48.675799086758005,Highly_Fatal_And_Damaging,3,0.321883159033537,0
2286,4,0.0548654683705585,77.8,54.4667274384686,10,29832.3547137758,50.365296803653,Minor_Damage_And_Injuries,10,0.38102488279841296,0
6711,6,0.006788015161854379,79.75,70.3281677301732,10,26501.859027862003,50.50228310502279,Significant_Damage_And_Serious_Injuries,0,0.325849981968986,0
3026,4,0.0434099096156099,78.97,84.22971741112129,13,23660.1874670774,29.7260273972603,Highly_Fatal_And_Damaging,4,0.262380815001803,2
1590,7,0.00192218331023255,86.42,59.115770282588905,11,19398.1511532957,68.49315068493149,Significant_Damage_And_Fatalities,3,0.416005048683736,1
9937,6,0.00841764201499157,86.4,72.2880583409298,11,36313.3505407666,45.7534246575342,Significant_Damage_And_Serious_Injuries,24,0.36263324918860396,2
8211,5,0.0186352687732008,81.25,52.7803099361896,13,26412.3256335554,28.9041095890411,Highly_Fatal_And_Damaging,7,0.280411828344753,2
12010,7,0.0025586921894384896,79.74,33.9562443026436,14,31682.670938997202,25.707762557077604,Highly_Fatal_And_Damaging,5,0.607133790119004,1
4890,7,0.0031758860473211,81.94,69.8268003646308,10,34529.6257428931,73.6986301369863,Significant_Damage_And_Fatalities,1,0.322604399567255,3
10479,4,0.0531635622842917,78.76,92.3883318140383,15,28994.8333817836,22.0091324200913,Highly_Fatal_And_Damaging,10,0.18520807789397797,2
2766,5,0.0194114223825463,80.65,78.07657247037379,9,29922.935404750202,54.84018264840179,Significant_Damage_And_Serious_Injuries,15,0.341356653443924,1
3873,4,0.0523085891514352,80.4,54.7857793983592,12,28287.9926044483,66.43835616438349,Significant_Damage_And_Serious_Injuries,5,0.36732131265777096,3
3720,3,0.17903915907143,82.38,58.1130355515041,6,35730.4510938833,64.61187214611871,Significant_Damage_And_Serious_Injuries,39,0.5642199783627839,1
4213,4,0.0736509209184376,79.51,71.8778486782133,8,40360.2154058748,44.0182648401826,Highly_Fatal_And_Damaging,3,0.25841399206635396,1
1129,6,0.0122327246872577,78.59,64.5396536007293,12,52480.1219846828,31.369863013698602,Highly_Fatal_And_Damaging,5,0.41961125135232596,1
11171,5,0.0165716965977314,78.28,52.415679124886104,14,25032.827702232902,36.027397260274,Minor_Damage_And_Injuries,2,0.45603389830508395,2
527,3,0.19527685651863397,76.94,69.5989061075661,13,39202.4925208187,27.2602739726027,Highly_Fatal_And_Damaging,1,0.32368626036783194,1
1625,6,0.00497222435160952,82.48,61.7593436645397,10,19949.517832695,51.1872146118721,Significant_Damage_And_Serious_Injuries,1,0.323325640100974,1
11669,2,0.587529548070556,82.45,85.18687329079309,8,43154.905667115,43.7899543378995,Highly_Fatal_And_Damaging,3,0.249759105661738,2
7618,1,0.8524335058162921,75.31,69.5533272561531,13,22950.581016018703,29.406392694063896,Highly_Fatal_And_Damaging,0,0.41564442841687704,1
11752,6,0.00985570910807226,78.31,81.7228805834093,10,38151.5060215647,49.0867579908676,Significant_Damage_And_Serious_Injuries,10,0.474786152181753,2
10354,2,0.39562322265235605,88.71,54.968094804010896,7,29133.3615239579,59.315068493150704,Minor_Damage_And_Injuries,0,0.25985647313379,1
7543,6,0.00265777562407155,79.68,79.71741112123979,11,8232.843654717059,69.8173515981735,Significant_Damage_And_Fatalities,3,0.235334294987378,2
1504,2,0.28708841944468,76.63,64.8131267092069,6,21098.2703267995,76.986301369863,Minor_Damage_And_Injuries,21,0.399055896141363,3
9317,4,0.0311441175214931,77.75,73.2907930720146,17,17117.8257190775,15.4337899543379,Highly_Fatal_And_Damaging,17,0.250480346195456,2
6662,4,0.06558601970379299,78.47,53.783044667274396,13,35828.5368182915,29.634703196346997,Significant_Damage_And_Fatalities,0,0.4686556076451501,3
1413,2,0.5178792514317611,79.94,80.0364630811304,16,38314.8168765976,41.324200913242,Minor_Damage_And_Injuries,2,0.224876307248467,1
4371,3,0.180345250583197,79.71,96.0346399270739,10,35819.066500176,72.00913242009129,Significant_Damage_And_Fatalities,3,0.20900901550667103,1
11244,2,0.447798128438708,82.14,62.57976298997271,8,32996.0938469542,44.794520547945204,Highly_Fatal_And_Damaging,6,0.284739271547061,1
2369,1,0.9914334669509591,81.92,51.640838650866,15,27350.129916002403,33.1963470319635,Minor_Damage_And_Injuries,2,0.258053371799495,2
3496,4,0.0397882618618052,76.77,69.5533272561531,10,21376.9966971613,39.4520547945205,Highly_Fatal_And_Damaging,0,0.24903786512801998,2
8331,2,0.5147322431834871,78.23,57.8395624430264,16,38033.854208112,18.310502283105,Highly_Fatal_And_Damaging,3,0.589824017309773,0
6054,3,0.200404041434698,78.28,77.7575205104832,13,40538.7808167345,39.4977168949772,Significant_Damage_And_Serious_Injuries,6,0.30168842408943397,4
5606,6,0.0106970316356193,76.04,63.8559708295351,13,44592.2197927135,40.2283105022831,Significant_Damage_And_Serious_Injuries,0,0.302770284890011,2
10954,2,0.42760965194734,78.01,72.7438468550593,7,31484.436643812598,72.9680365296803,Minor_Damage_And_Injuries,2,0.272838802740714,3
7580,1,1.3512748761678701,80.46,41.6134913400182,10,36638.3487690938,38.767123287671204,Significant_Damage_And_Fatalities,4,0.558089433826181,3
8313,3,0.153870216557604,80.44,79.62625341841391,19,31046.6876028269,31.552511415525103,Minor_Damage_And_Injuries,4,0.199993508835196,2
3348,4,0.0422835255042087,77.61,65.587967183227,19,22674.847654793797,44.20091324200911,Significant_Damage_And_Fatalities,4,0.26165957446808497,3
8709,4,0.082953147172737,81.42,46.080218778486795,9,45290.8837505859,41.0045662100457,Significant_Damage_And_Fatalities,12,0.6107399927875939,1
11431,7,0.00510546972779216,81.78,71.3764813126709,15,50476.5268180962,56.4840182648402,Significant_Damage_And_Fatalities,7,0.22884313018391603,2
10293,6,0.00706945023006998,79.81,63.126709206928,6,28815.0595298404,62.100456621004604,Significant_Damage_And_Serious_Injuries,1,0.392204111071042,1
6450,6,0.007417154126677141,78.82,73.0628988149499,14,29660.963488358902,37.3972602739726,Significant_Damage_And_Serious_Injuries,1,0.308900829426614,3
9929,4,0.0566174512939566,77.18,58.5688240656335,20,31041.738511205698,13.9269406392694,Significant_Damage_And_Serious_Injuries,6,0.328734944103858,2
381,7,0.00245160903803558,81.76,81.7228805834093,17,25156.0607252909,51.598173515981706,Significant_Damage_And_Fatalities,8,0.43547854309412204,2
12384,3,0.199990448988869,82.86,50.227894257064705,10,40528.3297651214,51.0502283105023,Minor_Damage_And_Injuries,1,0.663029931482149,1
5715,6,0.00814549614910403,81.39,68.3226982680037,12,33079.1686288525,32.4200913242009,Highly_Fatal_And_Damaging,2,0.134,4
1666,7,0.00209293652588338,78.16,71.3764813126709,18,23905.2920621382,12.694063926940599,Highly_Fatal_And_Damaging,1,0.29014857554994605,2
11823,3,0.123159947775821,79.1,53.2360984503191,10,24527.641829123702,62.0091324200913,Highly_Fatal_And_Damaging,1,0.392564731337901,1
2823,3,0.19784172757466897,78.12,63.947128532361,11,39759.020002548,56.301369863013704,Minor_Damage_And_Injuries,20,0.448100252434187,1
12396,7,0.00253163963344349,82.59,69.1431175934367,8,26062.3673281312,56.894977168949794,Significant_Damage_And_Serious_Injuries,2,0.32116191849982,0
10478,7,0.00197907711742809,76.43,56.4721969006381,14,22345.0322593983,24.1552511415525,Significant_Damage_And_Fatalities,1,0.523469888207717,4
8459,3,0.133100818437916,75.07,70.5560619872379,21,27171.7746672583,14.1095890410959,Significant_Damage_And_Serious_Injuries,15,0.22271258564731303,2
11654,4,0.0433673691025239,78.7,73.70100273473109,10,23568.4726202252,37.4885844748858,Highly_Fatal_And_Damaging,0,0.29123043635052304,1
926,2,0.505802785572527,82.01,59.9361896080219,12,37411.153141132,56.301369863013704,Minor_Damage_And_Injuries,9,0.42177497295348,1
9341,3,0.170794962939637,79.99,71.05742935278029,11,33980.6616754711,47.4885844748858,Significant_Damage_And_Serious_Injuries,23,0.278608727010458,3
6186,1,1.43260534928215,81.01,64.8587055606199,13,39310.1055152739,51.232876712328796,Minor_Damage_And_Injuries,13,0.24543166245943,2
4342,2,0.45461802393977596,83.27,47.0829535095716,16,33717.6108535464,29.2694063926941,Minor_Damage_And_Injuries,0,0.491014064190407,2
11375,2,0.506953609449847,82.2,56.6545123062899,10,37581.571485695495,61.5068493150685,Highly_Fatal_And_Damaging,12,0.586939055174901,4
952,3,0.21702404758172897,81.8,62.7620783956244,14,43148.0017161796,36.894977168949794,Significant_Damage_And_Serious_Injuries,3,0.28149368914533,0
22,2,0.5069466404329221,77.59,69.91795806745671,15,37626.225581993,46.1187214611872,Minor_Damage_And_Injuries,13,0.40302271907681203,2
3985,6,0.00897850103346247,81.2,69.27985414767551,11,36790.500809401696,46.2100456621004,Significant_Damage_And_Serious_Injuries,1,0.30637648755860103,3
10026,7,0.0034477026932488,79.27,56.9279854147676,13,38818.4708957809,28.2191780821918,Significant_Damage_And_Fatalities,0,0.32224377930039694,2
4911,2,0.339951974566805,86.51,67.7757520510483,10,25377.6139205903,51.689497716895,Significant_Damage_And_Serious_Injuries,3,0.507602596465921,2
1916,3,0.15193198627823,80.78,75.47857793983592,16,30206.164567377204,18.949771689497698,Highly_Fatal_And_Damaging,3,0.22379444644789004,1
4435,5,0.0239138624241046,79.73,74.74931631722879,11,36131.6524441203,34.474885844748805,Highly_Fatal_And_Damaging,7,0.300606563288856,2
3417,4,0.0674837302135489,81.08,49.6353691886965,12,36789.6854758482,33.2420091324201,Significant_Damage_And_Fatalities,1,0.366960692390912,3
5748,6,0.0129833111717393,83.7,91.3855970829535,14,51312.928443232995,37.7625570776256,Significant_Damage_And_Serious_Injuries,0,0.15924341868013,4
77,2,0.596791289287252,79.22,54.2388331814038,10,44097.24315896651,62.55707762557079,Highly_Fatal_And_Damaging,18,0.377418680129823,0
4084,6,0.00747291862275318,83.53,57.520510483135794,10,29541.1841118771,48.310502283105,Significant_Damage_And_Serious_Injuries,4,0.43295420122610906,2
9812,5,0.0169084447733504,84.52,79.8997265268915,12,25377.6648055458,43.7899543378995,Significant_Damage_And_Serious_Injuries,0,0.24002235845654502,2
12212,2,0.349246882159703,77.83,68.3682771194166,10,25777.007144414198,60.136986301369895,Minor_Damage_And_Injuries,7,0.24110421925712197,2
12048,1,0.901972619496758,77.37,54.922515952598,12,24135.4433661131,31.735159817351605,Significant_Damage_And_Fatalities,15,0.487407861521817,3
10932,7,0.00271660416896328,81.76,75.38742023701,18,31108.8785742791,46.6666666666667,Significant_Damage_And_Fatalities,11,0.388597908402452,2
2687,1,0.6555001130072979,79.0,67.18322698268001,9,17945.3617192645,52.100456621004604,Highly_Fatal_And_Damaging,8,0.46432816444284203,1
4544,2,0.27248602472930106,84.03,72.97174111212401,6,20120.8189568361,93.4703196347032,Significant_Damage_And_Fatalities,11,0.39112225027046504,1
1679,1,1.3753055765073898,82.75,59.57155879671829,14,37533.1751075407,25.8904109589041,Highly_Fatal_And_Damaging,3,0.5097663180670751,2
5527,5,0.00565999846684,76.86,71.55879671832271,14,3470.00217523393,48.584474885844706,Minor_Damage_And_Injuries,29,0.35542084385142403,3
1557,4,0.0506356835000303,76.55,70.464904284412,17,27801.6840675044,14.246575342465698,Highly_Fatal_And_Damaging,0,0.29014857554994605,1
7757,4,0.0705965089914202,81.46,52.9626253418414,11,38286.9508972876,36.2557077625571,Significant_Damage_And_Fatalities,4,0.46757374684457303,2
4004,5,0.0208654093668965,76.92,37.8304466727438,10,31051.277966358703,51.1872146118721,Minor_Damage_And_Injuries,1,0.5404190407500901,2
9036,2,0.43006922234610795,81.27,85.5970829535096,13,31661.628809564303,62.054794520547894,Significant_Damage_And_Fatalities,17,0.35109340064911604,3
2408,4,0.0462099576306868,75.12,35.9161349134002,14,24707.1969908956,36.027397260274,Minor_Damage_And_Injuries,2,0.455673278038226,1
885,3,0.152942206224691,78.78,69.8268003646308,20,30696.568878763,16.4840182648402,Significant_Damage_And_Serious_Injuries,3,0.316834475297511,3
5409,6,0.00520288981336876,77.25,61.34913400182321,15,20993.9622286411,21.1872146118721,Highly_Fatal_And_Damaging,0,0.522748647673999,3
11573,5,0.014990810229226001,78.93,62.07839562443029,15,22674.847654793797,46.5753424657534,Minor_Damage_And_Injuries,0,0.26346267580238,1
7183,3,0.0840330252227932,75.68,79.85414767547859,15,16837.0598386233,33.8356164383562,Significant_Damage_And_Serious_Injuries,1,0.215500180310133,1
8972,6,0.00861070374879613,80.16,85.6882406563355,8,35024.8216656218,56.62100456620999,Significant_Damage_And_Serious_Injuries,5,0.158882798413271,2
9207,7,0.00275349500295359,76.13,55.651777575205095,17,28245.641261576002,47.5342465753425,Significant_Damage_And_Serious_Injuries,22,0.5681868012982328,2
770,6,0.00969449788957227,84.2,78.94257064721971,13,37477.5074617678,52.1917808219178,Minor_Damage_And_Injuries,11,0.39076163000360603,3
5923,3,0.208458585806466,82.53,83.59161349134,11,41770.8047803057,33.1963470319635,Highly_Fatal_And_Damaging,11,0.28906671474936896,2
4242,4,0.0449289157473636,77.56,64.0382862351869,13,24317.561460150497,27.1689497716895,Highly_Fatal_And_Damaging,1,0.339192931842769,1
1265,4,0.0679180602164867,78.75,71.55879671832271,18,37047.5511597612,34.0182648401826,Minor_Damage_And_Injuries,1,0.42429931482149297,2
9316,4,0.0753117470472317,79.9,64.6763901549681,11,41238.4330086914,35.753424657534204,Highly_Fatal_And_Damaging,6,0.298082221420844,3
6527,5,0.0331848565099239,83.73,62.625341841385605,10,48197.220754101,60.136986301369895,Minor_Damage_And_Injuries,1,0.31719509556437103,0
4448,3,0.153635639691209,78.31,66.3172288058341,8,31035.6551968925,55.8447488584475,Significant_Damage_And_Serious_Injuries,10,0.41672628921745397,2
10289,7,0.00140758473987318,78.56,75.0683682771194,13,13696.9970624703,62.328767123287705,Significant_Damage_And_Fatalities,5,0.237858636855391,4
4086,4,0.0279903711072892,78.35,54.3755697356427,10,15261.993257843798,39.6803652968037,Significant_Damage_And_Fatalities,0,0.26165957446808497,3
11296,3,0.114395822423754,79.37,64.5396536007293,19,23081.839828003198,19.5433789954338,Significant_Damage_And_Serious_Injuries,4,0.28654237288135603,2
5371,1,1.2414273117491599,77.62,57.8851412944394,17,33766.6231497173,13.789954337899498,Highly_Fatal_And_Damaging,1,0.404465200144248,2
1534,7,0.00398650032291419,83.6,68.5050136736554,16,42983.7928902949,40.684931506849296,Minor_Damage_And_Injuries,0,0.255168409664623,3
3248,1,1.81855821625422,78.87,45.442114858705594,8,52118.2696447033,68.1278538812785,Minor_Damage_And_Injuries,8,0.575759826902272,2
4348,7,0.00348072307499041,80.95,70.5560619872379,17,36866.602231857,26.1187214611872,Significant_Damage_And_Serious_Injuries,6,0.29519725928597196,2
5067,1,1.30792861200427,80.52,54.876937101185,12,35654.721933341,34.2922374429224,Significant_Damage_And_Fatalities,7,0.6334590695997111,3
2098,3,0.11189706282859697,79.45,60.483135824977204,18,22547.195241547597,24.657534246575302,Significant_Damage_And_Serious_Injuries,4,0.38174612333213104,2
7940,7,0.0030566967414967397,77.23,66.40838650866,11,34655.461257430696,47.1232876712329,Significant_Damage_And_Serious_Injuries,7,0.28726361341507395,2
2083,7,0.00229126092821169,79.2,73.33637192342749,11,24792.9284845235,67.53424657534251,Significant_Damage_And_Fatalities,0,0.333423007573026,3