Accident_ID,Accident_Type_Code,Adverse_Weather_Metric,Cabin_Temperature,Control_Metric,Days_Since_Inspection,Max_Elevation,Safety_Score,Severity,Total_Safety_Complaints,Turbulence_In_gforces,Violations
6566,3,0.233684409670316,75.83,58.7511394712853,10,47156.9384261401,62.4657534246575,Minor_Damage_And_Injuries,20,0.6724060584204828,4
9189,2,0.3749148192132071,80.98,73.4275296262534,13,27855.9015760181,50.136986301369895,Minor_Damage_And_Injuries,6,0.25264406779661,3
1374,4,0.0468858459906645,78.78,65.49680948040111,9,25490.6441643368,64.337899543379,Minor_Damage_And_Injuries,0,0.578644789037144,2
10225,4,0.0827860671099331,81.64,59.6171376481313,14,45760.7560852147,25.9817351598173,Highly_Fatal_And_Damaging,7,0.503996393797331,2
56,7,0.00267087052186686,79.72,64.5852324521422,15,30615.0043937329,56.712328767123296,Significant_Damage_And_Fatalities,3,0.28401803101334305,3
9512,1,1.66486418964678,75.31,81.5861440291705,13,45416.582515986505,29.5433789954338,Highly_Fatal_And_Damaging,0,0.4336754417598271,2
2662,2,0.409374818142981,76.68,70.510483135825,16,30451.566012661402,30.9132420091324,Significant_Damage_And_Serious_Injuries,0,0.29519725928597196,0
1873,2,0.610441182645266,80.85,66.9097538742024,15,45020.554349611506,20.2739726027397,Highly_Fatal_And_Damaging,2,0.413120086548864,3
8476,4,0.058088147653132007,85.04,75.8887876025524,14,31236.0295960564,24.7945205479452,Highly_Fatal_And_Damaging,7,0.45134583483591795,2
480,4,0.0811200932683146,86.98,57.611668185961705,8,44502.4966181395,44.794520547945204,Highly_Fatal_And_Damaging,4,0.256610890732059,2
4018,2,0.49228732298939104,77.98,53.7374658158614,5,36219.5213082148,74.6575342465753,Minor_Damage_And_Injuries,6,0.311064551027768,2
6281,7,0.00262759331216413,78.59,62.1239744758432,15,28164.6002001739,22.0547945205479,Highly_Fatal_And_Damaging,19,0.330898665705012,3
9843,4,0.0502229972557038,77.67,51.3673655423883,15,27296.495090287597,22.602739726027398,Significant_Damage_And_Fatalities,5,0.526354850342589,2
8005,2,0.316784859744895,82.69,64.1294439380128,11,23317.669902061698,57.671232876712295,Minor_Damage_And_Injuries,4,0.409874504147133,2
1169,6,0.006833850552985589,84.48,63.8559708295351,12,27372.9129741752,44.566210045662096,Significant_Damage_And_Serious_Injuries,1,0.284739271547061,0
7920,7,0.0039231913300046,79.51,74.0200546946217,17,45934.133475443894,51.598173515981706,Significant_Damage_And_Fatalities,4,0.25264406779661,4
11054,3,0.16875836276271,76.98,66.362807657247,11,33599.0902717774,46.7579908675799,Significant_Damage_And_Serious_Injuries,1,0.252283447529751,1
4624,1,1.2036414840358702,79.86,56.426618049225205,15,32621.5261592713,20.5479452054795,Significant_Damage_And_Fatalities,1,0.46613126577713604,3
3474,4,0.0600603540074943,89.19,80.6289881494986,15,32626.605586126898,20.5022831050228,Highly_Fatal_And_Damaging,5,0.38174612333213104,1
8847,3,0.178257538798474,76.87,78.07657247037379,9,35851.210781326,55.342465753424705,Significant_Damage_And_Serious_Injuries,15,0.33306238730616605,1
2205,3,0.11225587509945098,80.2,54.4667274384686,14,22418.797459827598,37.4429223744292,Minor_Damage_And_Injuries,4,0.410235124413992,3
7055,4,0.0379490753135521,81.1,60.665451230628996,11,20390.802486206598,35.296803652968,Highly_Fatal_And_Damaging,4,0.272117562206996,2
6822,5,0.0102392831013005,81.12,68.3682771194166,10,15509.434504814699,61.324200913241995,Minor_Damage_And_Injuries,9,0.398695275874504,2
3166,1,1.37237416777423,76.8,96.80948040109391,17,37268.6477821181,37.4885844748858,Minor_Damage_And_Injuries,0,0.21117273710782503,2
6500,1,0.925208520778178,78.75,55.6061987237922,13,25291.404885318,50.3196347031963,Highly_Fatal_And_Damaging,5,0.434396682293545,3
6313,1,0.9483413993765591,80.21,88.4685505925251,12,25712.689152337996,32.100456621004604,Highly_Fatal_And_Damaging,14,0.245071042192571,2
1469,6,0.008699993303870921,79.86,75.25068368277121,12,35683.7717435303,32.9223744292237,Highly_Fatal_And_Damaging,7,0.316473855030653,1
803,3,0.0578625828464421,79.99,73.0628988149499,10,12479.625278258001,49.5890410958904,Significant_Damage_And_Serious_Injuries,3,0.24218608005769898,4
4891,3,0.13209095278572802,78.2,72.2880583409298,11,26471.4004943625,47.4885844748858,Significant_Damage_And_Serious_Injuries,23,0.205042192571222,3
57,4,0.05607319593887901,77.85,81.5861440291705,7,30497.8886605549,49.6803652968036,Highly_Fatal_And_Damaging,0,0.4340360620266861,4
9384,2,0.5106337660714121,79.72,52.5979945305378,11,37871.0557631729,46.1643835616438,Minor_Damage_And_Injuries,1,0.392564731337901,0
8440,3,0.16817304288473597,77.09,82.9079307201459,13,33924.8014530873,30.3196347031963,Highly_Fatal_And_Damaging,0,0.283296790479625,1
5373,3,0.141000605097377,78.21,68.04922515952599,14,28202.759653544,37.351598173516,Significant_Damage_And_Serious_Injuries,1,0.253004688063469,1
3917,2,0.620903116405641,77.36,72.06016408386509,18,46240.755011010995,24.1552511415525,Significant_Damage_And_Serious_Injuries,3,0.31935881716552506,0
5123,4,0.0640170538543537,75.2,89.9726526891523,14,35048.0265895625,23.9269406392694,Highly_Fatal_And_Damaging,0,0.282936170212766,4
2250,1,0.38948693524149997,75.97,81.26709206927991,15,12221.251002450701,21.2785388127854,Highly_Fatal_And_Damaging,15,0.201075369635773,1
309,6,0.0091876148524485,78.03,73.9744758432088,11,35902.3547465078,46.98630136986301,Significant_Damage_And_Serious_Injuries,3,0.335586729174179,1
9752,6,0.00605108745987546,77.64,35.2780309936189,12,24798.354079607798,42.3744292237443,Significant_Damage_And_Serious_Injuries,19,0.7546274792643342,1
1528,2,0.302231914191802,80.42,64.8587055606199,10,22472.167459524302,63.3333333333333,Minor_Damage_And_Injuries,13,0.339553552109629,3
133,1,0.9388623453591322,80.09,87.37465815861441,14,25712.689152337996,23.9269406392694,Highly_Fatal_And_Damaging,6,0.199632888568337,3
9112,4,0.0311427687291141,82.97,80.6745670009116,16,17933.0502822011,18.310502283105,Highly_Fatal_And_Damaging,1,0.269953840605842,3
10264,5,0.0193428547975353,77.99,65.5423883318141,12,27917.302583583598,55.5707762557078,Minor_Damage_And_Injuries,10,0.27896934727731704,1
11475,7,0.0043585994435759,79.72,63.90154968094811,4,47715.831462732305,93.78995433789949,Significant_Damage_And_Fatalities,2,0.24543166245943,4
7736,5,0.0128700652295364,86.13,57.65724703737471,11,18842.7886746802,34.0182648401826,Highly_Fatal_And_Damaging,14,0.39508907320591397,1
727,5,0.0286321409870276,79.74,47.9489516864175,7,42768.509481535,62.1917808219178,Significant_Damage_And_Serious_Injuries,0,0.7351539848539491,2
1120,1,1.03274750346758,77.29,58.8422971741112,16,28509.759682248798,41.324200913242,Minor_Damage_And_Injuries,4,0.219467003245582,1
5658,7,0.0023705327922354698,78.5,66.9553327256153,9,23787.7963047131,76.1187214611872,Significant_Damage_And_Fatalities,12,0.30637648755860103,2
5720,3,0.11991159314067099,78.25,59.89061075660889,19,24242.431985578998,30.776255707762605,Minor_Damage_And_Injuries,3,0.43908474576271206,2
1945,6,0.007077647836384609,77.73,82.9079307201459,11,28520.1977697407,45.79908675799089,Significant_Damage_And_Serious_Injuries,2,0.3629938694554629,3
6148,3,0.11189706282859697,84.72,67.4111212397448,16,22592.550262073797,27.4885844748858,Significant_Damage_And_Serious_Injuries,0,0.414923187883159,1
2041,7,0.00387806385854065,78.64,60.9845031905196,9,47132.95710729981,40.5479452054794,Highly_Fatal_And_Damaging,24,0.41672628921745397,2
8641,3,0.18069912567921198,81.7,84.8678213309025,16,36366.1530073838,30.9132420091324,Significant_Damage_And_Serious_Injuries,0,0.31214641182834496,1
1853,4,0.0556051582561625,77.53,61.850501367365595,13,30580.7516297544,28.9041095890411,Highly_Fatal_And_Damaging,0,0.31214641182834496,2
6591,1,1.32780561980098,81.53,85.9617137648131,9,36065.2085271643,40.7305936073059,Highly_Fatal_And_Damaging,1,0.281854309412189,1
9865,3,0.217592818863117,79.99,59.7082953509572,14,43459.9317547451,36.8493150684931,Significant_Damage_And_Serious_Injuries,11,0.30854020915975394,4
5858,3,0.150293721810262,77.85,80.4466727438469,9,30187.3009874332,53.47031963470321,Significant_Damage_And_Serious_Injuries,2,0.523469888207717,3
10602,4,0.0763609776836303,77.58,75.432999088423,18,41371.6365588084,12.9680365296804,Highly_Fatal_And_Damaging,2,0.27031446087270106,2
8505,2,0.21080944488171202,82.08,46.9917958067457,7,15496.0861565499,71.689497716895,Minor_Damage_And_Injuries,0,0.35578146411828293,2
8300,1,1.00658436939197,85.07,67.50227894257071,17,27361.8000012909,15.4337899543379,Highly_Fatal_And_Damaging,3,0.505078254597908,2
5089,3,0.11305805062845697,76.87,59.161349134001796,19,22708.316503614904,18.949771689497698,Significant_Damage_And_Serious_Injuries,5,0.45603389830508395,2
5855,6,0.00997298902026605,78.27,76.0711030082042,15,41263.0253571304,32.557077625570805,Significant_Damage_And_Serious_Injuries,22,0.38030364226469504,3
3458,4,0.0708873270749383,78.73,57.611668185961705,20,38630.4756847112,29.4977168949772,Minor_Damage_And_Injuries,10,0.36660007212405293,1
10432,1,1.0603906859471,81.06,40.975387420237006,20,28633.146501217998,40.5479452054794,Significant_Damage_And_Fatalities,1,0.6637511720158671,1
11845,4,0.0686361610266386,82.72,48.5870556061987,14,37386.7912712908,25.296803652968002,Significant_Damage_And_Fatalities,0,0.590545257843491,3
2362,2,0.664582259241775,79.73,55.6973564266181,16,48722.4847633761,40.7762557077626,Highly_Fatal_And_Damaging,8,0.317555715831229,3
9132,1,1.30122311447791,80.07,85.5970829535096,14,35415.675300555,59.4520547945205,Significant_Damage_And_Fatalities,16,0.35109340064911604,3
2216,2,0.653900333012144,85.61,56.973564266180496,14,49106.3559589155,38.401826484018294,Minor_Damage_And_Injuries,14,0.538976559682654,2
11507,6,0.00945681285940533,86.96,69.1431175934367,15,40561.6926747208,31.8264840182648,Significant_Damage_And_Serious_Injuries,0,0.335947349441038,2
6395,1,0.849133433713455,80.27,82.86235186873292,13,23197.1080931768,28.2191780821918,Highly_Fatal_And_Damaging,14,0.211893977641543,0
9435,3,0.17142642739135902,78.9,63.4457611668186,9,34501.86147776,53.74429223744289,Significant_Damage_And_Serious_Injuries,3,0.35361774251712896,4
403,5,0.0266123032873258,79.72,60.665451230628996,11,39103.4153008276,35.9817351598173,Highly_Fatal_And_Damaging,4,0.272117562206996,1
10991,3,0.11305805062845697,79.04,55.6061987237922,4,22841.7634088089,70.3196347031963,Minor_Damage_And_Injuries,5,0.300967183555716,3
5535,1,1.5268753027471498,77.81,76.8915223336372,11,41139.7992021811,57.671232876712295,Minor_Damage_And_Injuries,0,0.426823656689506,3
11034,3,0.0578625828464421,84.74,66.9097538742024,13,11938.9093113064,39.13242009132421,Significant_Damage_And_Serious_Injuries,0,0.29447601875225393,4
5711,4,0.040335527894257005,78.63,65.8614402917047,14,22429.337175223198,35.296803652968,Significant_Damage_And_Serious_Injuries,5,0.362272628921745,2
7898,6,0.00638052631766798,79.88,68.5505925250684,20,25239.6627058985,28.949771689497698,Significant_Damage_And_Fatalities,7,0.443772809231878,3
10474,5,0.0287891983148949,78.04,61.6226071103008,14,42708.8544741583,36.0730593607306,Significant_Damage_And_Serious_Injuries,4,0.462525063108547,3
880,6,0.00707802165652397,83.74,69.1431175934367,8,28510.1224862741,56.7579908675799,Significant_Damage_And_Serious_Injuries,4,0.32116191849982,2
4689,1,0.7446476060733109,78.08,54.056517775752106,9,20142.4706831629,40.6392694063927,Significant_Damage_And_Fatalities,3,0.487407861521817,2
5120,2,0.277200205655643,83.31,56.79124886052871,12,20482.4787022466,54.0182648401826,Highly_Fatal_And_Damaging,3,0.46937684817886705,1
11203,4,0.0634078516306716,82.53,73.1996353691887,12,34386.2469928113,32.739726027397296,Highly_Fatal_And_Damaging,9,0.325489361702128,2
3541,1,1.7872888721267501,80.24,45.3965360072927,9,48367.5893217614,66.57534246575341,Significant_Damage_And_Serious_Injuries,37,0.725777857915614,2
5879,4,0.035517130695692005,75.95,63.76481312670921,10,19689.9918669284,36.4383561643836,Highly_Fatal_And_Damaging,0,0.379221781464118,4
5967,3,0.14922052907052602,77.49,73.4275296262534,12,29977.721801670097,42.328767123287705,Significant_Damage_And_Serious_Injuries,10,0.31935881716552506,1
1763,2,0.6750695853109979,79.35,40.10938924339111,10,49762.797061373894,51.7351598173516,Minor_Damage_And_Injuries,1,0.5097663180670751,3
10924,4,0.0736990760111261,78.72,62.8988149498633,16,40580.037740715,17.4885844748858,Highly_Fatal_And_Damaging,1,0.477671114316625,3
5766,3,0.12512148567466802,80.62,62.7164995442115,14,25272.1248912302,36.11872146118721,Significant_Damage_And_Serious_Injuries,3,0.443772809231878,2
9251,4,0.0627929235604574,77.41,71.8778486782133,17,34315.1924134604,48.6301369863014,Significant_Damage_And_Fatalities,3,0.395810313739632,4
3375,1,1.14117623817193,76.96,85.5059252506837,19,31250.1583662827,8.0365296803653,Highly_Fatal_And_Damaging,36,0.219827623512441,2
9958,1,0.9388623453591322,79.17,60.027347310847794,17,25631.3457142277,37.3972602739726,Minor_Damage_And_Injuries,15,0.39148287053732395,1
5820,5,0.0215533582053583,77.91,72.7438468550593,14,32944.3336789672,23.8356164383562,Highly_Fatal_And_Damaging,0,0.219106382978723,3
8896,5,0.0245406632757047,79.86,72.0145852324522,10,35594.722894088,39.2694063926941,Highly_Fatal_And_Damaging,5,0.239661738189686,1
3151,4,0.032193074705009,78.7,78.5779398359162,9,17700.9200928918,64.2922374429224,Minor_Damage_And_Injuries,1,0.40374395961053006,1
2577,7,0.00391311571229848,88.39,49.2251595259799,10,44888.763138246504,75.4337899543379,Significant_Damage_And_Serious_Injuries,1,0.5241911287414349,1
3555,6,0.00910387785121973,79.51,70.1914311759344,13,33528.5133497288,38.4931506849315,Significant_Damage_And_Serious_Injuries,14,0.439805986296429,1
8051,1,0.9842617370008591,81.28,86.0072926162261,7,26663.960835205402,48.675799086758005,Highly_Fatal_And_Damaging,8,0.27031446087270106,2
7237,2,0.45324629318165505,76.5,63.947128532361,12,33495.7760928761,56.4840182648402,Minor_Damage_And_Injuries,20,0.24579228272628895,2
11817,6,0.008699993303870921,77.83,70.60164083865091,19,34956.4722310962,31.689497716894998,Minor_Damage_And_Injuries,17,0.388958528669311,3
1881,2,0.31695807411597304,79.51,64.94986326344579,13,23407.410999469,29.223744292237395,Highly_Fatal_And_Damaging,1,0.438002884962135,2
4604,1,0.6648704538602429,81.83,81.9051959890611,14,17287.255617720803,49.315068493150704,Minor_Damage_And_Injuries,2,0.158882798413271,2
107,3,0.191866234671853,80.43,48.0856882406563,14,38720.4523704446,47.351598173515995,Highly_Fatal_And_Damaging,1,0.44773963216732793,0
5221,7,0.00202569521884603,79.77,78.669097538742,11,19550.4236118066,69.5433789954338,Significant_Damage_And_Fatalities,9,0.20828777497295398,3
1211,4,0.0537586126419105,79.22,52.5979945305378,15,28716.275457879103,33.0593607305936,Minor_Damage_And_Injuries,3,0.401219617742517,2
2530,5,0.0195516826413514,86.43,77.7119416590702,13,29078.857107262298,29.223744292237395,Highly_Fatal_And_Damaging,1,0.362272628921745,1
6603,1,0.703984357896898,89.82,65.49680948040111,9,18897.2774645504,64.2922374429224,Minor_Damage_And_Injuries,0,0.578644789037144,1
4409,2,0.21312781947822798,79.46,51.9143117593437,14,16200.336430059098,50.136986301369895,Highly_Fatal_And_Damaging,2,0.49462026685899696,2
5671,2,0.403561045518032,76.14,71.05742935278029,8,29821.782357109503,69.77168949771689,Minor_Damage_And_Injuries,2,0.330538045438154,3
1092,5,0.0125144123549024,82.69,59.2980856882407,17,19433.6327994899,38.3561643835616,Minor_Damage_And_Injuries,3,0.5245517490082939,2
11720,4,0.0654085850714836,81.62,72.8805834092981,20,35684.882769847594,42.0547945205479,Significant_Damage_And_Fatalities,15,0.24002235845654502,0
11332,3,0.23187073722273,81.75,81.9051959890611,11,46567.49655364679,45.79908675799089,Significant_Damage_And_Serious_Injuries,4,0.31719509556437103,1
9276,4,0.0585884246430177,78.54,74.3391066545123,14,32099.6049465887,24.8858447488584,Highly_Fatal_And_Damaging,19,0.37345185719437396,2
12119,5,0.0199273006311425,85.11,59.115770282588905,13,30677.1054511937,28.0821917808219,Highly_Fatal_And_Damaging,5,0.426823656689506,2
3396,4,0.0790283218204027,80.8,87.5569735642662,13,42829.4991682479,28.9954337899543,Highly_Fatal_And_Damaging,22,0.302409664623152,2
4347,1,1.45138366021503,79.45,48.5414767547858,8,39029.733563313304,45.5707762557078,Significant_Damage_And_Fatalities,17,0.514093761269383,3
5134,2,0.38323611374495903,76.3,70.0091157702826,16,28473.7861502813,42.100456621004604,Minor_Damage_And_Injuries,5,0.49389902632527904,2
7465,3,0.183423033462332,82.73,68.7329079307201,11,36790.500809401696,45.15981735159821,Significant_Damage_And_Serious_Injuries,4,0.276084385142445,2
2433,1,0.959037977829188,80.04,66.1349134001823,17,25958.1374625071,38.8127853881278,Minor_Damage_And_Injuries,20,0.449542733501623,1
8516,7,0.00300620419812047,77.91,38.9699179580674,14,32734.2222720854,24.7945205479452,Significant_Damage_And_Fatalities,3,0.654375045077533,2
3091,6,0.00630093883464786,85.64,69.8268003646308,10,25227.6087401299,51.0502283105023,Significant_Damage_And_Serious_Injuries,6,0.350372160115398,2
1586,1,1.2229712083589799,81.13,58.7967183226983,11,33313.7192567944,33.1963470319635,Highly_Fatal_And_Damaging,3,0.6096581319870179,0
1749,3,0.247733688843325,85.26,55.0592525068368,13,50314.7204576381,40.1369863013699,Minor_Damage_And_Injuries,12,0.448100252434187,4
10391,6,0.00806007658873008,79.65,66.1349134001823,9,31702.3296639883,43.7899543378995,Highly_Fatal_And_Damaging,24,0.530682293544897,2
10735,1,0.5637375037832261,79.31,54.32999088422971,10,15261.993257843798,38.9041095890411,Significant_Damage_And_Fatalities,0,0.20468157230436299,4
10410,6,0.00869067328026623,86.18,69.1431175934367,13,36790.500809401696,41.1415525114155,Significant_Damage_And_Serious_Injuries,3,0.253725928597187,3
12312,4,0.036900366110634006,84.55,82.9079307201459,12,20578.6728343934,31.278538812785396,Highly_Fatal_And_Damaging,2,0.264183916336098,1
11589,1,0.819092324798317,78.42,70.9206927985415,19,22087.486013663598,18.904109589041102,Significant_Damage_And_Serious_Injuries,9,0.42429931482149297,5
12301,2,0.588559894511099,81.32,59.2980856882407,14,43290.014603370895,24.383561643835602,Highly_Fatal_And_Damaging,0,0.392564731337901,2
9706,4,0.0801631199888322,79.12,45.8067456700091,11,43562.3600966702,36.0730593607306,Significant_Damage_And_Fatalities,3,0.45603389830508395,3
164,7,0.0033245921784687397,76.65,52.643573381950794,6,36219.5213082148,63.3333333333333,Minor_Damage_And_Injuries,1,0.30781896862603697,3
2641,4,0.0739977852573517,84.48,75.70647219690059,9,40666.4707114104,40.6392694063927,Highly_Fatal_And_Damaging,10,0.24543166245943,3
4089,2,0.264253743919955,84.36,68.8240656335461,15,19364.545391415602,46.027397260274,Minor_Damage_And_Injuries,8,0.278248106743599,1
3921,4,0.0576727377660007,80.36,65.1321786690975,11,31168.9323784204,33.470319634703195,Highly_Fatal_And_Damaging,1,0.514093761269383,2
10202,1,1.24220464545647,80.96,68.003646308113,17,33745.4930288049,38.2648401826484,Minor_Damage_And_Injuries,0,0.339914172376487,3
1781,2,0.673466223494712,76.92,69.4165907019143,17,49422.6277653414,39.726027397260296,Minor_Damage_And_Injuries,8,0.30637648755860103,3
1648,4,0.0639321880002275,81.26,65.9070191431176,6,34804.4674968751,75.98173515981729,Minor_Damage_And_Injuries,12,0.335586729174179,2
3608,4,0.0454597222702216,77.58,74.61257976299,18,25262.9323082404,12.1004566210046,Highly_Fatal_And_Damaging,13,0.290509195816805,1
7018,7,0.00445126854005271,80.53,56.19872379216039,11,47797.8467413316,68.675799086758,Significant_Damage_And_Serious_Injuries,16,0.46613126577713604,1
2650,3,0.108435417579846,76.64,50.6836827711942,21,21741.0794070774,19.1780821917808,Highly_Fatal_And_Damaging,3,0.527076090876307,3
8358,5,0.0292830716747344,84.48,73.33637192342749,12,43276.564582851,31.2328767123288,Highly_Fatal_And_Damaging,0,0.342799134511359,1
1035,1,0.901972619496758,78.67,54.968094804010896,10,24314.5667574427,39.6803652968037,Significant_Damage_And_Fatalities,12,0.4686556076451501,1
5167,4,0.0484619583526901,78.93,70.3281677301732,18,26501.394552042002,13.698630136986301,Highly_Fatal_And_Damaging,17,0.333423007573026,2
1902,3,0.205151045690906,79.87,85.7793983591614,8,41205.689030552596,44.20091324200911,Highly_Fatal_And_Damaging,6,0.17475009015506698,4
3776,4,0.059734503402076,79.45,61.2579762989973,17,32880.4096681099,15.068493150684901,Highly_Fatal_And_Damaging,0,0.39508907320591397,2
9248,1,0.6516237432438571,84.93,68.64175022789429,16,18000.505628973602,17.3972602739726,Highly_Fatal_And_Damaging,2,0.246874143526866,1
6656,7,0.00256162599965324,78.52,62.306289881495,12,31436.644571636603,65.4337899543379,Significant_Damage_And_Fatalities,9,0.28906671474936896,3
3165,3,0.147491835955148,85.11,58.8422971741112,13,29640.209434172404,39.4520547945205,Significant_Damage_And_Serious_Injuries,13,0.472622430580599,3
5104,7,0.00330924065880104,81.27,66.9553327256153,12,35247.2887973971,42.2374429223744,Significant_Damage_And_Serious_Injuries,4,0.419971871619185,1
4114,6,0.008579149820314009,80.66,59.480401093892496,11,35902.3547465078,45.4794520547945,Significant_Damage_And_Serious_Injuries,2,0.34027479264334604,3
294,2,0.5568575606486209,81.14,47.9033728350046,15,41045.6940016465,33.0593607305936,Minor_Damage_And_Injuries,2,0.42970861882437794,2
11806,3,0.20952488990761897,77.74,59.9817684594348,12,42110.1776481671,56.4840182648402,Minor_Damage_And_Injuries,4,0.37489433826181,3
1574,6,0.00644871247685485,82.38,82.3154056517776,12,26360.683135080297,29.1780821917808,Highly_Fatal_And_Damaging,2,0.17799567255679802,1
3128,6,0.00901683250305683,78.84,88.92433910665449,9,36295.1033532213,51.6438356164384,Significant_Damage_And_Serious_Injuries,1,0.276805625676163,4
8829,3,0.13784167916210902,84.9,42.9808568824066,4,27604.7186624325,57.671232876712295,Significant_Damage_And_Fatalities,12,0.7351539848539491,3
10227,4,0.0897757319620174,77.86,69.4165907019143,13,49422.6277653414,27.671232876712303,Highly_Fatal_And_Damaging,2,0.314310133429499,3
5303,2,0.452214632161678,78.16,73.9288969917958,11,33256.4668152374,56.9406392694064,Minor_Damage_And_Injuries,5,0.23280995311936498,2
9633,3,0.20178360182813,77.13,57.474931631722896,10,40698.999317045294,39.13242009132421,Highly_Fatal_And_Damaging,8,0.333423007573026,2
1136,2,0.39580907580393204,77.16,61.6681859617138,12,29071.495945068,55.342465753424705,Minor_Damage_And_Injuries,4,0.6330984493328521,3
9169,6,0.0012063587479691099,85.22,66.4995442114859,14,831.6955534213299,23.7899543378995,Highly_Fatal_And_Damaging,0,0.360108907320591,1
9134,2,0.41168492804541795,81.91,49.589790337283496,19,30448.470005056603,9.68036529680365,Highly_Fatal_And_Damaging,9,0.30204904435629304,1
6177,4,0.0475274351310079,82.81,66.22607110300821,13,25836.4874397067,29.0867579908676,Highly_Fatal_And_Damaging,0,0.455673278038226,2
2372,7,0.00159551730388445,82.66,76.4813126709207,16,22214.445458565402,53.47031963470321,Significant_Damage_And_Fatalities,0,0.296279120086549,4
4584,4,0.0250399969857958,76.79,60.1185050136736,13,13468.0085006978,41.1872146118721,Significant_Damage_And_Serious_Injuries,4,0.5483526866209879,2
8741,5,0.0133018956111364,80.2,78.07657247037379,7,18887.316157966598,47.899543378995396,Highly_Fatal_And_Damaging,14,0.329456184637577,3
2733,3,0.133099569852491,75.98,68.3682771194166,9,26782.0242843159,52.9680365296804,Significant_Damage_And_Serious_Injuries,16,0.39833465560764497,1
11159,6,0.00842757143418226,79.28,56.0619872379216,12,37014.2169525702,55.662100456621,Highly_Fatal_And_Damaging,10,0.281133068878471,2
10659,4,0.0382112476922794,75.55,66.7274384685506,17,21193.4253281044,14.1095890410959,Highly_Fatal_And_Damaging,9,0.254447169130905,2
3800,6,0.00431639490470017,79.2,70.8751139471286,15,19271.92218715,34.429223744292194,Significant_Damage_And_Serious_Injuries,23,0.224876307248467,2
10544,1,1.36336943621395,79.61,53.2360984503191,16,36597.9702560012,41.643835616438295,Highly_Fatal_And_Damaging,8,0.724335376848178,2
7752,7,0.0019491457967351399,77.4,41.066545123062895,17,21720.5738257697,24.703196347031998,Significant_Damage_And_Serious_Injuries,12,0.578284168770285,2
11230,1,0.821132663396067,77.62,53.7374658158614,21,22401.7922742848,1.4155251141552498,Significant_Damage_And_Fatalities,5,0.48812910205553495,1
9375,2,0.43231504591554204,77.4,52.415679124886104,11,32053.669842043502,58.082191780821894,Highly_Fatal_And_Damaging,2,0.313228272628922,1
10052,1,0.7887980227176491,78.64,66.7730173199635,17,21489.4750236165,38.4474885844749,Minor_Damage_And_Injuries,5,0.419971871619185,2
3096,5,0.0350479665945333,78.37,59.2980856882407,12,53455.0451129203,53.01369863013699,Minor_Damage_And_Injuries,7,0.504717634331049,1
11021,7,0.0030220785773064102,83.92,59.0701914311759,14,35110.9406963034,37.671232876712295,Significant_Damage_And_Serious_Injuries,16,0.44701839163360996,1
7888,2,0.34950274543965504,78.52,76.8915223336372,11,25723.8293580535,57.5799086757991,Minor_Damage_And_Injuries,7,0.428266137756942,3
4363,5,0.0236089231156199,80.98,61.6226071103008,15,33871.586283706,58.1735159817352,Significant_Damage_And_Fatalities,3,0.656538766678687,4
5140,3,0.13145313384967902,80.58,79.7629899726527,14,26266.3679590952,37.4885844748858,Significant_Damage_And_Serious_Injuries,1,0.251201586729174,2
9828,7,0.00269001027366561,77.41,45.3965360072927,9,30664.9684488475,53.6529680365297,Minor_Damage_And_Injuries,4,0.63742589253516,2
11865,2,0.63077436941814,78.91,61.0300820419326,16,46832.98709415481,18.1278538812785,Highly_Fatal_And_Damaging,14,0.523469888207717,2
368,3,0.14908297248445498,77.0,61.0300820419326,13,29921.134495497598,38.8584474885845,Significant_Damage_And_Serious_Injuries,19,0.366960692390912,1
112,3,0.23473522219048001,79.08,68.9608021877849,12,48088.2017203851,42.8767123287671,Significant_Damage_And_Serious_Injuries,14,0.192059862964299,4
1572,3,0.12433664971354302,78.84,64.1294439380128,23,24998.0502221417,3.2876712328767095,Significant_Damage_And_Serious_Injuries,3,0.40662892174540205,3
7877,2,0.27574547120111204,77.56,64.6308113035552,13,20377.444266255,29.7260273972603,Highly_Fatal_And_Damaging,0,0.438363505228994,2
5693,3,0.153207762165885,81.03,63.4457611668186,11,30772.601639018398,45.5707762557078,Significant_Damage_And_Serious_Injuries,1,0.334865488640461,1
11636,2,0.736627401114748,79.97,51.0938924339107,14,57472.2115284175,36.027397260274,Minor_Damage_And_Injuries,4,0.375615578795528,2
2977,1,1.7000268879320202,75.95,63.90154968094811,11,44739.943520739405,33.7899543378995,Highly_Fatal_And_Damaging,2,0.502553912729895,1
9154,4,0.0413384526477102,79.3,80.0364630811304,6,22331.875125169503,52.100456621004604,Highly_Fatal_And_Damaging,1,0.134,1
987,1,1.3297348011705101,77.13,69.0519598906108,20,36086.8999557426,29.3607305936073,Minor_Damage_And_Injuries,10,0.24146483952398104,2
7089,6,0.00979693726207845,81.72,59.6627164995442,10,41050.3418331489,51.1872146118721,Significant_Damage_And_Serious_Injuries,1,0.531764154345474,1