Accident_ID,Accident_Type_Code,Adverse_Weather_Metric,Cabin_Temperature,Control_Metric,Days_Since_Inspection,Max_Elevation,Safety_Score,Severity,Total_Safety_Complaints,Turbulence_In_gforces,Violations
1418,6,0.0063532410289954605,77.53,62.944393801276206,13,24590.303955322797,40.821917808219204,Significant_Damage_And_Serious_Injuries,2,0.312507032095204,3
1736,2,0.637457086688145,76.95,67.86690975387421,15,46974.390404833,45.9817351598173,Minor_Damage_And_Injuries,0,0.37345185719437396,2
4248,2,0.59741302238325,76.45,70.4193254329991,10,44265.543775561506,60.0913242009132,Minor_Damage_And_Injuries,5,0.325849981968986,2
9570,4,0.0777981829794295,77.6,74.7948951686418,8,42329.0179287936,42.648401826484,Highly_Fatal_And_Damaging,5,0.233531193653083,1
12248,6,0.00627654085155748,76.56,86.9644484958979,13,25187.711918033598,28.675799086757998,Highly_Fatal_And_Damaging,10,0.31214641182834496,2
11792,6,0.0072412476741453595,89.43,72.5615314494075,14,29078.857107262298,34.8401826484018,Significant_Damage_And_Serious_Injuries,0,0.34532347637937205,1
12477,6,0.0121599528509085,82.64,58.4320875113947,10,52249.610146137195,48.81278538812779,Significant_Damage_And_Serious_Injuries,7,0.526354850342589,2
663,6,0.00627654085155748,89.43,64.7219690063811,15,23921.6874918585,32.4657534246575,Significant_Damage_And_Serious_Injuries,0,0.34532347637937205,3
219,6,0.0101532118856562,78.67,74.7037374658159,8,41528.151296692995,56.7579908675799,Significant_Damage_And_Serious_Injuries,5,0.233531193653083,2
2614,4,0.0540361961039766,78.51,41.4311759343665,12,29502.763421053198,32.100456621004604,Significant_Damage_And_Fatalities,1,0.538615939415795,2
8792,5,0.0195855691124162,77.41,72.47037374658159,12,28923.9002638104,56.027397260274,Minor_Damage_And_Injuries,18,0.19494482509917002,1
2005,2,0.355624090107977,83.9,53.2360984503191,10,26298.071960626297,63.287671232876704,Highly_Fatal_And_Damaging,1,0.427905517490083,2
6425,3,0.144784763505103,82.25,56.2443026435734,4,29313.432834349198,70.3196347031963,Minor_Damage_And_Injuries,11,0.538615939415795,3
795,7,0.0043585994435759,81.43,55.469462169553296,12,50201.5005708721,56.301369863013704,Highly_Fatal_And_Damaging,7,0.409153263613415,3
1784,3,0.0984961040817364,83.07,87.693710118505,8,20210.9647367577,55.342465753424705,Significant_Damage_And_Serious_Injuries,10,0.27752686620988104,1
5302,2,0.20126609841095802,75.88,77.3473108477666,7,14865.9056452982,48.401826484018294,Highly_Fatal_And_Damaging,22,0.40374395961053006,2
10511,1,1.3604017161145,79.97,50.0,17,36597.9702560012,14.703196347032002,Significant_Damage_And_Fatalities,1,0.7459725928597181,5
28,2,0.35590570173681796,78.04,57.0191431175934,16,26266.1389809758,17.7168949771689,Significant_Damage_And_Fatalities,7,0.375615578795528,2
2552,4,0.0297420079274472,77.74,54.69462169553329,12,15949.8073396295,33.013698630137,Significant_Damage_And_Fatalities,5,0.47839235485034204,3
9953,1,0.628408170433345,83.02,75.75205104831359,13,17157.8631807909,29.452054794520503,Highly_Fatal_And_Damaging,11,0.339192931842769,2
9705,6,0.00367858356276741,76.11,75.38742023701,1,16149.317703506398,58.4931506849315,Significant_Damage_And_Serious_Injuries,5,0.24579228272628895,3
2308,6,0.0112415293720467,79.42,71.4676390154968,16,46240.755011010995,30.0913242009132,Significant_Damage_And_Serious_Injuries,0,0.32224377930039694,1
3378,4,0.0454098325116744,81.25,77.1649954421149,10,24926.7672088726,37.5799086757991,Highly_Fatal_And_Damaging,6,0.24290732059141698,1
1176,3,0.164009610870493,78.2,70.6927985414767,13,32921.0147172516,39.908675799086794,Significant_Damage_And_Serious_Injuries,1,0.20143598990263198,3
5591,2,0.5672011325946911,81.42,55.834092980856894,13,41874.6636548015,51.8264840182648,Highly_Fatal_And_Damaging,5,0.5036357735304721,4
8705,4,0.0388307713777085,81.56,53.281677301731996,11,21037.2785374601,36.8036529680365,Significant_Damage_And_Fatalities,10,0.40518644067796605,1
127,3,0.112198793945968,78.94,43.664539653600706,12,22564.437202318102,54.703196347032005,Highly_Fatal_And_Damaging,1,0.48596538045438104,3
9199,4,0.0587171967854856,81.82,76.4813126709207,20,32328.2199170687,27.945205479452,Minor_Damage_And_Injuries,6,0.38174612333213104,3
1672,5,0.0213757507668136,79.73,65.1321786690975,13,32372.4222574949,27.7168949771689,Highly_Fatal_And_Damaging,5,0.580447890371439,1
7087,3,0.18331092928732604,76.07,61.5770282588879,14,36736.6428204931,34.7945205479452,Significant_Damage_And_Serious_Injuries,5,0.5122906599350879,0
5787,2,0.281139882874009,81.08,58.7967183226983,15,20737.020881289798,43.105022831050206,Minor_Damage_And_Injuries,1,0.28221492967904804,1
12447,2,0.33659510505908197,76.56,82.0875113947128,9,25019.9299511302,54.7488584474886,Significant_Damage_And_Serious_Injuries,28,0.395810313739632,3
2065,7,0.0028554832641924602,79.22,69.4165907019143,14,31856.303382075897,58.9954337899543,Significant_Damage_And_Fatalities,7,0.324768121168409,3
7241,2,0.209602822932632,82.3,65.0865998176846,14,16099.4774068421,47.7625570776256,Minor_Damage_And_Injuries,1,0.330538045438154,4
6475,3,0.15110353553781303,79.51,78.8514129443938,17,30206.164567377204,16.1187214611872,Highly_Fatal_And_Damaging,3,0.247234763793725,1
8095,4,0.0296883507771248,81.25,76.8915223336372,10,16209.2902996607,37.808219178082204,Highly_Fatal_And_Damaging,4,0.3705668950595021,0
7656,2,0.134834939340907,77.56,81.5405651777575,11,12595.428881436,58.1278538812785,Minor_Damage_And_Injuries,5,0.296279120086549,1
2033,5,0.0153906591214204,80.83,75.7976298997265,19,23270.133087707403,6.575342465753419,Highly_Fatal_And_Damaging,6,0.20143598990263198,4
11465,2,0.296854439576655,85.75,63.947128532361,15,21997.4295032142,19.954337899543397,Highly_Fatal_And_Damaging,8,0.20143598990263198,3
3938,4,0.055088709360491,81.15,59.799453053783104,9,29969.7483833104,42.8310502283105,Highly_Fatal_And_Damaging,1,0.416005048683736,2
1052,6,0.011305769327268999,77.11,72.1969006381039,13,47882.5666610854,40.091324200913206,Significant_Damage_And_Serious_Injuries,16,0.527076090876307,2
5986,2,0.49916781630291795,83.34,69.3254329990884,15,36790.500809401696,45.0684931506849,Minor_Damage_And_Injuries,1,0.29447601875225393,3
12302,2,0.55117256042946,77.65,62.57976298997271,11,40813.3057574463,36.0730593607306,Highly_Fatal_And_Damaging,3,0.480556076451497,3
5859,4,0.0550271229181054,77.22,67.4111212397448,21,29968.1253284843,3.2876712328767095,Minor_Damage_And_Injuries,8,0.42177497295348,3
2525,4,0.059734503402076,77.08,72.7438468550593,14,32944.3336789672,23.8356164383562,Highly_Fatal_And_Damaging,2,0.233531193653083,4
10626,3,0.174856048709027,79.9,63.3546034639927,13,34937.2262229177,40.6392694063927,Significant_Damage_And_Serious_Injuries,11,0.298442841687703,1
6046,6,0.0150402899314281,78.31,65.7247037374658,12,60252.163369468704,55.433789954337904,Minor_Damage_And_Injuries,8,0.540058420483231,1
2962,3,0.199585420560171,80.13,59.9817684594348,19,39951.8232283986,18.949771689497698,Significant_Damage_And_Serious_Injuries,3,0.47117994951316206,3
11863,4,0.0404193589227867,79.25,72.151321786691,10,22172.7226577113,39.726027397260296,Highly_Fatal_And_Damaging,0,0.2061240533718,2
3174,1,1.1722142956384698,77.4,77.7575205104832,13,31763.146356852798,30.593607305936104,Highly_Fatal_And_Damaging,4,0.32116191849982,4
6160,6,0.008505971183399871,77.1,81.3582497721058,15,35236.6318842485,20.5479452054795,Highly_Fatal_And_Damaging,5,0.201075369635773,2
5792,4,0.0791311957739559,76.92,66.9097538742024,14,42708.8544741583,48.4931506849315,Minor_Damage_And_Injuries,4,0.450263974035341,2
9473,6,0.00656903894305681,82.37,87.5569735642662,16,26959.581905196203,29.406392694063896,Significant_Damage_And_Serious_Injuries,19,0.302409664623152,0
3884,1,1.0575373128741101,80.26,72.6526891522334,20,28770.8750092367,27.2602739726027,Minor_Damage_And_Injuries,8,0.31214641182834496,2
181,3,0.128131027077609,77.89,79.17046490428442,13,26032.9419014836,37.9908675799087,Significant_Damage_And_Serious_Injuries,1,0.22920375045077498,1
2663,1,0.685290136584357,78.06,53.5095715587967,10,18614.2680854717,40.0,Significant_Damage_And_Fatalities,1,0.24579228272628895,2
4799,4,0.0311584829016707,86.57,69.9635369188697,13,17948.525064643,29.0867579908676,Highly_Fatal_And_Damaging,11,0.26165957446808497,1
11380,6,0.0109988106068976,80.6,59.9817684594348,19,44313.057976137,18.675799086758,Significant_Damage_And_Serious_Injuries,1,0.47117994951316206,2
7474,4,0.044555720248319004,76.45,70.3281677301732,10,24386.649921265,61.41552511415521,Minor_Damage_And_Injuries,0,0.23713739632167302,1
2225,7,0.0005027740120415361,82.2,35.6882406563355,15,13528.4162077142,32.648401826484,Minor_Damage_And_Injuries,1,0.611100613054453,2
6977,5,0.0157543917646869,79.43,74.1567912488605,9,23692.097027919503,75.4337899543379,Significant_Damage_And_Fatalities,1,0.40266209880995296,2
5352,6,0.007972713793777321,80.78,51.3673655423883,11,32732.6183611824,45.0684931506849,Minor_Damage_And_Injuries,0,0.539697800216372,3
4814,3,0.137228468937994,77.67,51.276207839562396,12,27780.3160869946,41.9178082191781,Minor_Damage_And_Injuries,4,0.510848178867652,2
4908,7,0.00400045874080407,74.82,52.5979945305378,14,43447.1518302216,62.100456621004604,Significant_Damage_And_Serious_Injuries,5,0.45603389830508395,2
8738,6,0.0119400602625915,78.11,68.7784867821331,10,48088.2017203851,49.8173515981735,Significant_Damage_And_Serious_Injuries,7,0.200354129102055,4
8272,1,0.202495647194575,82.8,59.4348222424795,10,10730.4301304362,39.634703196347,Highly_Fatal_And_Damaging,18,0.41961125135232596,0
586,7,0.0037914882170522702,78.5,89.51686417502279,14,44434.087148771796,60.5479452054795,Significant_Damage_And_Fatalities,1,0.21766390191128698,3
10059,5,0.0298117966425456,76.35,57.520510483135794,12,43870.357040907,54.0639269406393,Minor_Damage_And_Injuries,8,0.284739271547061,2
9621,2,0.44453631852739095,82.19,65.3600729261623,10,32702.1479935482,61.324200913241995,Minor_Damage_And_Injuries,1,0.54763144608727,2
1633,5,0.0273062158003251,85.61,72.8350045578852,15,41247.2138694394,45.433789954337904,Minor_Damage_And_Injuries,1,0.259135232600072,3
11880,6,0.00530521382185971,79.81,68.04922515952599,14,20231.0982565313,38.675799086758,Significant_Damage_And_Serious_Injuries,2,0.311064551027768,2
10873,3,0.121638567542421,78.32,61.3947128532361,16,24750.8715934395,29.0867579908676,Significant_Damage_And_Serious_Injuries,14,0.38607356653443897,2
1834,2,0.318224181847226,81.28,65.4056517775752,11,23362.5382988508,35.4337899543379,Highly_Fatal_And_Damaging,34,0.254807789397764,4
12344,7,0.00235400933088621,77.61,70.4193254329991,13,25200.249230537902,50.7762557077626,Minor_Damage_And_Injuries,8,0.572153624233682,3
8824,3,0.131215115356971,78.85,64.4484958979034,13,26319.289765499198,63.1963470319635,Significant_Damage_And_Fatalities,16,0.414923187883159,2
9205,4,0.0479837060862173,79.53,53.783044667274396,9,26164.096240265,40.7305936073059,Significant_Damage_And_Fatalities,1,0.572153624233682,1
4937,2,0.18536869769404699,76.97,82.86235186873292,20,13214.8518929535,42.100456621004604,Significant_Damage_And_Fatalities,9,0.257332131265777,3
748,5,0.0170823495653645,82.39,61.303555150410205,18,25175.008694098102,12.191780821917801,Highly_Fatal_And_Damaging,4,0.39508907320591397,0
2997,2,0.385350791346705,75.61,53.7374658158614,18,28475.160006696602,13.37899543379,Highly_Fatal_And_Damaging,1,0.273199423007573,1
7299,3,0.149511410661996,77.3,64.9954421148587,10,29944.115484551003,49.0867579908676,Significant_Damage_And_Serious_Injuries,1,0.175471330688784,3
12452,4,0.07446729123838901,76.33,67.31996353691889,11,40589.5179998994,37.3972602739726,Highly_Fatal_And_Damaging,0,0.219827623512441,2
10561,6,0.0116764435606435,78.12,61.5770282588879,15,45004.00139822019,32.0547945205479,Significant_Damage_And_Serious_Injuries,20,0.366960692390912,1
10184,7,0.0025952734088250102,79.6,37.283500455788605,9,29656.9767538356,72.3744292237443,Significant_Damage_And_Serious_Injuries,1,0.602806346916697,1
9660,3,0.205151045690906,79.68,66.6818596171377,12,40973.9095182754,30.3196347031963,Highly_Fatal_And_Damaging,6,0.304212765957447,3
5856,4,0.0604465525608029,81.05,48.8149498632635,13,32732.6183611824,26.7123287671233,Significant_Damage_And_Fatalities,1,0.5209455463397039,2
3890,7,0.00285586076405534,79.22,45.62443026435739,14,29656.9767538356,62.100456621004604,Significant_Damage_And_Serious_Injuries,0,0.52238802740714,0
6753,2,0.28084625108574895,82.45,35.824977210574296,12,20873.6503811668,41.9178082191781,Minor_Damage_And_Injuries,1,0.8819264334655601,3
8911,4,0.0353204941879463,81.82,80.21877848678221,17,19391.696304701898,16.1187214611872,Highly_Fatal_And_Damaging,12,0.48308041831950893,2
10774,2,0.642916519438549,77.35,53.09936189608021,15,47423.386064199294,43.6529680365297,Highly_Fatal_And_Damaging,2,0.439805986296429,1
6433,3,0.147352118771716,87.62,76.5724703737466,14,29518.3315276388,25.296803652968002,Highly_Fatal_And_Damaging,1,0.286181752614497,1
402,4,0.0625009046598149,82.39,59.845031905196,15,34205.1278146446,21.369863013698602,Highly_Fatal_And_Damaging,9,0.38282798413270797,2
9805,3,0.16601023985890803,77.09,61.3947128532361,13,33346.971706889904,41.3698630136986,Significant_Damage_And_Serious_Injuries,6,0.330898665705012,1
5225,1,1.53438892314887,76.73,60.57429352780311,11,41720.133549862796,33.7442922374429,Highly_Fatal_And_Damaging,3,0.39508907320591397,2
8171,4,0.0583819270530569,80.24,45.3965360072927,8,31898.6401662182,80.3196347031963,Significant_Damage_And_Serious_Injuries,22,0.607133790119004,2
6899,2,0.416258197098539,82.81,59.2980856882407,17,30757.5517000084,12.9223744292237,Highly_Fatal_And_Damaging,5,0.392204111071042,1
3497,2,0.27230567324760196,76.11,71.1485870556062,16,20020.2701860792,41.0958904109589,Minor_Damage_And_Injuries,5,0.30745834835917796,1
11065,7,0.00301174000967889,77.38,62.7164995442115,15,32624.822618851802,34.7488584474886,Significant_Damage_And_Serious_Injuries,8,0.425020555355211,3
3167,7,0.00402538761167156,76.71,72.2880583409298,12,41428.983072817995,67.53424657534251,Significant_Damage_And_Fatalities,8,0.23100685178507,2
5600,3,0.16352633269592198,80.77,91.0665451230629,9,32746.1554861564,52.3744292237443,Highly_Fatal_And_Damaging,14,0.328734944103858,2
6538,7,0.0011026362175773,84.64,68.64175022789429,11,831.6955534213299,70.5022831050228,Significant_Damage_And_Fatalities,0,0.374533717994951,2
6923,7,0.00276139135868097,79.89,70.6472196900638,14,28891.498017638598,58.8584474885845,Significant_Damage_And_Fatalities,2,0.386434186801298,3
5960,4,0.0735227854053321,78.32,72.151321786691,16,40491.8862409923,19.2237442922374,Highly_Fatal_And_Damaging,7,0.38282798413270797,4
5400,3,0.10117521906412599,81.63,73.70100273473109,10,20406.491789574,48.4931506849315,Significant_Damage_And_Serious_Injuries,1,0.273560043274432,2
10864,2,0.47532266563794395,79.63,76.02552415679129,18,35006.6478704957,13.698630136986301,Highly_Fatal_And_Damaging,17,0.309622069960331,2
2056,4,0.0824277038157889,81.61,83.54603463992709,8,44941.580982511696,44.20091324200911,Highly_Fatal_And_Damaging,0,0.212254597908403,1
4261,7,0.00238118653379434,78.66,71.8778486782133,17,25824.6274374023,49.178082191780796,Significant_Damage_And_Fatalities,9,0.5735961053011179,3
7860,3,0.192732679814333,83.03,58.38650865998179,12,38660.0959485539,43.5159817351598,Significant_Damage_And_Serious_Injuries,2,0.61939487919221,1
9325,2,0.47368515865696503,75.14,64.4940747493163,16,35067.7050829379,41.9178082191781,Minor_Damage_And_Injuries,3,0.243267940858276,1
11870,2,0.473728357870026,77.3,50.136736554238794,7,35000.8621054718,71.9178082191781,Highly_Fatal_And_Damaging,2,0.482719798052651,3
398,4,0.0482410618460628,79.73,65.1321786690975,13,26548.8926588994,28.2191780821918,Highly_Fatal_And_Damaging,5,0.43908474576271206,1
7426,5,0.0313585716185308,81.11,35.2780309936189,12,46104.7029866108,42.4200913242009,Significant_Damage_And_Serious_Injuries,9,0.705583122971511,1
12262,4,0.0867404728643644,84.87,37.6481312670921,14,47124.2411106397,49.77168949771689,Minor_Damage_And_Injuries,6,0.5425827623512439,2
10428,2,0.478473145692437,79.28,55.241567912488605,11,35207.3986716271,48.401826484018294,Minor_Damage_And_Injuries,9,0.276805625676163,2
6089,3,0.16817304288473597,80.67,54.557885141294406,18,33896.0232636711,34.0182648401826,Minor_Damage_And_Injuries,8,0.371648755860079,1
8134,6,0.007545438471834629,81.45,62.1239744758432,12,28542.004184011003,42.3744292237443,Significant_Damage_And_Serious_Injuries,8,0.427905517490083,1
7942,5,0.0252195650776522,80.91,57.520510483135794,3,36687.8536553496,56.62100456620999,Highly_Fatal_And_Damaging,12,0.620476739992787,2
10403,3,0.155972033378461,77.49,73.9744758432088,13,31556.387280286403,38.310502283105,Significant_Damage_And_Serious_Injuries,54,0.334144248106743,1
4485,4,0.0748983296849029,77.84,84.8678213309025,12,41117.873724951,29.7260273972603,Highly_Fatal_And_Damaging,19,0.326571222502704,1
3325,1,0.9938911411849691,80.02,83.9106654512306,11,26920.037175243102,57.671232876712295,Minor_Damage_And_Injuries,0,0.24290732059141698,1
1423,4,0.0640170538543537,76.89,82.2242479489517,16,35183.5773073215,29.0867579908676,Significant_Damage_And_Serious_Injuries,3,0.23894049765596803,1
10100,3,0.143183126568889,77.91,74.65815861440291,11,28419.8873739028,47.5799086757991,Significant_Damage_And_Serious_Injuries,9,0.224515686981608,1
2450,6,0.00814549614910403,80.55,55.0592525068368,11,32879.763637696,45.433789954337904,Minor_Damage_And_Injuries,12,0.47117994951316206,1
5078,3,0.27447787565096,81.43,69.8723792160438,14,56901.2286582211,46.8493150684931,Minor_Damage_And_Injuries,4,0.430790479624955,3
9655,6,0.0110794939431453,81.02,71.64995442114859,17,43780.0739571033,27.397260273972602,Significant_Damage_And_Serious_Injuries,6,0.438363505228994,3
8647,3,0.147269092453377,82.52,66.1349134001823,10,29542.2935498954,49.5890410958904,Significant_Damage_And_Serious_Injuries,12,0.36263324918860396,1
5664,3,0.202363110539689,78.91,40.2917046490429,15,40296.8160759999,44.4292237442922,Highly_Fatal_And_Damaging,1,0.409874504147133,3
5731,2,0.5542278320310611,81.05,57.2014585232452,15,40968.874304452795,46.1187214611872,Minor_Damage_And_Injuries,1,0.311425171294627,3
960,2,0.39562322265235605,82.45,62.5341841385597,8,29304.8242976306,80.5936073059361,Significant_Damage_And_Fatalities,11,0.409513883880274,2
3651,1,0.801345074673129,80.12,62.944393801276206,15,21441.7533147781,22.8767123287671,Highly_Fatal_And_Damaging,2,0.482359177785791,2
2043,6,0.0082036562864502,78.46,86.9644484958979,16,32825.2372071523,30.4566210045662,Significant_Damage_And_Serious_Injuries,0,0.346405337179949,2
12430,4,0.0528505428278382,79.45,66.5907019143118,14,29589.385407665297,37.7625570776256,Significant_Damage_And_Serious_Injuries,4,0.460000721240533,3
10577,2,0.153524645586453,87.06,58.7967183226983,8,11360.597917622701,68.2648401826484,Minor_Damage_And_Injuries,8,0.21117273710782503,3
11028,1,1.10778440135055,78.2,87.693710118505,13,30095.00139223,62.739726027397296,Significant_Damage_And_Fatalities,1,0.174028849621349,5
4648,3,0.16370405083918801,78.66,62.807657247037405,15,32904.506165209,33.7442922374429,Significant_Damage_And_Serious_Injuries,16,0.3932859718716189,1
8964,4,0.05994597155975,81.78,66.9553327256153,13,32791.014743688196,41.5525114155251,Significant_Damage_And_Serious_Injuries,2,0.450263974035341,1
1181,2,0.524736019890271,78.15,53.96536007292621,13,39207.8409430981,49.49771689497721,Minor_Damage_And_Injuries,2,0.43223296069239103,0
1446,4,0.0543696861900085,79.14,62.853236098450296,12,30063.6622439764,31.8264840182648,Highly_Fatal_And_Damaging,1,0.312507032095204,1
8855,6,0.0065306456156929,75.98,66.3172288058341,10,26277.0351261399,49.726027397260296,Significant_Damage_And_Serious_Injuries,10,0.41095636494771004,3
7577,4,0.039778086972713,76.68,60.7110300820419,15,21688.9895257797,44.885844748858396,Minor_Damage_And_Injuries,0,0.504717634331049,3
8231,3,0.117363089762599,83.01,86.05287146763901,12,23639.852097366802,31.0958904109589,Highly_Fatal_And_Damaging,7,0.296639740353408,2
3983,4,0.0600821670394064,82.2,74.29352780309941,11,32729.3914910183,35.9817351598173,Highly_Fatal_And_Damaging,4,0.263823296069239,2
5227,2,0.311931453316891,79.97,54.2844120328168,14,23011.415803369502,35.0228310502283,Minor_Damage_And_Injuries,3,0.487407861521817,1
2638,6,0.00985056613714295,77.94,69.37101185050139,8,39093.6178901909,45.15981735159821,Highly_Fatal_And_Damaging,29,0.278608727010458,1
6149,3,0.222453976681263,83.1,64.6308113035552,6,44792.4219458738,63.972602739726,Significant_Damage_And_Serious_Injuries,2,0.365518211323476,1
8422,1,0.9979805744848821,84.26,59.480401093892496,14,27108.1286016377,36.5753424657534,Significant_Damage_And_Serious_Injuries,5,0.322965019834114,1
5145,4,0.0657919157803562,75.29,75.38742023701,15,35974.8217427248,43.47031963470321,Minor_Damage_And_Injuries,9,0.39112225027046504,1
3249,3,0.19619098620071304,78.21,69.8268003646308,14,39117.4599820194,37.5799086757991,Significant_Damage_And_Serious_Injuries,4,0.258053371799495,2
9469,6,0.005098132215622,80.95,66.04375569735639,18,23183.578777298197,22.328767123287697,Significant_Damage_And_Serious_Injuries,6,0.269953840605842,1
6795,4,0.0531635622842917,75.84,71.0118505013674,15,29472.800453222997,21.2328767123288,Highly_Fatal_And_Damaging,3,0.28870609448251,4
9295,2,0.43676519148166204,78.49,56.8368277119417,18,32314.577381767,24.657534246575302,Minor_Damage_And_Injuries,11,0.4087926433465561,3
2642,4,0.0350890825621048,79.47,61.9416590701914,7,18411.0289640045,47.3972602739726,Highly_Fatal_And_Damaging,6,0.304934006491165,2
9398,5,0.0250939843420193,81.57,69.00638103919779,9,36989.0802344552,52.283105022831,Significant_Damage_And_Serious_Injuries,0,0.39436783267219605,4
11446,7,0.0041155334855378705,80.9,44.8951686417502,16,43993.907529507,54.4292237442922,Highly_Fatal_And_Damaging,33,0.621919221060224,2
7041,3,0.20178360182813,80.76,81.9051959890611,11,40532.7854398732,45.79908675799089,Significant_Damage_And_Serious_Injuries,4,0.226679408582762,3
5480,2,0.674668995640191,82.85,39.8814949863264,12,49762.797061373894,55.15981735159821,Highly_Fatal_And_Damaging,3,0.70233754056978,4
1587,7,0.00139529357099632,88.57,61.212397447584294,10,9025.60454240942,75.52511415525109,Significant_Damage_And_Fatalities,1,0.368403173458348,5
7653,4,0.0391679024826592,77.65,75.47857793983592,13,21554.55213466,39.726027397260296,Significant_Damage_And_Serious_Injuries,7,0.311064551027768,1
10666,3,0.146834841957242,78.46,55.9252506836828,12,29541.1841118771,42.328767123287705,Minor_Damage_And_Injuries,3,0.550877028489001,3
516,4,0.0452453456509353,78.16,59.845031905196,15,24759.8019662104,21.2785388127854,Highly_Fatal_And_Damaging,11,0.500029570861882,1
10081,7,0.00299716120370222,79.33,61.89608021877849,13,33373.0269272214,40.2283105022831,Significant_Damage_And_Serious_Injuries,0,0.45603389830508395,2
6525,6,0.008087326961384691,80.52,61.89608021877849,14,30858.543137353397,37.5342465753425,Significant_Damage_And_Serious_Injuries,9,0.453509556437072,1
1654,1,0.894482923105375,82.46,61.485870556062004,14,24420.713003042,36.164383561643795,Significant_Damage_And_Serious_Injuries,5,0.44737901190046897,1
11306,7,0.00166863062454567,78.91,80.0364630811304,15,22214.445458565402,43.698630136986296,Minor_Damage_And_Injuries,0,0.29519725928597196,1
5909,3,0.16750355692314,81.78,64.4940747493163,10,33607.4557979406,48.4931506849315,Significant_Damage_And_Serious_Injuries,19,0.3352261089073211,1
5240,2,0.31695807411597304,81.2,66.6362807657247,13,23407.410999469,28.2191780821918,Highly_Fatal_And_Damaging,0,0.4257417958889289,2
6289,3,0.0665379775736837,80.67,69.1431175934367,15,13375.354862521399,31.369863013698602,Significant_Damage_And_Serious_Injuries,2,0.37489433826181,2
5739,6,0.0129816301448266,77.6,62.1695533272562,14,51754.9703998605,35.7990867579909,Significant_Damage_And_Serious_Injuries,4,0.41564442841687704,0
5238,6,0.00914632811267066,84.33,80.4466727438469,18,36011.634543554,24.2465753424658,Significant_Damage_And_Serious_Injuries,6,0.350372160115398,2
4475,2,0.551419592392081,78.91,74.88605287146758,11,40754.7656202953,35.388127853881294,Highly_Fatal_And_Damaging,6,0.236776776054814,0
11859,3,0.177891441142579,81.15,79.39835916134909,18,36002.5313878639,23.607305936073104,Significant_Damage_And_Serious_Injuries,0,0.396892174540209,2
10680,7,0.0034339365830663897,84.8,75.8432087511395,9,38728.4865016046,77.99086757990871,Significant_Damage_And_Fatalities,12,0.19710854670032502,2
9277,6,0.0102266959448952,76.95,56.79124886052871,9,37657.6872093112,40.273972602739704,Highly_Fatal_And_Damaging,6,0.37597619906238705,1
6587,1,0.387799082295146,78.37,85.4147675478578,16,12542.5506074795,16.2100456621005,Highly_Fatal_And_Damaging,33,0.421053732419762,1
2749,6,0.00890099870458009,86.13,65.1321786690975,16,34524.312329603796,31.0958904109589,Significant_Damage_And_Serious_Injuries,6,0.27896934727731704,3
2385,3,0.19556678318049597,80.13,40.5195989061076,13,39304.3609998045,28.9041095890411,Highly_Fatal_And_Damaging,1,0.505078254597908,0
3599,7,0.00226741238790717,79.81,68.003646308113,17,23720.178932652598,48.6301369863014,Significant_Damage_And_Fatalities,3,0.452067075369635,4
3679,2,0.643975973223763,78.28,80.4010938924339,7,47433.0780312655,70.5479452054795,Minor_Damage_And_Injuries,5,0.293394157951677,4
9172,7,0.00280722767312088,77.36,60.1640838650866,13,28153.6835624095,64.88584474885839,Significant_Damage_And_Fatalities,7,0.30709772809231894,3
9447,7,0.0044289702451501,82.22,68.5050136736554,8,49898.0501197341,70.0,Minor_Damage_And_Injuries,6,0.37489433826181,2
11395,4,0.0471571412717711,82.21,72.8805834092981,11,25564.944306716898,33.7899543378995,Highly_Fatal_And_Damaging,5,0.406989542012261,2
5981,2,0.572514343273642,77.99,65.2689152233364,9,42303.4059989138,65.79908675799089,Minor_Damage_And_Injuries,18,0.36083014785430895,0
8252,3,0.11908257242012299,83.6,55.6973564266181,10,24023.587745112403,51.1872146118721,Significant_Damage_And_Serious_Injuries,15,0.5029145329967539,3
9644,1,1.02676320216031,81.78,61.485870556062004,18,27761.953858369703,33.1050228310502,Minor_Damage_And_Injuries,2,0.318276956364948,3
5596,4,0.0636819837649643,78.16,70.5560619872379,15,35054.2608595548,20.5479452054795,Highly_Fatal_And_Damaging,0,0.24146483952398104,1
7019,3,0.174017804712837,79.42,64.4940747493163,11,35167.1709289219,58.4931506849315,Minor_Damage_And_Injuries,10,0.38823728813559294,1
10016,5,0.0156495657213551,77.26,65.2689152233364,13,22999.9480219285,40.3196347031963,Significant_Damage_And_Serious_Injuries,9,0.22595816804904398,2
9094,7,0.0011026362175773,82.26,73.1996353691887,13,16229.7283441618,61.872146118721396,Significant_Damage_And_Fatalities,20,0.29591849981969,3
1911,2,0.55117256042946,78.49,55.9708295350957,13,40741.8822675604,51.0502283105023,Highly_Fatal_And_Damaging,6,0.462525063108547,3