Accident_ID,Accident_Type_Code,Adverse_Weather_Metric,Cabin_Temperature,Control_Metric,Days_Since_Inspection,Max_Elevation,Safety_Score,Severity,Total_Safety_Complaints,Turbulence_In_gforces,Violations
8985,2,0.602231712097975,84.67,55.1048313582498,16,44790.44437982071,40.7762557077626,Highly_Fatal_And_Damaging,1,0.30709772809231894,3
8126,3,0.15149360081567903,79.75,54.922515952598,14,30190.765314686498,46.6666666666667,Highly_Fatal_And_Damaging,4,0.317555715831229,2
6693,2,0.170460593515575,77.91,91.3855970829535,11,12091.874378793998,57.5342465753425,Minor_Damage_And_Injuries,11,0.16248900108186098,3
2030,6,0.0027925418240612302,77.78,48.268003646308095,17,11567.0794388674,47.5342465753425,Significant_Damage_And_Serious_Injuries,16,0.585857194374324,4
2560,4,0.0883594086111667,79.37,69.18869644484961,10,48088.2017203851,40.365296803653,Highly_Fatal_And_Damaging,7,0.24543166245943,1
4631,5,0.0163890504418398,82.43,66.6362807657247,11,25842.7105033025,57.9908675799087,Minor_Damage_And_Injuries,0,0.24651352326000697,3
3919,1,0.9979805744848821,83.57,55.0136736554239,18,27379.9200368358,33.607305936073104,Highly_Fatal_And_Damaging,1,0.384631085467003,2
9070,3,0.205700937392858,87.27,77.4840474020055,11,40757.3230112037,47.7625570776256,Significant_Damage_And_Serious_Injuries,2,0.315391994230076,2
506,6,0.00961789780026553,81.37,52.461257976299,12,40833.4652166856,44.0182648401826,Minor_Damage_And_Injuries,7,0.392564731337901,2
10019,1,1.72329445619369,81.24,85.9617137648131,9,47280.00055767981,40.7762557077626,Highly_Fatal_And_Damaging,3,0.247234763793725,2
10011,6,0.010121604078669001,78.21,82.9079307201459,11,37541.6763730355,45.7534246575342,Significant_Damage_And_Serious_Injuries,2,0.262380815001803,1
2164,4,0.0648977629890459,80.92,58.4776663628077,6,35800.955661762404,53.01369863013699,Highly_Fatal_And_Damaging,7,0.311064551027768,2
10632,1,1.1292636605,84.56,60.1640838650866,9,30878.7985441465,40.273972602739704,Highly_Fatal_And_Damaging,0,0.231728092318788,2
11471,7,0.00476454771995168,77.19,61.9416590701914,12,60252.163369468704,53.9269406392694,Minor_Damage_And_Injuries,23,0.527436711143166,3
4931,7,0.00436632490027057,79.83,87.83044667274392,4,48141.3485544039,70.5479452054795,Significant_Damage_And_Serious_Injuries,5,0.18845366029570798,4
7238,6,0.007428757903927379,85.06,63.76481312670921,11,29078.857107262298,45.5707762557078,Significant_Damage_And_Serious_Injuries,0,0.417808150018031,0
7115,6,0.007037899937134641,79.67,80.1276207839562,17,28529.865641290897,50.273972602739704,Significant_Damage_And_Fatalities,0,0.358305805986296,1
11629,7,0.00128123662337609,76.3,84.5487693710119,14,15690.4942394297,59.315068493150704,Significant_Damage_And_Fatalities,1,0.30998269022719105,2
4987,1,1.10131814762192,77.69,74.74931631722879,11,30077.4161879637,34.6575342465753,Highly_Fatal_And_Damaging,5,0.300606563288856,1
9058,7,0.00277618537959387,80.35,57.2926162260711,17,30323.341797741698,27.8995433789954,Significant_Damage_And_Serious_Injuries,1,0.46613126577713604,4
3065,7,0.0021179586552055396,85.71,64.2661804922516,11,27287.792986549503,70.365296803653,Significant_Damage_And_Fatalities,1,0.31935881716552506,3
9326,3,0.11682712877859698,79.12,45.67000911577029,12,23634.9170656621,42.100456621004604,Minor_Damage_And_Injuries,12,0.350011539848539,2
6284,2,0.5274874105426011,78.87,64.8587055606199,13,38767.359602745695,51.232876712328796,Minor_Damage_And_Injuries,2,0.333423007573026,3
5940,6,0.00851016851792038,78.03,80.0364630811304,15,34497.883599544904,44.4748858447489,Minor_Damage_And_Injuries,0,0.262380815001803,2
814,2,0.41740739591575804,80.24,78.07657247037379,11,30843.079330967998,36.11872146118721,Highly_Fatal_And_Damaging,3,0.20576343310494002,1
1339,4,0.0791311957739559,78.16,59.799453053783104,14,43204.168991685496,22.7397260273973,Highly_Fatal_And_Damaging,6,0.377418680129823,1
670,1,1.5316165351055901,76.74,73.6554238833182,11,41633.6539554493,34.337899543379,Highly_Fatal_And_Damaging,8,0.40590768121168397,3
10567,2,0.42471250415918893,83.56,85.7793983591614,14,31279.259129209702,46.8493150684931,Minor_Damage_And_Injuries,10,0.289427335016228,2
5143,5,0.0295882262366942,76.3,50.6381039197812,6,43378.4381107207,52.3744292237443,Significant_Damage_And_Fatalities,12,0.354699603317706,1
2607,7,0.0042971745609235,79.18,75.75205104831359,13,45795.5029606522,61.7808219178082,Significant_Damage_And_Fatalities,13,0.39292535160476,4
1937,5,0.0270927366444278,78.4,40.838650865998204,12,38537.363408144905,53.0593607305936,Highly_Fatal_And_Damaging,1,0.538615939415795,0
8145,2,0.146846222191999,79.58,41.6134913400182,14,11344.0221880675,37.3059360730594,Minor_Damage_And_Injuries,3,0.5342884962134871,3
9146,3,0.0875982172101418,78.68,54.968094804010896,12,17731.5542769187,44.611872146118706,Minor_Damage_And_Injuries,8,0.442330328164443,2
2011,2,0.498635558744046,83.25,69.00638103919779,17,36933.8446810816,36.4383561643836,Minor_Damage_And_Injuries,2,0.33306238730616605,3
503,2,0.39343991378378207,78.67,61.3947128532361,11,29071.495945068,57.5342465753425,Minor_Damage_And_Injuries,11,0.523469888207717,2
4375,6,0.0119468965853497,79.08,73.4275296262534,11,45618.8570899891,44.9315068493151,Significant_Damage_And_Serious_Injuries,2,0.29736098088712604,1
4843,4,0.0492519989432694,76.13,58.7511394712853,10,26782.0242843159,62.648401826484005,Minor_Damage_And_Injuries,15,0.46721312657771297,2
9611,2,0.28359564915839097,77.05,64.5852324521422,12,21213.1243663008,56.712328767123296,Minor_Damage_And_Injuries,18,0.339192931842769,1
8978,2,0.49228732298939104,84.52,57.520510483135794,12,36517.8760767438,54.109589041095894,Minor_Damage_And_Injuries,6,0.463967544175982,2
9555,4,0.0674837302135489,75.98,52.82588878760261,18,36624.2796276571,11.8721461187215,Significant_Damage_And_Fatalities,1,0.6385077533357371,1
2669,3,0.149447389548586,80.98,86.9644484958979,13,29955.5307373448,27.9908675799087,Highly_Fatal_And_Damaging,10,0.14337612693833401,2
1977,2,0.596791289287252,81.92,57.748404740200606,17,43971.7104530714,49.4520547945205,Significant_Damage_And_Fatalities,1,0.342799134511359,3
8163,3,0.0815450263010881,76.86,69.5533272561531,16,16902.3486971747,29.406392694063896,Significant_Damage_And_Serious_Injuries,10,0.31034331049404995,3
6141,2,0.5323831645572229,79.73,53.2360984503191,16,39434.2561052846,39.726027397260296,Highly_Fatal_And_Damaging,7,0.38210674359899,3
10193,4,0.0528451340525014,77.83,50.136736554238794,12,29502.763421053198,29.7716894977169,Significant_Damage_And_Fatalities,1,0.5032751532636129,4
1695,1,1.8829498114848602,80.83,76.5724703737466,8,49358.5325672116,46.62100456620999,Highly_Fatal_And_Damaging,10,0.23713739632167302,1
2034,7,0.00401669100153598,80.16,41.5223336371923,18,42912.5244287391,33.5616438356164,Minor_Damage_And_Injuries,5,0.6082156509195811,1
4967,3,0.21546132796126802,77.73,90.154968094804,12,43569.6921226912,41.1415525114155,Significant_Damage_And_Serious_Injuries,2,0.28690299314821505,2
10852,4,0.0506515878177534,77.75,58.7967183226983,8,27563.074797666002,45.7077625570776,Highly_Fatal_And_Damaging,0,0.5036357735304721,1
10147,3,0.10117521906412599,82.57,77.7575205104832,16,20487.8674821751,30.8675799086758,Significant_Damage_And_Serious_Injuries,2,0.38607356653443897,1
8929,4,0.0425306022859063,80.86,54.649042844120295,23,23308.3336502321,2.64840182648402,Highly_Fatal_And_Damaging,8,0.42177497295348,1
11158,3,0.127676290244675,79.21,70.0091157702826,16,25949.100339733,29.0867579908676,Significant_Damage_And_Serious_Injuries,18,0.46432816444284203,3
7242,4,0.0544392802512786,79.46,54.876937101185,11,29784.7464710627,35.0684931506849,Significant_Damage_And_Fatalities,7,0.448100252434187,2
606,4,0.0216622052761879,78.92,72.4247948951687,17,12024.898224047,15.296803652967998,Highly_Fatal_And_Damaging,0,0.324046880634692,2
2020,2,0.516512802350989,79.22,52.2789425706472,15,37999.3671044333,42.9223744292237,Minor_Damage_And_Injuries,3,0.330177425171295,1
2032,6,0.00631949156737795,78.94,74.1567912488605,10,23744.0693140378,38.4474885844749,Highly_Fatal_And_Damaging,4,0.363354489722322,2
11285,3,0.142325653105797,79.36,69.91795806745671,11,28586.8716057328,47.5342465753425,Significant_Damage_And_Serious_Injuries,23,0.249759105661738,1
10619,6,0.0103224581295027,77.41,76.6180492251596,18,41688.6508922927,23.6986301369863,Significant_Damage_And_Serious_Injuries,5,0.23894049765596803,2
4964,3,0.10589240669315302,79.09,73.5186873290793,11,21154.8577344722,45.9817351598173,Significant_Damage_And_Serious_Injuries,12,0.347126577713667,3
7026,2,0.427712027840683,76.2,66.4995442114859,16,31546.4382673113,41.9178082191781,Minor_Damage_And_Injuries,22,0.387876667868734,3
7994,7,0.000316423240403076,80.45,78.07657247037379,2,16209.2902996607,91.1872146118722,Significant_Damage_And_Fatalities,3,0.350372160115398,2
8527,7,0.0028927100917705397,85.4,71.8322698268004,14,31355.0755976643,59.9543378995434,Significant_Damage_And_Fatalities,23,0.33702921024161503,3
8979,3,0.0728513382155746,75.02,59.024612579763,9,14532.7383864601,54.109589041095894,Significant_Damage_And_Serious_Injuries,10,0.36263324918860396,1
7751,6,0.0027925418240612302,79.64,39.6991795806746,16,5142.286073104389,29.8173515981735,Minor_Damage_And_Injuries,6,0.729023440317345,3
4697,4,0.0763205990087241,80.2,64.0382862351869,12,41578.7169861032,30.9132420091324,Highly_Fatal_And_Damaging,0,0.368042553191489,1
29,6,0.00892827044876468,77.86,61.212397447584294,8,34199.8915692623,57.1232876712329,Significant_Damage_And_Serious_Injuries,12,0.335947349441038,3
8841,1,1.84388606166323,82.45,71.2397447584321,13,51049.380150028395,28.4018264840183,Highly_Fatal_And_Damaging,29,0.249759105661738,1
9690,6,0.00812064429298881,76.95,63.30902461257979,14,31432.1242314197,37.1689497716895,Significant_Damage_And_Serious_Injuries,0,0.49678398846015104,2
4595,6,0.00722205940997227,78.97,59.024612579763,16,28509.759682248798,29.634703196346997,Significant_Damage_And_Serious_Injuries,13,0.284739271547061,3
3405,1,0.8313007031938701,78.49,50.5925250683683,18,22620.012762986,23.8812785388128,Minor_Damage_And_Injuries,7,0.509045077533357,4
12306,5,0.0273168021552321,79.77,71.42206016408392,8,41503.9998388946,46.1187214611872,Highly_Fatal_And_Damaging,1,0.25841399206635396,3
7433,6,0.0103432707168601,84.1,63.30902461257979,14,41920.2471614135,36.8493150684931,Significant_Damage_And_Serious_Injuries,1,0.334865488640461,2
920,3,0.17874729903316897,80.44,69.1431175934367,12,36245.8319846325,41.1415525114155,Significant_Damage_And_Serious_Injuries,4,0.32008005769924297,2
7027,6,0.00851016851792038,79.77,41.4311759343665,11,36030.6528778845,45.890410958904106,Minor_Damage_And_Injuries,7,0.45891886043995594,1
8633,7,0.00235400933088621,83.72,58.38650865998179,8,24973.6836872682,45.7077625570776,Highly_Fatal_And_Damaging,0,0.530321673278038,4
442,4,0.0578632306636776,77.97,60.4375569735643,9,30754.886611054,54.2922374429224,Highly_Fatal_And_Damaging,2,0.353978362783988,2
3567,6,0.00463226113987301,78.32,57.0191431175934,13,18661.7138068118,38.7214611872146,Minor_Damage_And_Injuries,0,0.514454381536242,4
64,3,0.17069849613110996,83.22,68.1859617137648,10,34132.2412197546,38.9954337899543,Highly_Fatal_And_Damaging,2,0.35902704652001394,1
5024,5,0.0165134897469149,82.17,79.3072014585233,10,25486.8254567764,61.0502283105023,Minor_Damage_And_Injuries,7,0.28365741074648404,1
10732,4,0.0659869669203887,83.97,65.22333637192351,8,36384.8862884969,44.4748858447489,Highly_Fatal_And_Damaging,14,0.35109340064911604,2
7695,3,0.101519827745638,83.73,53.600729261622604,12,20654.0788047055,41.9634703196347,Minor_Damage_And_Injuries,19,0.566744320230797,4
5550,3,0.205151045690906,80.53,62.2607110300821,13,41432.748713901805,28.675799086757998,Highly_Fatal_And_Damaging,1,0.325128741435269,2
434,4,0.0468091662274168,76.27,51.2306289881495,15,25727.7349879248,44.20091324200911,Highly_Fatal_And_Damaging,2,0.5836934727731701,2
6462,2,0.30682968039916897,79.19,59.161349134001796,8,22429.8625953409,79.5433789954338,Significant_Damage_And_Fatalities,4,0.28906671474936896,3
923,7,0.00141753325541133,82.48,59.2069279854148,9,13949.2541692102,40.365296803653,Highly_Fatal_And_Damaging,10,0.300245943021998,0
11281,2,0.339470394778478,83.21,57.4293527803099,6,25377.6139205903,62.1461187214612,Significant_Damage_And_Serious_Injuries,1,0.465410025243419,2
10368,3,0.208458585806466,84.48,77.6663628076573,10,41662.6922278005,50.7762557077626,Significant_Damage_And_Serious_Injuries,12,0.23100685178507,2
3758,5,0.0179640495250665,79.64,59.7538742023701,12,27584.056491732,43.150684931506795,Significant_Damage_And_Serious_Injuries,4,0.43511792282726297,2
10612,4,0.0491625667836762,82.81,53.7374658158614,17,26607.923991415897,12.9223744292237,Highly_Fatal_And_Damaging,8,0.49281716552470295,3
5808,3,0.0587975074186055,77.56,80.8113035551504,12,12595.428881436,55.433789954337904,Minor_Damage_And_Injuries,4,0.219467003245582,2
9344,7,0.00263456360001387,81.79,48.222424794895204,17,29646.1499330135,47.5342465753425,Significant_Damage_And_Serious_Injuries,4,0.610018752253877,2
2871,4,0.0541065660538752,78.46,57.520510483135794,12,28783.699290521003,31.1415525114155,Highly_Fatal_And_Damaging,1,0.323325640100974,2
9987,2,0.478473145692437,75.67,51.9143117593437,13,35305.862905291804,51.0502283105023,Highly_Fatal_And_Damaging,3,0.538976559682654,1
11496,1,0.9972523201174059,75.25,79.9453053783045,15,27416.394748810897,22.0547945205479,Highly_Fatal_And_Damaging,19,0.267429498737829,1
307,1,1.36557480095835,79.63,68.2771194165907,15,36731.4594114037,45.662100456621,Minor_Damage_And_Injuries,3,0.335586729174179,4
8235,6,0.00614976079197071,78.82,72.5615314494075,14,25722.528024218398,35.4794520547945,Significant_Damage_And_Serious_Injuries,1,0.31214641182834496,2
5697,3,0.145406245169267,81.37,60.3919781221513,13,29333.0700005052,63.1963470319635,Significant_Damage_And_Fatalities,1,0.231728092318788,1
9898,3,0.159919770812086,79.46,64.2661804922516,15,32127.8884623933,33.2420091324201,Significant_Damage_And_Serious_Injuries,2,0.50796321673278,2
5347,3,0.19568489082524698,77.55,60.027347310847794,12,39422.8467693878,44.703196347032005,Significant_Damage_And_Serious_Injuries,4,0.6330984493328521,2
8753,4,0.0497094031861019,78.41,71.1030082041933,15,27296.495090287597,19.9086757990868,Highly_Fatal_And_Damaging,4,0.506160115398485,1
9606,5,0.0199273006311425,82.02,57.520510483135794,20,31365.239571317998,2.7397260273972597,Highly_Fatal_And_Damaging,1,0.30854020915975394,2
10250,7,0.00400941681555015,76.95,47.0829535095716,14,45290.8914732731,24.8858447488584,Significant_Damage_And_Fatalities,22,0.448460872701046,2
4015,2,0.203271717800248,79.08,62.5341841385597,11,13007.02233062,56.5753424657534,Minor_Damage_And_Injuries,1,0.40266209880995296,1
3832,1,1.0588500687495601,78.16,69.7812215132179,15,28793.168694031498,33.1050228310502,Significant_Damage_And_Serious_Injuries,2,0.28906671474936896,1
10151,2,0.309756512735612,81.44,53.6463081130356,17,23192.1558746436,38.8584474885845,Highly_Fatal_And_Damaging,12,0.293033537684818,1
4353,2,0.35232572373360105,77.31,65.49680948040111,9,26020.7634174777,64.337899543379,Minor_Damage_And_Injuries,0,0.272478182473855,3
2444,4,0.0827860671099331,74.95,42.8441203281678,10,45857.9659867691,39.406392694063896,Significant_Damage_And_Fatalities,2,0.42898737829066,2
945,1,1.3421932486929098,77.89,49.6809480401094,15,36463.5453790652,34.0182648401826,Minor_Damage_And_Injuries,13,0.696567616300036,2
7782,4,0.0576230616227392,78.41,70.510483135825,15,31115.766134544,20.2283105022831,Highly_Fatal_And_Damaging,3,0.38282798413270797,2
1904,5,0.0184283725792126,83.53,84.68550592525071,9,27286.2947282904,64.5662100456621,Minor_Damage_And_Injuries,2,0.269953840605842,1
313,1,1.2680776739922,81.73,88.0583409298086,9,34371.5426025527,42.328767123287705,Highly_Fatal_And_Damaging,9,0.281854309412189,3
2605,6,0.008087326961384691,77.7,71.7411121239745,11,31439.468475677797,47.351598173515995,Significant_Damage_And_Serious_Injuries,12,0.38102488279841296,2
3718,2,0.397454927362596,79.94,50.27347310847771,13,29508.8846091564,49.2694063926941,Highly_Fatal_And_Damaging,7,0.40807140281283794,2
2150,4,0.0717069574184071,81.02,66.362807657247,12,39269.0539266116,31.369863013698602,Highly_Fatal_And_Damaging,11,0.321883159033537,2
11487,6,0.008360822678381409,78.28,63.172288058340904,16,33567.8763125468,17.3972602739726,Highly_Fatal_And_Damaging,14,0.33811107104219196,1
4399,2,0.674668995640191,77.86,37.8304466727438,19,49762.797061373894,20.8675799086758,Minor_Damage_And_Injuries,1,0.600282005048683,2
10377,7,0.0037500668344686897,80.09,82.86235186873292,19,44941.580982511696,42.100456621004604,Significant_Damage_And_Fatalities,11,0.245071042192571,2
5132,4,0.0320805077660302,81.27,73.60984503190521,11,17417.2482375906,33.972602739726,Highly_Fatal_And_Damaging,2,0.40590768121168397,2
2104,4,0.0704870568565678,77.71,51.1850501367366,12,38800.9673142313,30.1369863013699,Significant_Damage_And_Fatalities,0,0.59415146051208,3
5963,6,0.00897565017253988,77.62,70.9206927985415,19,36662.2802611695,20.958904109589,Significant_Damage_And_Serious_Injuries,16,0.276805625676163,2
12418,1,1.25007868278081,77.43,80.6289881494986,17,34124.337698238196,14.5205479452055,Highly_Fatal_And_Damaging,14,0.298803461954562,2
2025,2,0.41379862824029495,77.64,64.4940747493163,11,30615.0043937329,58.2648401826484,Minor_Damage_And_Injuries,10,0.27788748647674,1
8270,2,0.49978537476430296,79.43,52.18778486782129,12,37050.8568808506,42.328767123287705,Significant_Damage_And_Serious_Injuries,8,0.7293840605842049,3
10231,2,0.493776601022126,79.97,51.0938924339107,14,36091.5527721269,36.301369863013704,Minor_Damage_And_Injuries,4,0.377418680129823,1
4956,1,0.9784546265153471,78.94,65.9981768459435,15,26565.0475824998,42.9223744292237,Minor_Damage_And_Injuries,3,0.40338333934367104,3
10760,7,0.00397253120656083,84.83,80.6289881494986,7,42820.7213445713,82.23744292237441,Significant_Damage_And_Fatalities,23,0.226679408582762,2
5593,1,1.3604017161145,77.93,52.5524156791249,11,36925.0352582009,46.4383561643836,Minor_Damage_And_Injuries,0,0.3932859718716189,1
3584,3,0.12486886731060699,78.86,67.9124886052872,12,24975.911364084903,42.8767123287671,Significant_Damage_And_Serious_Injuries,14,0.352535881716553,2
8247,3,0.11743832832642,80.89,54.7402005469462,10,23595.2491430253,48.9954337899543,Minor_Damage_And_Injuries,35,0.539697800216372,3
7262,4,0.0427579131486447,78.91,59.6171376481313,16,23226.5720302617,18.1735159817352,Highly_Fatal_And_Damaging,10,0.476589253516048,2
9567,4,0.0515852646711956,81.2,53.1905195989061,18,28475.160006696602,12.6027397260274,Significant_Damage_And_Fatalities,21,0.315752614496934,2
9503,1,1.3089708411532701,78.13,50.6836827711942,18,35654.721933341,13.37899543379,Significant_Damage_And_Fatalities,12,0.527076090876307,3
3126,6,0.009819602798823691,81.89,52.5979945305378,11,42176.9222862854,45.0684931506849,Minor_Damage_And_Injuries,1,0.417808150018031,2
12113,1,1.03274750346758,77.74,51.1850501367366,17,28411.223198046002,14.703196347032002,Significant_Damage_And_Fatalities,3,0.487407861521817,2
6285,3,0.20409022088832396,77.8,52.643573381950794,6,40844.1082299599,64.1552511415525,Minor_Damage_And_Injuries,11,0.450263974035341,1
8938,4,0.0588715558622953,82.11,67.6390154968095,7,32342.3133839545,48.675799086758005,Highly_Fatal_And_Damaging,2,0.34496285611251304,1
4562,1,1.30792861200427,78.62,53.3728350045579,18,35893.876808940804,43.7899543378995,Significant_Damage_And_Fatalities,2,0.23425243418680103,3
1326,7,0.00165483628932035,81.98,48.5870556061987,15,22341.0969991425,33.1050228310502,Minor_Damage_And_Injuries,7,0.40302271907681203,1
3135,7,0.0042445268454015,79.39,72.1969006381039,13,41727.7322607161,39.178082191780796,Significant_Damage_And_Serious_Injuries,0,0.42177497295348,2
7839,3,0.17762332482647303,79.97,75.25068368277121,12,35683.7717435303,32.511415525114195,Highly_Fatal_And_Damaging,33,0.319719437432383,0
4732,3,0.19070600931885298,87.43,46.9462169553327,7,38242.1306477436,62.6940639269406,Significant_Damage_And_Serious_Injuries,20,0.45134583483591795,1
8209,3,0.131340504997494,82.19,79.7629899726527,11,26346.5048146761,49.178082191780796,Significant_Damage_And_Serious_Injuries,1,0.29519725928597196,1
6517,6,0.0117574692248208,78.43,86.82771194165909,9,48317.9303453667,53.01369863013699,Significant_Damage_And_Serious_Injuries,16,0.276805625676163,2
6739,4,0.0317004518773675,75.84,62.0328167730173,12,17267.0045345224,42.8767123287671,Significant_Damage_And_Serious_Injuries,10,0.34568409664623106,2
11536,7,0.0023486603555845603,80.76,80.4010938924339,12,25119.2421101637,54.794520547945204,Minor_Damage_And_Injuries,1,0.262380815001803,3
1415,2,0.38802378868079995,77.8,65.4512306289882,13,28824.4073267722,52.3744292237443,Minor_Damage_And_Injuries,1,0.31178579156148495,1
3229,2,0.405867133723055,81.76,61.2579762989973,10,30028.2840811135,61.324200913241995,Minor_Damage_And_Injuries,1,0.395449693472773,2
10139,7,0.0024140516354806602,80.15,39.8814949863264,3,26661.013402902598,87.48858447488578,Significant_Damage_And_Serious_Injuries,2,0.52960043274432,3
2829,7,0.00155927424481951,81.62,82.86235186873292,19,17377.6273066295,42.5570776255708,Significant_Damage_And_Fatalities,9,0.371648755860079,2
9544,5,0.0210028454861726,82.96,41.6134913400182,12,30068.6765992829,53.105022831050206,Significant_Damage_And_Serious_Injuries,10,0.621197980526505,2
4272,3,0.120344519294226,79.67,62.0328167730173,12,23952.552578010298,43.4246575342466,Significant_Damage_And_Serious_Injuries,1,0.43042985935809597,1
6768,6,0.00866866493725363,80.71,70.0546946216956,7,36841.5011117076,70.5479452054795,Minor_Damage_And_Injuries,3,0.38174612333213104,4
4533,4,0.0527156406454591,80.55,62.7164995442115,15,28986.657479203903,21.461187214611897,Highly_Fatal_And_Damaging,1,0.314670753696357,2
4866,2,0.552348029450647,77.07,83.8195077484048,15,40679.5715501571,45.296803652967995,Minor_Damage_And_Injuries,18,0.395810313739632,3
6202,7,0.00328719609481451,77.36,70.464904284412,17,33693.9126926562,14.4748858447489,Highly_Fatal_And_Damaging,1,0.2061240533718,2
5061,2,0.47505330234313203,78.1,55.9708295350957,11,35070.3331931138,56.6666666666667,Highly_Fatal_And_Damaging,6,0.455673278038226,1
9007,7,0.00297265410884441,79.03,51.8231540565178,3,34887.2172055117,76.39269406392691,Significant_Damage_And_Serious_Injuries,10,0.606412549585286,1
7765,6,0.0100247500426134,79.98,80.4466727438469,18,40445.1366875436,23.6986301369863,Significant_Damage_And_Serious_Injuries,7,0.308900829426614,3
7254,1,0.9734429824391421,77.87,65.3600729261623,15,26397.203120675098,22.0091324200913,Highly_Fatal_And_Damaging,5,0.342799134511359,2
2830,3,0.19146809982118598,81.3,69.64448495897899,15,38350.7195579992,33.698630136986296,Significant_Damage_And_Serious_Injuries,6,0.32080129823296005,1
5430,2,0.429534515417133,79.65,77.848678213309,1,31661.628809564303,65.3424657534246,Highly_Fatal_And_Damaging,19,0.36119076812116796,2
11617,7,0.0038460374795458,79.72,67.0920692798541,15,41508.6458682606,45.9817351598173,Minor_Damage_And_Injuries,8,0.38354922466642605,1
2825,3,0.137332930641688,76.12,57.520510483135794,14,27657.191093563302,36.712328767123296,Significant_Damage_And_Serious_Injuries,0,0.488850342589253,5
5638,1,1.26276880923123,81.1,68.04922515952599,16,34349.706468901604,50.0456621004566,Significant_Damage_And_Fatalities,14,0.5479920663541289,4
2230,1,1.0902659809403001,81.02,62.07839562443029,14,29601.0780584221,34.8401826484018,Significant_Damage_And_Serious_Injuries,13,0.4902928236566889,2
5644,2,0.358545587133914,80.85,43.072014585232495,11,26637.595319634103,35.0228310502283,Significant_Damage_And_Fatalities,5,0.518421204471691,1
12335,1,1.7900741394391702,79.92,38.9699179580674,14,48583.5486330922,25.479452054794503,Significant_Damage_And_Fatalities,12,0.7405632888568342,3
1430,3,0.189062380253031,79.06,68.5961713764813,15,38011.0212226692,46.25570776255711,Minor_Damage_And_Injuries,17,0.502553912729895,2
12339,3,0.193246982899245,80.25,62.1239744758432,14,38783.2524015665,36.4840182648402,Significant_Damage_And_Serious_Injuries,6,0.427905517490083,2
3956,1,1.21789625360354,78.9,54.0109389243391,19,33143.9853063049,8.53881278538813,Significant_Damage_And_Fatalities,9,0.5515982690227189,3
2099,2,0.518441261968944,80.84,52.415679124886104,10,38406.931881458,61.41552511415521,Highly_Fatal_And_Damaging,1,0.47226181031373904,1
1968,5,0.0183562908562267,78.78,70.60164083865091,13,26501.859027862003,50.9132420091324,Minor_Damage_And_Injuries,0,0.36119076812116796,2
1751,3,0.185100239617324,86.02,79.5806745670009,18,37011.9975236405,9.08675799086758,Highly_Fatal_And_Damaging,19,0.3932859718716189,2
1358,4,0.0827860671099331,74.74,63.90154968094811,14,45857.9659867691,25.251141552511395,Highly_Fatal_And_Damaging,5,0.5519588892895779,2
11856,4,0.034593326232667004,81.14,44.3938012762078,19,18616.7267586299,8.53881278538813,Significant_Damage_And_Fatalities,2,0.400858997475658,1
4541,3,0.145447149829291,79.52,82.9535095715588,15,29033.7904189909,32.8767123287671,Significant_Damage_And_Serious_Injuries,1,0.18052001442481,2
8920,4,0.0466439852917615,79.71,89.10665451230629,14,25541.049553423,26.3470319634703,Highly_Fatal_And_Damaging,3,0.27500252434186795,1
1821,6,0.00857106248144046,82.4,75.432999088423,18,34952.1271101988,12.4657534246575,Highly_Fatal_And_Damaging,1,0.327292463036423,1
2136,1,0.9483413993765591,80.13,51.8231540565178,10,25631.3457142277,38.767123287671204,Significant_Damage_And_Fatalities,2,0.5238305084745759,1
2137,7,0.00253387800847633,78.6,64.5852324521422,15,23792.108607128197,54.7488584474886,Significant_Damage_And_Fatalities,4,0.289787955283087,2
10179,4,0.0539003607023165,79.97,53.919781221513205,6,28604.178396541898,51.917808219178106,Significant_Damage_And_Fatalities,0,0.476589253516048,2
7406,1,1.2138584565258002,76.56,63.6736554238833,12,32800.8368678312,32.9680365296804,Highly_Fatal_And_Damaging,14,0.32116191849982,0
12095,6,0.0105518124805448,78.63,81.8140382862352,15,42493.8649575514,45.0684931506849,Minor_Damage_And_Injuries,0,0.351454020915975,2
7989,4,0.0426371192652351,80.98,89.10665451230629,12,23086.022694090698,30.410958904109602,Highly_Fatal_And_Damaging,1,0.19133862243058,3
11020,2,0.444553307539715,80.09,72.47037374658159,11,32861.2768383276,56.9406392694064,Minor_Damage_And_Injuries,33,0.273560043274432,1
4596,2,0.566711946616045,78.46,57.7028258887876,12,41703.4532879954,42.2374429223744,Significant_Damage_And_Serious_Injuries,9,0.304573386224305,4
5718,2,0.5534518309191279,78.76,47.0829535095716,18,41045.6940016465,35.4337899543379,Highly_Fatal_And_Damaging,17,0.351454020915975,2
6515,4,0.0731732009419454,80.19,50.227894257064705,14,39646.0018104717,23.0593607305936,Highly_Fatal_And_Damaging,22,0.44485467003245505,3
2391,7,0.00412999471383646,75.4,56.1531449407475,14,45649.8132732537,59.634703196347,Significant_Damage_And_Serious_Injuries,4,0.45062459430220003,2