Accident_ID,Accident_Type_Code,Adverse_Weather_Metric,Cabin_Temperature,Control_Metric,Days_Since_Inspection,Max_Elevation,Safety_Score,Severity,Total_Safety_Complaints,Turbulence_In_gforces,Violations
6865,3,0.168586748894355,79.61,57.611668185961705,14,33896.511689160696,36.5753424657534,Significant_Damage_And_Serious_Injuries,5,0.488850342589253,2
10435,1,0.636699054619635,79.17,66.7730173199635,12,17807.7400752802,44.0639269406393,Significant_Damage_And_Serious_Injuries,14,0.344602235845654,1
6115,6,0.007654088910414509,84.87,31.0847766636281,18,31702.3296639883,34.0639269406393,Highly_Fatal_And_Damaging,18,0.7777071763433109,2
7309,5,0.0133018956111364,80.96,76.8915223336372,10,19325.7037704099,37.4885844748858,Highly_Fatal_And_Damaging,6,0.28870609448251,1
7588,4,0.0503285634074819,76.48,80.99361896080221,14,27179.0519600046,24.1552511415525,Highly_Fatal_And_Damaging,3,0.312507032095204,3
1255,2,0.40440176208428597,77.45,55.241567912488605,12,29989.750197918398,42.100456621004604,Minor_Damage_And_Injuries,8,0.578644789037144,3
3866,2,0.0957534182118543,77.93,79.71741112123979,11,8232.843654717059,69.9543378995434,Significant_Damage_And_Fatalities,7,0.230285611251352,2
11300,7,0.00440429373420935,79.81,49.9544211485871,17,48416.0267229689,15.296803652967998,Significant_Damage_And_Fatalities,0,0.397252794807068,3
1975,2,0.502390494468767,86.43,56.973564266180496,14,36933.8446810816,38.219178082191796,Minor_Damage_And_Injuries,22,0.5130119004688061,1
862,2,0.6031712463386489,77.98,74.74931631722879,11,44574.062723115196,57.1232876712329,Minor_Damage_And_Injuries,39,0.46721312657771297,3
4676,7,0.00213992086633605,78.59,62.5341841385597,15,23543.5817988608,23.424657534246602,Highly_Fatal_And_Damaging,0,0.36046952758745,3
6024,6,0.00609428775687228,76.01,45.3965360072927,10,24084.887315452,51.0502283105023,Minor_Damage_And_Injuries,1,0.699813198701766,0
10353,4,0.0598313484459099,77.16,52.5979945305378,10,32995.436619200096,37.4885844748858,Significant_Damage_And_Fatalities,2,0.3352261089073211,0
2279,1,1.34320667540424,79.52,68.8240656335461,10,36028.4975935607,50.7762557077626,Significant_Damage_And_Serious_Injuries,5,0.19891164803461897,0
7785,3,0.0693979507759365,77.1,68.1859617137648,14,12854.0456631636,36.8493150684931,Significant_Damage_And_Serious_Injuries,7,0.35686332491885997,2
9957,4,0.0585884246430177,76.79,46.2625341841386,16,31812.003986549502,53.2420091324201,Highly_Fatal_And_Damaging,4,0.606412549585286,1
11813,5,0.0242450616027844,76.36,64.4940747493163,16,36324.9430018409,42.283105022831,Minor_Damage_And_Injuries,0,0.34568409664623106,2
6410,3,0.0984961040817364,77.04,66.04375569735639,15,19873.2824053568,33.4246575342466,Significant_Damage_And_Serious_Injuries,11,0.35686332491885997,2
3288,3,0.202521398591503,79.68,74.9316317228806,12,40645.2943744561,30.410958904109602,Highly_Fatal_And_Damaging,6,0.282936170212766,1
3779,2,0.627074277696416,75.88,48.49589790337279,11,45903.4682004767,56.4383561643835,Highly_Fatal_And_Damaging,7,0.560613775694194,0
6228,3,0.205286208938162,83.24,60.300820419325504,11,40979.5754532752,46.1643835616438,Significant_Damage_And_Serious_Injuries,0,0.5241911287414349,1
7873,1,1.59744114351771,78.79,94.0747493163172,12,43939.249414249505,30.410958904109602,Highly_Fatal_And_Damaging,1,0.22920375045077498,0
2166,3,0.12209492649413001,83.76,51.276207839562396,12,24604.4655931727,41.9178082191781,Minor_Damage_And_Injuries,4,0.522748647673999,2
4339,5,0.0251101485805745,83.25,67.9580674567001,21,36228.3812559605,22.8767123287671,Minor_Damage_And_Injuries,1,0.324046880634692,3
10033,6,0.0103007561471358,77.27,58.38650865998179,20,38017.7118627644,28.493150684931503,Minor_Damage_And_Injuries,22,0.404104579877389,3
10107,3,0.20402529247782503,82.88,77.52962625341841,9,41468.3975005761,52.283105022831,Significant_Damage_And_Serious_Injuries,11,0.31394951316263997,2
9727,2,0.299887442870648,79.66,81.0391978122151,16,22102.038543134102,42.0091324200913,Minor_Damage_And_Injuries,13,0.226679408582762,2
8787,1,1.3583961336022699,77.64,66.5907019143118,20,36873.0707665609,29.5433789954338,Minor_Damage_And_Injuries,22,0.499308330328164,3
3598,2,0.433461888131798,76.63,40.5195989061076,11,31925.2755538881,68.9954337899543,Highly_Fatal_And_Damaging,12,0.693322033898305,2
5513,3,0.163199733689906,81.57,61.303555150410205,14,32874.2637561158,37.5799086757991,Significant_Damage_And_Serious_Injuries,6,0.39148287053732395,1
8988,6,0.00811790790848975,80.16,45.897903372834996,16,32986.7833036824,30.9132420091324,Minor_Damage_And_Injuries,4,0.557728813559322,3
9165,2,0.278446237781689,83.15,74.74931631722879,12,20600.5849948309,56.62100456620999,Minor_Damage_And_Injuries,20,0.315391994230076,4
1409,3,0.17583752963143803,78.73,53.600729261622604,11,35380.6350123692,46.5753424657534,Significant_Damage_And_Serious_Injuries,2,0.49281716552470295,0
12166,1,0.992974229396275,83.72,52.3701002734731,17,27379.9200368358,27.1232876712329,Minor_Damage_And_Injuries,3,0.37489433826181,0
9932,2,0.47115359277493,77.89,56.517775752051,14,34936.6263297196,37.3972602739726,Minor_Damage_And_Injuries,0,0.324768121168409,2
9693,2,0.5510408050069999,77.31,64.8131267092069,10,40754.718327522794,59.9543378995434,Minor_Damage_And_Injuries,1,0.175471330688784,2
1517,3,0.257153813877754,82.45,71.2397447584321,13,51049.380150028395,38.310502283105,Significant_Damage_And_Serious_Injuries,54,0.249759105661738,1
1369,4,0.0671493086101149,81.59,74.06563354603459,13,37066.9622418898,29.406392694063896,Highly_Fatal_And_Damaging,14,0.215500180310133,2
7909,3,0.23287336187426197,84.78,79.39835916134909,14,46445.709096156905,26.4840182648402,Highly_Fatal_And_Damaging,2,0.29483663901911306,2
2142,6,0.00899035486393975,78.67,64.2661804922516,15,33651.5805229688,33.3333333333333,Significant_Damage_And_Serious_Injuries,2,0.386434186801298,3
901,1,0.9791787218930771,78.22,68.04922515952599,12,26340.2994819596,67.53424657534251,Significant_Damage_And_Fatalities,6,0.158882798413271,2
3423,7,0.00166863062454567,86.4,62.306289881495,13,18272.7284846477,64.88584474885839,Significant_Damage_And_Fatalities,7,0.38102488279841296,4
1377,4,0.06960315579659199,84.41,62.7620783956244,13,37967.5513248833,28.721461187214604,Highly_Fatal_And_Damaging,2,0.286181752614497,2
468,4,0.0515852646711956,79.58,63.810391978122205,15,28162.0204173235,21.2785388127854,Highly_Fatal_And_Damaging,0,0.556286332491886,2
3148,4,0.0979063303069243,78.21,66.6818596171377,13,51474.8711787021,30.0,Highly_Fatal_And_Damaging,0,0.30637648755860103,4
7921,2,0.6481517789417621,81.05,55.6061987237922,15,47892.2985522238,44.4748858447489,Highly_Fatal_And_Damaging,1,0.338471691309052,3
539,3,0.107090687819435,79.99,73.1084776663628,13,21426.8330244566,39.726027397260296,Significant_Damage_And_Serious_Injuries,7,0.306015867291742,2
7822,4,0.0604794899831926,79.03,55.3783044667274,18,33107.0646128733,12.694063926940599,Significant_Damage_And_Fatalities,12,0.42141435268662103,3
9171,4,0.0602230539580057,79.49,61.303555150410205,6,32578.594353098102,52.100456621004604,Highly_Fatal_And_Damaging,7,0.656538766678687,2
6480,7,0.00243243998136578,84.72,59.9817684594348,11,25794.580871847003,33.7442922374429,Highly_Fatal_And_Damaging,2,0.36083014785430895,2
11895,4,0.08554175922996601,78.27,41.5223336371923,10,46296.737183495,62.55707762557079,Highly_Fatal_And_Damaging,6,0.61939487919221,3
970,7,0.003959903328830621,80.44,92.9352780309936,14,45084.691639685305,59.8173515981735,Significant_Damage_And_Fatalities,5,0.16248900108186098,3
1675,2,0.577778976533685,82.74,71.7866909753874,11,42766.6389720871,45.79908675799089,Significant_Damage_And_Serious_Injuries,3,0.44413342949873796,1
9718,6,0.0100253470599817,76.49,59.7538742023701,15,40238.3320935957,34.474885844748805,Significant_Damage_And_Serious_Injuries,7,0.267790119004688,3
11728,2,0.415919626722151,76.86,49.4530537830446,15,30701.4903580148,44.337899543379,Highly_Fatal_And_Damaging,3,0.5346491164803461,1
9343,1,0.6029986068662321,80.95,80.6745670009116,12,14957.1522640326,31.5981735159817,Highly_Fatal_And_Damaging,2,0.264183916336098,3
12350,2,0.43676519148166204,81.71,61.485870556062004,15,32272.8250191819,46.392694063926896,Minor_Damage_And_Injuries,9,0.45134583483591795,2
1320,4,0.055607103600453,78.95,54.3755697356427,18,30448.470005056603,33.7442922374429,Minor_Damage_And_Injuries,5,0.25264406779661,2
6830,3,0.104226104747835,77.53,66.3172288058341,10,21075.5657424354,51.1872146118721,Significant_Damage_And_Serious_Injuries,11,0.395449693472773,0
6134,5,0.0273168021552321,79.61,67.0464904284412,12,41373.234884906204,30.593607305936104,Highly_Fatal_And_Damaging,0,0.462885683375405,3
6614,3,0.161099598375108,80.03,67.4567000911577,7,32301.4341762744,60.1826484018265,Significant_Damage_And_Serious_Injuries,14,0.29591849981969,2
2050,6,0.0066629706703687204,83.32,56.79124886052871,9,26044.9115519259,40.273972602739704,Highly_Fatal_And_Damaging,10,0.293033537684818,1
9246,4,0.0586688995339389,78.9,49.863263445761206,19,32187.543777080897,7.76255707762557,Significant_Damage_And_Fatalities,6,0.47045870897944503,2
11690,6,0.0053353160716145,75.39,71.9234275296263,14,21411.0209069077,36.164383561643795,Significant_Damage_And_Serious_Injuries,5,0.351454020915975,4
11946,6,0.009724337338354521,79.72,66.9097538742024,16,39133.5779449397,28.5844748858447,Significant_Damage_And_Serious_Injuries,5,0.357223945185719,1
6703,3,0.21561080303091198,81.02,62.944393801276206,14,43575.4601071291,35.7990867579909,Significant_Damage_And_Serious_Injuries,10,0.37958240173097707,1
5523,3,0.18052770276598998,78.46,59.9817684594348,19,35769.5193950316,19.4063926940639,Significant_Damage_And_Serious_Injuries,0,0.508323836999639,0
8805,4,0.0311584829016707,78.68,72.151321786691,10,17496.971802860702,39.2694063926941,Highly_Fatal_And_Damaging,0,0.273199423007573,2
5673,4,0.0363976969306029,78.09,62.1695533272562,14,19518.5621631503,25.616438356164398,Highly_Fatal_And_Damaging,2,0.314670753696357,2
3937,6,0.007900841652397371,82.45,69.1431175934367,14,31346.7953386373,24.6118721461187,Highly_Fatal_And_Damaging,4,0.46829498737829,3
11,7,0.00262762684497754,77.13,72.6526891522334,20,30271.1947677453,27.4885844748858,Minor_Damage_And_Injuries,17,0.19494482509917002,3
8318,6,0.0102595489014044,78.0,77.98541476754791,11,40674.112655783,46.4840182648402,Significant_Damage_And_Serious_Injuries,1,0.384631085467003,1
8096,5,0.028569420903981003,77.83,78.0309936189608,13,41991.870913776,39.4977168949772,Significant_Damage_And_Serious_Injuries,6,0.24579228272628895,2
6867,3,0.120503074811362,82.2,66.40838650866,19,24122.306625314,20.5022831050228,Significant_Damage_And_Serious_Injuries,3,0.42177497295348,2
9287,4,0.0547403831070529,78.33,80.6289881494986,18,30094.089236148102,10.867579908675802,Highly_Fatal_And_Damaging,0,0.24579228272628895,2
671,3,0.101597940187577,79.0,70.1458523245214,10,20637.7837001384,49.8173515981735,Significant_Damage_And_Serious_Injuries,11,0.474425531914894,2
11290,7,0.00240964361071784,78.9,56.7000911577028,9,27551.103527028703,65.8904109589041,Significant_Damage_And_Serious_Injuries,2,0.7777071763433109,2
9360,1,0.859539949194424,80.53,62.7164995442115,12,23454.2840475312,31.461187214611897,Highly_Fatal_And_Damaging,2,0.3352261089073211,2
3624,4,0.0636202109984061,80.67,64.3117593436645,18,34956.4722310962,11.232876712328801,Highly_Fatal_And_Damaging,7,0.417086909484313,3
8853,6,0.00900372099201005,81.24,82.72561531449409,13,36676.1776618015,40.7762557077626,Significant_Damage_And_Serious_Injuries,20,0.22848250991705701,1
4418,3,0.0999430144336609,81.97,65.6335460346399,7,19643.5987363401,50.7305936073059,Highly_Fatal_And_Damaging,5,0.267790119004688,2
12469,3,0.19070600931885298,81.24,76.6180492251596,4,38170.7633934154,77.3059360730594,Minor_Damage_And_Injuries,3,0.354699603317706,1
1543,7,0.0023316714978090397,86.43,72.3792160437557,13,23226.2368947895,61.872146118721396,Significant_Damage_And_Fatalities,19,0.388958528669311,3
6385,3,0.12462921045016499,79.34,41.203281677301796,9,25032.827702232902,52.511415525114096,Minor_Damage_And_Injuries,5,0.45891886043995594,0
8789,6,0.0047923018675796,78.64,74.0200546946217,9,18103.7897133572,54.7488584474886,Significant_Damage_And_Serious_Injuries,6,0.25264406779661,1
6352,3,0.157172393214529,79.03,59.161349134001796,19,31442.511648109703,18.7214611872146,Significant_Damage_And_Serious_Injuries,1,0.48488351965380394,2
11384,7,0.00269768127782206,79.79,53.00820419325439,8,29365.0114975677,80.958904109589,Significant_Damage_And_Serious_Injuries,20,0.5642199783627839,0
3123,7,0.00401610269010273,76.9,82.4977210574294,15,43717.2844019346,32.8767123287671,Significant_Damage_And_Serious_Injuries,8,0.17330760908763,2
7835,4,0.0453050042984426,77.85,66.1349134001823,7,25251.1155579363,72.9680365296803,Highly_Fatal_And_Damaging,1,0.346405337179949,3
2271,1,0.202495647194575,78.55,65.9981768459435,14,12542.5506074795,23.7899543378995,Highly_Fatal_And_Damaging,23,0.42213559322033894,3
8515,2,0.7295762379724829,81.86,54.968094804010896,12,52978.479059002304,42.4200913242009,Minor_Damage_And_Injuries,8,0.442330328164443,1
5985,2,0.480311362723386,81.25,45.67000911577029,13,35508.1831470116,27.8082191780822,Significant_Damage_And_Fatalities,1,0.350011539848539,3
8706,5,0.025816320539417997,78.15,59.2980856882407,14,38382.6155037246,48.9954337899543,Minor_Damage_And_Injuries,6,0.5032751532636129,0
10311,4,0.0578632306636776,82.49,83.8195077484048,13,31646.748436822596,27.8995433789954,Highly_Fatal_And_Damaging,0,0.18520807789397797,2
2441,6,0.00043630082173007996,77.99,71.7866909753874,13,10722.2321339359,38.310502283105,Significant_Damage_And_Serious_Injuries,13,0.37128813559322,1
118,5,0.0137472799987364,81.46,75.5241567912489,10,20795.1241990163,71.7808219178082,Significant_Damage_And_Fatalities,3,0.336307969707898,1
11353,7,0.00279216318896713,81.96,54.32999088422971,11,31631.3776117869,56.6666666666667,Highly_Fatal_And_Damaging,6,0.455673278038226,3
9433,2,0.49984523309312395,77.25,73.60984503190521,15,36883.7899744297,45.7534246575342,Minor_Damage_And_Injuries,0,0.38607356653443897,3
3335,4,0.0800334853925099,77.26,79.535095715588,12,43852.845351907796,29.1780821917808,Highly_Fatal_And_Damaging,4,0.40302271907681203,4
4056,2,0.39227281167258293,79.3,81.5861440291705,7,28970.298670994704,49.634703196347,Highly_Fatal_And_Damaging,1,0.43547854309412204,1
1934,4,0.0527156406454591,78.66,62.7164995442115,12,28787.1727151921,31.8264840182648,Highly_Fatal_And_Damaging,2,0.315752614496934,2
4251,7,0.0027759536961866602,79.6,55.0592525068368,11,31631.3776117869,70.41095890410959,Significant_Damage_And_Fatalities,14,0.439805986296429,3
5415,3,0.18052770276598998,77.78,61.5314494074749,13,35867.2301422482,38.8127853881278,Significant_Damage_And_Serious_Injuries,0,0.42429931482149297,2
10078,1,0.8443046918732859,75.88,69.37101185050139,7,22950.581016018703,46.6666666666667,Highly_Fatal_And_Damaging,18,0.462525063108547,1
544,6,0.00800907737894134,77.55,60.027347310847794,5,32266.136231482596,53.8356164383562,Significant_Damage_And_Serious_Injuries,4,0.40771078254597903,2
11087,2,0.364323085585167,78.91,73.70100273473109,11,26902.3188154086,36.4383561643836,Highly_Fatal_And_Damaging,2,0.273560043274432,2
6406,2,0.5715455759896879,76.59,40.5195989061076,8,42041.4474613388,68.2648401826484,Highly_Fatal_And_Damaging,8,0.63742589253516,2
6171,1,0.65511014674204,78.02,68.5961713764813,13,18180.9665833069,50.63926940639271,Minor_Damage_And_Injuries,15,0.41744752975117205,2
8421,4,0.0569738691451074,81.29,80.99361896080221,22,30992.0427846588,22.922374429223698,Minor_Damage_And_Injuries,6,0.312507032095204,1
7459,7,0.0032343539250976397,77.08,60.665451230628996,14,34472.083799485,60.136986301369895,Significant_Damage_And_Fatalities,13,0.423217454020916,0
7713,6,0.00526925718600814,76.04,41.6134913400182,18,21720.5738257697,46.0730593607306,Significant_Damage_And_Serious_Injuries,13,0.580447890371439,3
8980,3,0.13041566373018199,78.34,66.9097538742024,10,26335.223799634703,49.2694063926941,Significant_Damage_And_Serious_Injuries,5,0.382467363865849,2
5033,1,0.439207928563992,77.66,50.86599817684589,12,10115.9216675063,32.6940639269406,Significant_Damage_And_Fatalities,3,0.495702127659574,2
11820,2,0.364323085585167,78.96,69.91795806745671,15,26900.7028554629,46.6666666666667,Minor_Damage_And_Injuries,9,0.3936465921384779,2
8310,2,0.31617757378011896,81.8,65.95259799453049,15,23506.5433138691,43.3333333333333,Minor_Damage_And_Injuries,10,0.28654237288135603,2
11514,2,0.16749854389415697,84.32,78.5779398359162,13,12444.521332321001,29.4977168949772,Highly_Fatal_And_Damaging,13,0.338471691309052,2
2952,6,0.00880518950811756,83.12,71.7866909753874,11,35902.3547465078,45.79908675799089,Significant_Damage_And_Serious_Injuries,4,0.34027479264334604,1
10522,3,0.0784881253243107,80.19,61.2579762989973,18,15991.4147574307,22.2831050228311,Significant_Damage_And_Serious_Injuries,3,0.518421204471691,3
46,5,0.0130313613858333,79.03,57.2926162260711,17,18784.4086840282,27.579908675799103,Significant_Damage_And_Serious_Injuries,1,0.44413342949873796,4
110,4,0.0479837060862173,77.29,54.8313582497721,13,26548.8926588994,28.9041095890411,Significant_Damage_And_Fatalities,4,0.368763793725207,4
12017,5,0.0353194524101037,79.96,84.0018231540565,13,50545.07022570231,51.917808219178106,Minor_Damage_And_Injuries,8,0.29555787955283,2
4479,4,0.0473518699492426,78.53,76.8003646308113,12,25556.9388061089,31.1415525114155,Highly_Fatal_And_Damaging,0,0.281854309412189,3
10540,6,0.00605108745987546,76.87,77.52962625341841,8,23860.731611892203,57.1232876712329,Significant_Damage_And_Serious_Injuries,11,0.30998269022719105,2
4738,4,0.0443025905213973,76.66,70.7383773928897,14,24545.78142223,25.662100456620998,Highly_Fatal_And_Damaging,10,0.273560043274432,1
8483,3,0.175675010183545,81.3,48.9061075660894,12,35285.2690352296,32.4200913242009,Highly_Fatal_And_Damaging,10,0.42249621348719796,2
2534,3,0.17431718520832598,77.77,88.0127620783956,14,34929.7404234047,36.894977168949794,Significant_Damage_And_Serious_Injuries,4,0.293754778218536,2
798,7,0.00235400933088621,77.74,45.2597994530538,10,25814.8468749981,60.1826484018265,Significant_Damage_And_Serious_Injuries,7,0.699813198701766,2
19,7,0.0023523772131647898,82.3,63.2634457611668,9,23792.108607128197,54.7488584474886,Significant_Damage_And_Serious_Injuries,28,0.306015867291742,3
10551,7,0.0012985721361449699,79.88,60.9845031905196,13,14894.162020201698,63.1963470319635,Significant_Damage_And_Fatalities,5,0.34496285611251304,3
6556,2,0.592637233865426,78.38,63.76481312670921,13,43621.7313982517,28.8584474885845,Highly_Fatal_And_Damaging,2,0.30313090515687,2
2495,3,0.236847335689612,79.48,53.600729261622604,12,47156.9384261401,42.328767123287705,Minor_Damage_And_Injuries,15,0.606412549585286,0
1597,4,0.0827860671099331,83.63,71.55879671832271,12,45769.7818318359,33.470319634703195,Highly_Fatal_And_Damaging,8,0.46721312657771297,0
2135,2,0.371472025862616,80.43,48.6326344576117,15,27506.848931160697,32.4657534246575,Minor_Damage_And_Injuries,1,0.42970861882437794,3
5273,2,0.39231983502980605,76.79,60.847766636280795,11,28929.744669350097,35.1598173515982,Highly_Fatal_And_Damaging,5,0.40735016227912,2
2028,1,0.8777092451520391,75.14,52.3701002734731,16,23797.3487466829,19.2237442922374,Significant_Damage_And_Fatalities,0,0.254447169130905,0
2442,4,0.0594585122059251,76.52,50.136736554238794,18,32187.543777080897,12.694063926940599,Significant_Damage_And_Fatalities,13,0.44773963216732793,2
9095,5,0.0146382192559913,82.14,67.4111212397448,11,20721.9313806503,70.6849315068493,Significant_Damage_And_Fatalities,1,0.272838802740714,1
10830,2,0.438728976114531,81.44,69.5989061075661,13,32441.0873612425,50.273972602739704,Minor_Damage_And_Injuries,10,0.41095636494771004,2
10433,2,0.43330458478097106,76.86,56.8368277119417,17,32018.6310318531,37.3059360730594,Minor_Damage_And_Injuries,11,0.334865488640461,3
8834,7,0.00313473818084455,79.43,77.52962625341841,9,33256.4668152374,75.5707762557078,Significant_Damage_And_Fatalities,6,0.23100685178507,0
11176,7,0.00246526174125229,83.34,78.3044667274385,15,24759.2173609027,32.8767123287671,Significant_Damage_And_Serious_Injuries,4,0.239661738189686,3
2993,4,0.0599545335214721,82.53,86.05287146763901,12,32951.988822232204,31.1415525114155,Highly_Fatal_And_Damaging,8,0.29411539848539503,0
1124,3,0.150239798754167,82.15,72.2880583409298,11,30248.9349674802,45.79908675799089,Significant_Damage_And_Serious_Injuries,29,0.207205914172377,3
11274,4,0.0757777229810722,76.93,72.7438468550593,15,41709.0152758443,42.9680365296804,Minor_Damage_And_Injuries,0,0.233531193653083,2
6288,4,0.05778482847020599,84.96,77.7575205104832,13,31592.253491779,30.0913242009132,Highly_Fatal_And_Damaging,12,0.281133068878471,1
8509,7,0.0018770473815098601,77.86,73.0173199635369,13,22656.980469107002,61.872146118721396,Significant_Damage_And_Fatalities,9,0.32368626036783194,4
9498,4,0.0744920387271988,81.07,68.5961713764813,12,40657.7633959541,29.1780821917808,Highly_Fatal_And_Damaging,1,0.417086909484313,2
10784,2,0.337996374568915,76.66,72.0145852324522,15,25019.9299511302,44.3835616438356,Minor_Damage_And_Injuries,10,0.43223296069239103,1
1976,3,0.0756091709686122,81.91,61.212397447584294,16,15186.5079522167,53.74429223744289,Significant_Damage_And_Fatalities,20,0.41672628921745397,3
8865,2,0.25328347095111703,77.87,88.0583409298086,7,19262.1840059827,73.3333333333333,Minor_Damage_And_Injuries,2,0.298442841687703,2
4034,3,0.131215115356971,79.71,75.47857793983592,9,26261.5515416009,53.74429223744289,Significant_Damage_And_Serious_Injuries,1,0.33450486837360305,0
11743,3,0.22694424407898803,77.53,77.93983591613491,14,45645.0096876542,35.7077625570776,Significant_Damage_And_Serious_Injuries,15,0.298082221420844,1
2782,4,0.0679180602164867,82.53,75.11394712853242,12,37066.9622418898,31.9178082191781,Highly_Fatal_And_Damaging,14,0.22740064911648,0
3112,4,0.0198346999706244,80.36,65.2689152233364,13,10813.8493443795,30.7305936073059,Highly_Fatal_And_Damaging,10,0.342799134511359,3
11109,7,0.00299856698273019,79.58,62.2607110300821,10,35320.9454536098,72.32876712328759,Significant_Damage_And_Fatalities,2,0.427905517490083,1
10728,6,0.0073470733651801595,81.27,61.3947128532361,11,28542.004184011003,47.899543378995396,Significant_Damage_And_Serious_Injuries,6,0.40518644067796605,2
5018,3,0.165002363929807,75.9,55.560619872379206,12,33372.8197860987,53.105022831050206,Significant_Damage_And_Serious_Injuries,0,0.49137468445726595,2
12100,3,0.133480825287782,83.6,67.6390154968095,18,26859.1915363265,47.5342465753425,Significant_Damage_And_Fatalities,2,0.249759105661738,2
12456,6,0.00722205940997227,76.89,77.02825888787599,13,29971.7444634365,38.401826484018294,Significant_Damage_And_Serious_Injuries,3,0.29700036062026697,2
4500,3,0.162233572925457,81.06,59.57155879671829,11,32509.9312590937,45.7077625570776,Significant_Damage_And_Serious_Injuries,9,0.47370429138117603,1
896,1,1.84388606166323,78.63,65.5423883318141,13,51183.882564596795,51.461187214611904,Minor_Damage_And_Injuries,2,0.34496285611251304,2
6,3,0.160643633052364,81.0,70.60164083865091,20,32269.0683506148,13.789954337899498,Significant_Damage_And_Serious_Injuries,12,0.30637648755860103,2
1581,7,0.0031291405106367697,76.94,74.06563354603459,20,33323.2909885593,40.5479452054794,Significant_Damage_And_Fatalities,2,0.302770284890011,1
9032,4,0.0481755010618988,76.37,62.2607110300821,13,26277.0351261399,41.598173515981706,Significant_Damage_And_Serious_Injuries,8,0.38390984493328495,1
6721,4,0.0652770328532724,78.52,71.8778486782133,13,35527.9742679093,28.675799086757998,Highly_Fatal_And_Damaging,6,0.350011539848539,3
10789,6,0.00532697752793188,78.99,64.5396536007293,18,23081.839828003198,11.5068493150685,Highly_Fatal_And_Damaging,0,0.256610890732059,3
11973,4,0.0523085891514352,81.71,54.649042844120295,15,28203.4891265458,31.1872146118721,Minor_Damage_And_Injuries,0,0.38318860439956703,2
3959,1,1.2994486299413899,81.1,88.0583409298086,6,35377.2441941688,52.100456621004604,Highly_Fatal_And_Damaging,9,0.24543166245943,4
848,5,0.0246971318965553,78.56,74.0200546946217,9,36748.2703672973,54.84018264840179,Significant_Damage_And_Serious_Injuries,6,0.238579877389109,3
1069,7,0.00307261774491828,77.02,64.4484958979034,13,34740.4394840106,63.1963470319635,Significant_Damage_And_Fatalities,16,0.41420194734944105,1
8370,4,0.0709905354811421,81.74,52.68915223336371,8,38457.9501227475,44.4748858447489,Highly_Fatal_And_Damaging,0,0.43331482149296796,3
2152,2,0.38229781948811603,77.82,62.57976298997271,11,28248.2003469655,36.11872146118721,Highly_Fatal_And_Damaging,4,0.38390984493328495,2
11432,7,0.00290596062936777,78.31,78.07657247037379,4,28201.7353365839,95.2511415525114,Significant_Damage_And_Fatalities,3,0.30998269022719105,2
5434,4,0.05607319593887901,77.13,55.19598906107571,15,30363.140751845698,20.8675799086758,Significant_Damage_And_Fatalities,1,0.311425171294627,1
5057,5,0.00259797974810656,78.06,49.4074749316317,9,6740.55705429001,66.3926940639269,Highly_Fatal_And_Damaging,7,0.44413342949873796,2
1982,5,0.0148082405234847,86.43,62.1695533272562,13,21612.7535707374,38.584474885844706,Significant_Damage_And_Serious_Injuries,4,0.42177497295348,2
2100,6,0.0119400602625915,79.64,46.718322698268004,8,45343.986977353896,46.25570776255711,Highly_Fatal_And_Damaging,12,0.504717634331049,3
2966,3,0.0963522969496773,79.54,52.461257976299,16,18842.7886746802,28.8584474885845,Minor_Damage_And_Injuries,7,0.38931914893617,0
10131,1,1.37759041351401,87.65,52.5524156791249,20,37258.0968473545,28.9954337899543,Highly_Fatal_And_Damaging,7,0.280411828344753,1
298,2,0.5012621497167511,78.76,89.51686417502279,15,36834.7828425541,45.0228310502283,Minor_Damage_And_Injuries,10,0.22920375045077498,2
11440,2,0.306870692970856,78.03,42.0692798541477,6,22443.893571404904,74.703196347032,Highly_Fatal_And_Damaging,0,0.584775333573747,2
7953,4,0.0680573980642769,76.68,75.25068368277121,20,37164.6419753701,28.5844748858447,Minor_Damage_And_Injuries,1,0.305294626758024,2
9314,1,0.992974229396275,78.46,62.2607110300821,17,26989.614643587203,39.8173515981735,Minor_Damage_And_Injuries,7,0.30781896862603697,1
2102,2,0.433461888131798,85.9,57.748404740200606,18,32108.8944544788,47.5342465753425,Significant_Damage_And_Fatalities,0,0.28221492967904804,2
1249,2,0.45949541165729707,79.98,84.68550592525071,16,33941.903054487004,42.5114155251142,Minor_Damage_And_Injuries,0,0.19278110349801603,3
12284,6,0.0093983482120637,80.22,61.89608021877849,12,39406.0129733101,42.328767123287705,Significant_Damage_And_Serious_Injuries,4,0.38174612333213104,3
5157,5,0.0138046165219183,78.37,41.841385597083004,14,21876.099922363,47.4885844748858,Highly_Fatal_And_Damaging,2,0.7459725928597181,2
4954,2,0.577208625420804,76.77,77.3473108477666,14,42688.636920867204,48.2648401826484,Minor_Damage_And_Injuries,1,0.256610890732059,2