Accident_ID,Accident_Type_Code,Adverse_Weather_Metric,Cabin_Temperature,Control_Metric,Days_Since_Inspection,Max_Elevation,Safety_Score,Severity,Total_Safety_Complaints,Turbulence_In_gforces,Violations
7283,4,0.0344048446195062,77.13,54.32999088422971,10,18614.2680854717,38.8584474885845,Significant_Damage_And_Fatalities,7,0.26165957446808497,2
1713,6,0.009890619145081998,76.9,79.535095715588,15,38631.0171950936,32.8767123287671,Significant_Damage_And_Serious_Injuries,5,0.267429498737829,3
7833,2,0.512288112606264,80.96,62.57976298997271,19,37967.5513248833,43.2420091324201,Significant_Damage_And_Fatalities,4,0.28870609448251,1
12063,2,0.46264184239205,81.73,74.06563354603459,17,34379.3077561369,38.1735159817352,Minor_Damage_And_Injuries,0,0.26490515686981597,2
6269,7,0.00383954490498635,76.8,83.68277119416591,11,42374.470860825495,35.1598173515982,Highly_Fatal_And_Damaging,2,0.35109340064911604,2
3265,2,0.413957736616592,87.0,47.265268915223395,13,30701.4903580148,27.8538812785388,Significant_Damage_And_Fatalities,2,0.44413342949873796,1
4377,5,0.0271944992276457,79.23,62.1695533272562,12,41329.443554677404,56.25570776255711,Minor_Damage_And_Injuries,13,0.317916336098088,0
1906,1,1.5073458936192399,79.49,55.1504102096627,14,40987.109431310295,26.2557077625571,Significant_Damage_And_Fatalities,2,0.260938333934367,3
12015,4,0.0297934856381292,78.13,64.9954421148587,8,15868.4439388883,68.3561643835616,Minor_Damage_And_Injuries,2,0.336668589974756,3
5727,7,0.0028252370061434603,78.31,60.57429352780311,10,29171.211372128102,72.46575342465749,Significant_Damage_And_Fatalities,10,0.474064911648034,2
3515,3,0.19556678318049597,81.42,45.67000911577029,13,39380.291354963796,40.7305936073059,Minor_Damage_And_Injuries,10,0.5213061666065629,1
9130,3,0.149678160752922,84.9,38.787602552415706,8,30129.0234626743,44.4292237442922,Significant_Damage_And_Fatalities,0,0.707746844572664,3
3351,7,0.00290087927234828,79.54,48.8149498632635,14,28245.641261576002,59.8173515981735,Significant_Damage_And_Serious_Injuries,15,0.560613775694194,3
2799,7,0.0034714018958536103,78.52,66.1349134001823,11,40019.496871603,70.3196347031963,Significant_Damage_And_Fatalities,4,0.278608727010458,4
8514,7,0.0034535908318688,82.37,69.73564266180489,8,38872.6795592111,45.5251141552511,Highly_Fatal_And_Damaging,3,0.305294626758024,2
2644,7,0.00322758081539916,77.27,51.9143117593437,16,35960.976402256805,50.273972602739704,Significant_Damage_And_Serious_Injuries,0,0.480556076451497,3
2635,1,1.1830452678624899,82.52,73.4731084776664,13,32433.036487778598,50.136986301369895,Minor_Damage_And_Injuries,6,0.28870609448251,1
892,2,0.424911513212429,77.56,72.33363719234279,15,31603.8816790219,46.1187214611872,Minor_Damage_And_Injuries,3,0.302409664623152,4
12046,2,0.305294200382334,81.26,59.9817684594348,12,22730.4709071459,32.1461187214612,Highly_Fatal_And_Damaging,2,0.244349801658853,1
10739,3,0.16258386348284,78.03,72.105742935278,11,32471.866782537796,46.1643835616438,Significant_Damage_And_Serious_Injuries,3,0.351454020915975,3
5496,6,0.00957855306754419,83.5,47.4020054694622,7,39964.6882619404,72.5570776255708,Highly_Fatal_And_Damaging,19,0.438724125495853,1
4179,7,0.00141891090081298,78.14,70.4193254329991,13,16229.7283441618,64.20091324200911,Significant_Damage_And_Fatalities,7,0.29231229715109996,1
9550,2,0.35682265469168,79.23,70.6927985414767,11,26391.631688486497,56.6666666666667,Highly_Fatal_And_Damaging,14,0.37850054093040003,2
5330,4,0.0677018072057364,80.64,76.8003646308113,14,36539.8993329714,25.296803652968002,Highly_Fatal_And_Damaging,3,0.36119076812116796,3
10180,4,0.0905402526442483,80.83,73.60984503190521,9,49040.7161051711,43.1963470319635,Highly_Fatal_And_Damaging,22,0.404104579877389,3
11328,6,0.00687215599404899,76.98,63.172288058340904,17,28164.6002001739,26.1187214611872,Significant_Damage_And_Serious_Injuries,6,0.330898665705012,1
7923,1,1.2251347174755098,78.44,76.8915223336372,6,33179.916004662795,62.7853881278539,Significant_Damage_And_Serious_Injuries,5,0.48668662098809995,1
6306,6,0.0092353588658826,78.14,71.9690063810392,10,35974.8217427248,49.726027397260296,Significant_Damage_And_Serious_Injuries,7,0.362272628921745,2
9195,4,0.0658927127051911,81.71,56.79124886052871,13,36204.5409885204,40.2283105022831,Minor_Damage_And_Injuries,9,0.5642199783627839,3
8006,1,1.73422879922716,78.59,47.0829535095716,15,46768.822185760706,21.8721461187215,Significant_Damage_And_Fatalities,24,0.804753696357736,1
4585,3,0.140526429214543,78.37,50.091157702825896,11,28135.917314679198,33.8356164383562,Highly_Fatal_And_Damaging,5,0.7459725928597181,3
9704,3,0.129889248308694,79.17,67.4111212397448,11,26069.4968678269,45.7077625570776,Significant_Damage_And_Serious_Injuries,9,0.312507032095204,2
4885,1,0.56145735508579,79.39,52.82588878760261,8,15470.4108911639,44.885844748858396,Significant_Damage_And_Fatalities,12,0.366960692390912,1
4889,7,0.00234606575500546,76.48,56.973564266180496,9,24997.875259092598,54.657534246575295,Significant_Damage_And_Serious_Injuries,3,0.46937684817886705,2
3879,4,0.0577524992640029,76.89,83.8195077484048,8,31213.7522212017,44.84018264840179,Highly_Fatal_And_Damaging,10,0.199632888568337,2
5486,7,0.0033047001729781,75.98,52.18778486782129,10,33573.269939903505,61.232876712328796,Significant_Damage_And_Serious_Injuries,1,0.40482582041110704,3
4359,2,0.442575446115247,80.27,59.3892433910666,11,32793.2571499654,34.6118721461187,Highly_Fatal_And_Damaging,5,0.39076163000360603,1
11951,1,0.898387825256726,78.4,76.8459434822243,9,24314.5667574427,39.8173515981735,Highly_Fatal_And_Damaging,6,0.492456545257843,2
5047,4,0.0731233481438206,81.26,64.35733819507749,10,39996.5548245716,37.5342465753425,Highly_Fatal_And_Damaging,1,0.20432095203750503,1
764,6,0.00339293712236319,84.62,74.52142206016408,12,13740.013039956599,41.9634703196347,Significant_Damage_And_Serious_Injuries,2,0.321883159033537,3
1141,7,0.0018909715360975602,77.62,68.04922515952599,12,21977.3775684116,68.03652968036529,Significant_Damage_And_Fatalities,5,0.527797331410025,4
2019,7,0.0037170874293526203,78.47,57.155879671832295,12,39241.561083223,44.4292237442922,Minor_Damage_And_Injuries,15,0.366960692390912,1
9271,6,0.0100809469366386,80.8,65.0865998176846,8,39242.1984983224,57.077625570776206,Significant_Damage_And_Serious_Injuries,21,0.293394157951677,2
7450,6,0.0105864665990747,83.63,59.2069279854148,12,42442.885238422205,43.4246575342466,Significant_Damage_And_Serious_Injuries,1,0.4120382257482871,1
7057,3,0.131340504997494,78.37,51.1850501367366,15,26385.0415378019,34.0182648401826,Significant_Damage_And_Serious_Injuries,2,0.644998918139199,3
7148,7,0.00166863062454567,86.39,54.922515952598,4,22753.2773234342,77.57990867579909,Significant_Damage_And_Serious_Injuries,2,0.427905517490083,3
10552,1,1.27597904434728,79.01,58.979033728350004,13,34626.8862524966,51.232876712328796,Minor_Damage_And_Injuries,1,0.36263324918860396,1
711,3,0.135825197385825,79.43,56.38103919781221,10,27384.8076695731,51.0045662100457,Significant_Damage_And_Serious_Injuries,15,0.31178579156148495,3
3591,3,0.0803772078482256,80.64,82.9079307201459,14,15865.8721701261,36.0730593607306,Significant_Damage_And_Serious_Injuries,3,0.372009376126938,2
11622,1,1.72052881699442,75.8,54.4667274384686,12,47529.6867723926,54.0182648401826,Highly_Fatal_And_Damaging,17,0.38823728813559294,2
450,6,0.00340580872302167,78.7,68.91522333637201,20,16238.5861110973,4.7945205479452095,Highly_Fatal_And_Damaging,1,0.20396033177064501,4
1735,7,0.0025795310297736,77.78,49.13400182315411,17,29289.651761483197,48.9041095890411,Significant_Damage_And_Serious_Injuries,16,0.42249621348719796,3
4826,2,0.201188155107519,77.78,62.4886052871468,17,15019.8612615203,26.3013698630137,Significant_Damage_And_Serious_Injuries,9,0.509405697800216,3
2382,3,0.170645148830517,79.15,76.7547857793984,20,34522.3491637318,15.0228310502283,Significant_Damage_And_Serious_Injuries,2,0.224876307248467,0
1588,3,0.11128834238977199,79.59,63.90154968094811,11,22420.848835432404,45.79908675799089,Significant_Damage_And_Serious_Injuries,24,0.38751604760187497,2
1970,7,0.00248905628236379,76.99,48.9061075660894,9,26531.1770939678,66.43835616438349,Significant_Damage_And_Serious_Injuries,2,0.5436646231518211,2
3427,5,0.0238176990487667,81.63,55.6061987237922,5,33757.0053641767,68.03652968036529,Minor_Damage_And_Injuries,6,0.41961125135232596,1
846,4,0.0753117470472317,79.28,55.1048313582498,12,40987.109431310295,33.9269406392694,Significant_Damage_And_Fatalities,1,0.269232600072124,3
7849,2,0.427244633172575,79.81,75.25068368277121,14,31463.568565177902,25.1598173515982,Highly_Fatal_And_Damaging,10,0.335586729174179,3
3816,5,0.0194887706984389,76.89,56.9279854147676,18,30742.725042721602,34.3835616438356,Minor_Damage_And_Injuries,23,0.302770284890011,3
3481,6,0.0074307343167388405,84.41,60.4375569735643,6,28379.6637179817,52.648401826484005,Highly_Fatal_And_Damaging,4,0.30637648755860103,3
5945,1,0.9791787218930771,81.63,77.894257064722,15,26622.291736018502,42.9680365296804,Minor_Damage_And_Injuries,3,0.362272628921745,4
6456,3,0.19146809982118598,82.2,54.968094804010896,10,38340.917759317,50.365296803653,Minor_Damage_And_Injuries,12,0.605691309051569,0
10313,6,0.00994702906462167,83.07,100.0,10,41620.6186844805,48.310502283105,Significant_Damage_And_Serious_Injuries,7,0.30349152542372904,3
10357,3,0.192253394616584,83.92,57.8851412944394,14,38660.0959485539,36.5753424657534,Significant_Damage_And_Serious_Injuries,5,0.350372160115398,1
293,2,0.488682348438616,79.07,51.4585232452142,16,36091.5527721269,19.4063926940639,Significant_Damage_And_Fatalities,0,0.42177497295348,2
8337,1,0.9051847038624209,77.66,49.5442114858706,12,24135.4433661131,32.1461187214612,Significant_Damage_And_Fatalities,0,0.498947710061305,0
6866,7,0.0038460374795458,77.57,72.1969006381039,13,41401.7229807727,27.4885844748858,Highly_Fatal_And_Damaging,0,0.346765957446808,2
2305,7,0.0031164589957626,78.09,60.1640838650866,20,32880.4096681099,40.5479452054794,Significant_Damage_And_Fatalities,0,0.375615578795528,1
2490,6,0.00613262984073078,84.94,44.758432087511395,16,24604.4655931727,30.1369863013699,Minor_Damage_And_Injuries,5,0.556286332491886,3
7295,1,1.09257988690076,78.98,52.7803099361896,13,29232.821862179902,28.9041095890411,Highly_Fatal_And_Damaging,8,0.280411828344753,2
8121,5,0.0235713550866848,76.95,66.5451230628988,11,34274.994375982,59.5433789954338,Minor_Damage_And_Injuries,1,0.38679480706815705,1
5741,5,0.0287891983148949,80.42,72.151321786691,14,41870.0262217125,49.0867579908676,Minor_Damage_And_Injuries,1,0.46721312657771297,3
167,4,0.0657718263164252,78.96,66.9553327256153,19,36354.4884269448,6.98630136986301,Highly_Fatal_And_Damaging,11,0.504717634331049,3
8630,2,0.339886381510903,77.94,68.003646308113,17,25093.1260664619,38.1735159817352,Minor_Damage_And_Injuries,0,0.29411539848539503,3
6563,3,0.141031133810539,81.13,77.4840474020055,11,28145.0409199558,47.71689497716889,Significant_Damage_And_Serious_Injuries,1,0.331980526505589,2
2390,6,0.00525582108950875,76.18,48.9061075660894,16,21287.7996759686,53.74429223744289,Significant_Damage_And_Fatalities,15,0.374533717994951,0
8193,3,0.16754135401837303,83.57,50.820419325432994,18,33673.5787819803,33.607305936073104,Highly_Fatal_And_Damaging,1,0.5627774972953481,1
3981,3,0.183423033462332,84.48,77.52962625341841,10,36736.2901448529,48.81278538812779,Significant_Damage_And_Serious_Injuries,11,0.18556869816083602,4
6181,2,0.414941704093137,76.12,45.487693710118506,13,30732.5345449627,49.2694063926941,Highly_Fatal_And_Damaging,2,0.38210674359899,1
11568,3,0.16646731576656,83.64,66.7730173199635,16,33101.085724826,29.634703196346997,Significant_Damage_And_Serious_Injuries,7,0.357223945185719,2
5199,4,0.0710287636448836,76.66,57.520510483135794,11,38394.5509317175,34.6575342465753,Highly_Fatal_And_Damaging,5,0.28221492967904804,0
10392,2,0.5437406515565151,77.97,62.07839562443029,10,40101.8250426003,60.5479452054795,Minor_Damage_And_Injuries,2,0.37128813559322,1
6841,3,0.236948192249694,88.39,52.9626253418414,20,47592.316643138,17.8995433789954,Minor_Damage_And_Injuries,12,0.36660007212405293,2
4186,3,0.144311406658945,79.2,71.42206016408392,14,28973.3033136983,36.392694063926896,Significant_Damage_And_Serious_Injuries,11,0.314310133429499,1
9895,7,0.00290611292624657,78.4,50.5013673655424,10,29213.8409826863,59.8173515981735,Significant_Damage_And_Serious_Injuries,1,0.329095564370718,2
8692,4,0.0408942878895581,75.25,62.5341841385597,17,22535.7301853887,13.698630136986301,Highly_Fatal_And_Damaging,8,0.25841399206635396,0
9374,3,0.136897973743858,82.43,52.3245214220602,13,27520.4924785671,38.7214611872146,Minor_Damage_And_Injuries,0,0.323325640100974,1
6460,7,0.00343974015422181,79.58,71.2397447584321,20,40075.9286978829,27.2602739726027,Minor_Damage_And_Injuries,3,0.44665777136675106,1
3533,4,0.0723885206448047,77.44,55.0592525068368,17,39523.6657956433,38.8584474885845,Highly_Fatal_And_Damaging,7,0.338471691309052,0
7648,6,0.0070668628868609095,83.21,59.2980856882407,18,30063.5797319462,24.703196347031998,Significant_Damage_And_Serious_Injuries,0,0.35542084385142403,3
10780,3,0.10271429105141999,78.78,83.3637192342753,16,20487.8674821751,30.4566210045662,Significant_Damage_And_Serious_Injuries,5,0.337750450775333,1
5366,7,0.0037624088321581103,78.01,63.2634457611668,13,43558.483161140095,62.3744292237443,Significant_Damage_And_Fatalities,13,0.32116191849982,3
3849,2,0.307623471832018,77.02,68.5050136736554,7,22472.167459524302,73.37899543379001,Minor_Damage_And_Injuries,10,0.41744752975117205,3
5784,1,1.19173458023308,80.26,52.68915223336371,11,32468.868616417003,46.4383561643836,Minor_Damage_And_Injuries,1,0.328374323837,1
8275,3,0.20122391367316,80.12,64.94986326344579,16,40669.4425991241,29.0867579908676,Significant_Damage_And_Serious_Injuries,3,0.395810313739632,2
7985,1,0.9784546265153471,80.98,33.9562443026436,15,26597.1543122835,22.1004566210046,Significant_Damage_And_Fatalities,19,0.499308330328164,3
8342,2,0.43231504591554204,76.05,67.1376481312671,17,32060.634073431298,38.1735159817352,Minor_Damage_And_Injuries,3,0.414923187883159,1
12368,3,0.144311406658945,81.13,79.7629899726527,11,29216.4159909021,48.3561643835616,Significant_Damage_And_Serious_Injuries,2,0.317555715831229,3
12457,6,0.00537408755776568,79.6,95.077484047402,18,22068.2222270981,33.7442922374429,Minor_Damage_And_Injuries,1,0.256610890732059,1
5522,3,0.189029307357235,80.64,76.8003646308113,15,37935.8016532287,33.1050228310502,Significant_Damage_And_Serious_Injuries,0,0.38318860439956703,1
12266,2,0.619279392671491,80.75,88.4685505925251,9,45300.0270165971,54.657534246575295,Significant_Damage_And_Serious_Injuries,7,0.40374395961053006,1
7363,7,0.00277805661424645,77.78,49.4530537830446,18,29573.3521901497,44.9315068493151,Significant_Damage_And_Serious_Injuries,21,0.52599423007573,3
5916,3,0.13258363082983698,83.24,61.3947128532361,12,26603.6943333191,43.607305936073,Significant_Damage_And_Serious_Injuries,1,0.510848178867652,2
11875,3,0.10639403449074698,79.77,73.4731084776664,17,21253.388520372,27.1689497716895,Significant_Damage_And_Serious_Injuries,2,0.463246303642264,2
2689,4,0.0718018696549619,78.04,60.300820419325504,14,39230.7767992872,36.712328767123296,Significant_Damage_And_Serious_Injuries,3,0.40482582041110704,3
7583,7,0.00196638455370176,80.76,62.625341841385605,19,17377.6273066295,41.643835616438295,Significant_Damage_And_Fatalities,6,0.427544897223224,1
9215,1,1.4803424663546598,77.62,61.6226071103008,7,40353.5539105044,48.2648401826484,Highly_Fatal_And_Damaging,6,0.48524413992066295,1
484,6,0.007672796704650179,76.19,59.7538742023701,14,30982.4858135607,59.8173515981735,Significant_Damage_And_Fatalities,1,0.474786152181753,2
11358,4,0.0714750024770554,77.83,58.4776663628077,13,38859.9855662169,27.579908675799103,Highly_Fatal_And_Damaging,30,0.49462026685899696,2
289,4,0.0644981911503426,80.14,83.54603463992709,15,34727.7751753632,45.79908675799089,Minor_Damage_And_Injuries,0,0.346405337179949,2
7968,2,0.234689040083959,81.34,63.947128532361,14,17006.4611648321,49.2237442922374,Minor_Damage_And_Injuries,6,0.24615290299314802,2
7178,1,1.29142485015568,80.5,78.94257064721971,17,35006.6478704957,39.4520547945205,Minor_Damage_And_Injuries,4,0.32116191849982,2
91,5,0.00868877979364907,78.99,42.5706472196901,16,8706.41207763477,42.4657534246575,Highly_Fatal_And_Damaging,1,0.43223296069239103,3
11366,4,0.0611836711383713,81.89,52.5524156791249,12,33553.4782836866,33.9269406392694,Significant_Damage_And_Fatalities,7,0.38931914893617,3
3387,4,0.0659924427036663,80.84,81.26709206927991,15,36065.2085271643,21.735159817351605,Highly_Fatal_And_Damaging,10,0.29123043635052304,2
51,2,0.484710456352861,81.81,72.7438468550593,10,36048.3668190144,61.0045662100457,Minor_Damage_And_Injuries,8,0.272838802740714,2
3846,1,1.1837210399650402,77.67,47.7666362807658,17,32227.7131370942,14.4748858447489,Significant_Damage_And_Fatalities,3,0.511930039668229,2
2061,3,0.111669094338871,81.2,64.9954421148587,13,22318.1217237451,41.324200913242,Significant_Damage_And_Serious_Injuries,8,0.32116191849982,2
1472,7,0.00238037353454408,80.66,81.7228805834093,11,27179.0519600046,34.1095890410959,Highly_Fatal_And_Damaging,0,0.296279120086549,0
1852,7,0.00223621061938481,78.47,70.1914311759344,12,26424.9508350846,56.712328767123296,Minor_Damage_And_Injuries,10,0.39400721240533704,2
2274,4,0.0490861678801767,81.02,71.05742935278029,14,27009.595368617098,24.1095890410959,Highly_Fatal_And_Damaging,4,0.46721312657771297,2
9582,3,0.139944845040627,78.75,72.33363719234279,11,28145.0409199558,46.4840182648402,Significant_Damage_And_Serious_Injuries,1,0.41672628921745397,1
9701,4,0.0543696861900085,76.61,47.17411121239739,14,29722.8399085569,25.251141552511395,Significant_Damage_And_Fatalities,13,0.438724125495853,3
6974,3,0.151840046781855,76.45,96.30811303555149,16,30415.652244997997,17.3972602739726,Highly_Fatal_And_Damaging,15,0.314310133429499,1
487,5,0.0179965117276075,79.2,48.9516864175023,19,28547.658421272998,20.8675799086758,Minor_Damage_And_Injuries,7,0.5822509917057329,4
9371,1,0.859867417828303,80.86,64.2661804922516,11,23362.5382988508,34.3835616438356,Highly_Fatal_And_Damaging,9,0.236416155787955,3
5257,7,0.00267114760160348,76.37,59.525979945305394,10,30951.0633871869,72.32876712328759,Significant_Damage_And_Fatalities,10,0.423217454020916,2
6320,1,1.3421932486929098,81.15,72.0145852324522,10,36377.5107854939,36.986301369863,Highly_Fatal_And_Damaging,14,0.302409664623152,4
1323,1,1.16322851754797,82.72,46.03463992707379,14,31633.6906386513,24.748858447488605,Significant_Damage_And_Fatalities,0,0.599921384781825,2
3955,4,0.0735958717115776,77.42,68.5050136736554,16,40424.9322137671,18.310502283105,Highly_Fatal_And_Damaging,9,0.640671474936891,1
6766,1,0.7446476060733109,79.7,60.1640838650866,11,20285.7112878375,35.296803652968,Highly_Fatal_And_Damaging,0,0.231728092318788,2
5110,3,0.118795587606853,82.82,52.0966271649954,3,23861.037409217002,71.689497716895,Minor_Damage_And_Injuries,1,0.40482582041110704,2
1360,3,0.101519827745638,78.1,78.8969917958068,17,20487.8674821751,26.986301369863,Significant_Damage_And_Serious_Injuries,2,0.39797403534078596,2
4701,3,0.17253938189435597,80.54,80.35551504102101,15,34791.7595740731,33.287671232876704,Significant_Damage_And_Serious_Injuries,0,0.19638730616660602,2
4252,6,0.00618362691761325,79.78,56.9279854147676,4,25094.3570432439,77.8538812785388,Highly_Fatal_And_Damaging,2,0.487768481788677,3
1558,4,0.0443025905213973,80.13,56.2898814949863,20,24371.5142179798,30.776255707762605,Highly_Fatal_And_Damaging,2,0.6330984493328521,1
10296,4,0.0961825861517461,78.49,71.1030082041933,21,53455.0451129203,19.9086757990868,Minor_Damage_And_Injuries,6,0.526354850342589,1
6636,4,0.068210006095578,79.03,53.919781221513205,6,37292.129029615804,52.100456621004604,Significant_Damage_And_Fatalities,2,0.620837360259647,1
5845,1,0.387799082295146,79.76,80.0364630811304,6,9125.609625630279,52.648401826484005,Highly_Fatal_And_Damaging,4,0.224876307248467,2
10971,4,0.0279354186380137,80.55,64.8131267092069,11,14139.9067872575,70.0913242009132,Significant_Damage_And_Fatalities,11,0.438002884962135,3
7512,4,0.0495178660399433,81.1,67.50227894257071,15,27007.9663942613,21.735159817351605,Highly_Fatal_And_Damaging,9,0.34315975477821803,2
9526,4,0.0601777442176999,81.37,52.5524156791249,11,32666.809391351202,35.2511415525114,Significant_Damage_And_Fatalities,6,0.3932859718716189,1
9118,4,0.0593966255335747,83.32,57.5660893345488,9,32108.8944544788,41.5525114155251,Highly_Fatal_And_Damaging,6,0.29591849981969,2
8409,6,0.00990625580190773,80.98,71.8322698268004,14,37935.8016532287,35.4794520547945,Significant_Damage_And_Serious_Injuries,1,0.363715109989181,1
8891,3,0.14597123365178,82.66,67.228805834093,12,28945.1811088658,44.566210045662096,Significant_Damage_And_Serious_Injuries,2,0.261298954201226,2
3753,4,0.039655280345073,79.58,65.587967183227,15,21762.5037953773,21.2785388127854,Highly_Fatal_And_Damaging,1,0.413120086548864,1
7925,3,0.178257538798474,84.75,71.42206016408392,11,36166.0039080309,45.205479452054796,Significant_Damage_And_Serious_Injuries,3,0.247234763793725,1
3759,2,0.45885903355730295,80.98,63.3546034639927,15,34007.985671315095,46.4840182648402,Minor_Damage_And_Injuries,3,0.452427695636495,1
6856,3,0.16396237774710998,80.13,60.4375569735643,11,32832.4176893392,47.44292237442921,Significant_Damage_And_Serious_Injuries,1,0.355060223584565,2
2467,7,0.0037845533395528,78.95,61.485870556062004,14,44899.0705087481,59.315068493150704,Significant_Damage_And_Fatalities,4,0.220548864046159,4
498,2,0.217882733481642,84.52,49.13400182315411,7,15521.185500598602,70.1369863013699,Highly_Fatal_And_Damaging,8,0.42249621348719796,3
286,7,0.00262759331216413,77.78,53.96536007292621,18,31087.6739161044,45.9817351598173,Significant_Damage_And_Serious_Injuries,4,0.5425827623512439,2
5353,2,0.49984523309312395,79.3,62.1695533272562,12,37050.8568808506,31.2328767123288,Highly_Fatal_And_Damaging,10,0.4444940497655971,2
8222,1,1.06763304103432,77.85,70.7839562443026,18,28955.3468267006,24.703196347031998,Significant_Damage_And_Serious_Injuries,0,0.339192931842769,4
4215,3,0.231845913463668,78.35,73.83773928896991,13,46794.80628336519,40.9132420091324,Significant_Damage_And_Serious_Injuries,2,0.269953840605842,2
8886,7,0.00346277084197133,76.13,68.64175022789429,13,40589.5179998994,28.0821917808219,Highly_Fatal_And_Damaging,2,0.246874143526866,1
5839,5,0.0297744341253541,77.82,70.464904284412,8,44362.5365040698,69.7260273972603,Minor_Damage_And_Injuries,2,0.322965019834114,1
9744,6,0.0063905071210645205,75.5,41.6134913400182,18,25175.008694098102,12.191780821917801,Highly_Fatal_And_Damaging,4,0.47911359538406,2
9802,7,0.0032192666671433104,80.23,45.67000911577029,14,36511.614317136096,26.392694063926896,Significant_Damage_And_Fatalities,1,0.40482582041110704,2
8381,4,0.055390533687851,76.17,72.6526891522334,8,30465.089991741603,43.1963470319635,Highly_Fatal_And_Damaging,1,0.25841399206635396,4
11279,7,0.00259659848763858,77.17,72.7894257064722,16,29454.471556176803,42.191780821917796,Minor_Damage_And_Injuries,7,0.31719509556437103,2
7058,7,0.00295124691136514,76.48,64.8587055606199,13,34472.083799485,51.232876712328796,Minor_Damage_And_Injuries,14,0.4856047601875229,0
8282,7,0.00213992086633605,80.47,75.6153144940748,23,26271.6146432469,31.735159817351605,Significant_Damage_And_Fatalities,5,0.316473855030653,1
1336,1,0.750477041789785,77.82,51.1850501367366,18,20348.9050245361,11.0045662100457,Significant_Damage_And_Fatalities,2,0.487407861521817,2
2840,6,0.0115992727931572,79.39,53.96536007292621,19,47156.9384261401,42.100456621004604,Significant_Damage_And_Serious_Injuries,9,0.6341803101334289,2
1798,3,0.162966110820739,77.93,79.8997265268915,10,32932.7239225323,48.7214611872146,Significant_Damage_And_Serious_Injuries,10,0.234973674720519,2
4661,4,0.04183379106061799,79.83,69.2342752962625,12,22736.3823339225,31.369863013698602,Highly_Fatal_And_Damaging,12,0.33161990623873,1
5633,3,0.132638956145098,79.81,73.60984503190521,15,26632.0129708879,31.8264840182648,Significant_Damage_And_Serious_Injuries,0,0.318276956364948,3
2773,2,0.538862339469786,86.13,59.9817684594348,11,39765.5148626154,33.7442922374429,Highly_Fatal_And_Damaging,7,0.358305805986296,3
7160,2,0.668862532692016,79.65,66.1349134001823,7,50138.8533250908,70.1369863013699,Highly_Fatal_And_Damaging,2,0.346405337179949,2
10695,1,1.0588500687495601,78.5,87.1011850501367,16,28834.576931173196,41.5068493150685,Minor_Damage_And_Injuries,6,0.19278110349801603,2
10725,3,0.12514403561123,76.21,52.9626253418414,19,25239.6627058985,21.324200913242,Minor_Damage_And_Injuries,20,0.47839235485034204,3
6838,4,0.0755380401037781,80.6,60.847766636280795,17,40808.477420646,15.4337899543379,Highly_Fatal_And_Damaging,3,0.401940858276235,1
9863,3,0.128453568773262,75.07,69.1431175934367,17,26009.232746201098,14.337899543378999,Highly_Fatal_And_Damaging,1,0.29014857554994605,2
11543,3,0.103487089845279,83.11,67.31996353691889,17,20743.3374704144,27.579908675799103,Significant_Damage_And_Serious_Injuries,3,0.36407573025603995,2
2659,2,0.48369584645779,76.21,76.3445761166819,8,35730.4510938833,58.4931506849315,Significant_Damage_And_Serious_Injuries,37,0.405547060944825,2
2694,1,1.10131814762192,78.13,54.922515952598,11,29989.0265842119,34.885844748858396,Significant_Damage_And_Fatalities,13,0.414923187883159,5
172,2,0.367490581778457,77.91,69.4165907019143,17,27295.816524348,39.634703196347,Minor_Damage_And_Injuries,8,0.19133862243058,1
3910,4,0.0574972647652242,77.13,56.1531449407475,15,31533.396152706202,20.1826484018265,Significant_Damage_And_Fatalities,0,0.37597619906238705,2
393,6,0.00796044211582625,76.87,72.33363719234279,11,32471.866782537796,46.1643835616438,Significant_Damage_And_Serious_Injuries,3,0.351454020915975,3
5869,5,0.0185203892363935,79.4,71.19416590701921,19,27487.688802433197,31.689497716894998,Minor_Damage_And_Injuries,7,0.460361341507393,2
5333,5,0.0141300920233201,77.29,78.1221513217867,12,21744.2730155049,30.2283105022831,Highly_Fatal_And_Damaging,0,0.36046952758745,2
2919,3,0.202036111336748,79.32,69.8723792160438,11,40619.7789673451,46.6666666666667,Significant_Damage_And_Serious_Injuries,0,0.417808150018031,3
7053,4,0.0742239344888381,78.41,63.810391978122205,15,40729.8147773945,21.552511415525103,Highly_Fatal_And_Damaging,0,0.556286332491886,2
3226,4,0.0801631199888322,79.46,45.67000911577029,12,43852.845351907796,31.1872146118721,Significant_Damage_And_Fatalities,2,0.414923187883159,3
7688,5,0.0316848087451912,76.56,63.90154968094811,11,46371.5275238705,35.1598173515982,Highly_Fatal_And_Damaging,0,0.401580238009376,2
1985,3,0.145497843024578,82.72,61.7593436645397,12,29319.106032360898,31.1872146118721,Highly_Fatal_And_Damaging,5,0.43042985935809597,1