Accident_ID,Accident_Type_Code,Adverse_Weather_Metric,Cabin_Temperature,Control_Metric,Days_Since_Inspection,Max_Elevation,Safety_Score,Severity,Total_Safety_Complaints,Turbulence_In_gforces,Violations
11547,2,0.433461888131798,76.07,60.9845031905196,16,32060.634073431298,29.406392694063896,Significant_Damage_And_Serious_Injuries,19,0.420332491886044,2
9210,6,0.00517393423609584,82.25,72.151321786691,16,23226.0148728971,30.593607305936104,Significant_Damage_And_Serious_Injuries,0,0.41348070681572296,1
3169,6,0.00507961089685079,81.34,65.8614402917047,14,22140.425900450802,35.5251141552511,Significant_Damage_And_Serious_Injuries,6,0.236776776054814,3
6716,2,0.31714926711129,88.74,87.693710118505,12,23410.3422885626,54.1552511415525,Minor_Damage_And_Injuries,1,0.316113234763794,2
4312,7,0.00292710508522188,76.9,72.0145852324522,16,30056.215219895,19.954337899543397,Highly_Fatal_And_Damaging,13,0.302409664623152,2
1183,4,0.0385759451956623,79.32,81.26709206927991,15,21267.7043733175,21.8264840182648,Highly_Fatal_And_Damaging,9,0.23389181391994196,3
4776,4,0.0608983656909154,85.9,54.968094804010896,16,33403.2551232866,17.7168949771689,Significant_Damage_And_Fatalities,1,0.311425171294627,1
1017,5,0.0212246538797448,76.48,62.7620783956244,12,32937.2182500384,56.25570776255711,Minor_Damage_And_Injuries,13,0.46829498737829,0
8334,7,0.00145523988109246,79.03,71.64995442114859,5,14552.7349096771,54.794520547945204,Highly_Fatal_And_Damaging,15,0.37850054093040003,1
3352,6,0.0101532118856562,79.14,48.9061075660894,14,38304.3259164758,36.027397260274,Significant_Damage_And_Serious_Injuries,3,0.662308690948431,2
1659,6,0.00916356586669669,80.46,68.003646308113,16,36027.6632015151,29.9543378995434,Significant_Damage_And_Serious_Injuries,0,0.29411539848539503,2
2074,3,0.11743832832642,79.42,69.5077484047402,12,23573.0067284607,42.0547945205479,Significant_Damage_And_Serious_Injuries,2,0.409513883880274,2
1313,4,0.0802287917843594,81.43,57.7028258887876,15,43786.173360848,45.0228310502283,Minor_Damage_And_Injuries,3,0.387876667868734,0
9608,4,0.0594585122059251,76.79,65.3600729261623,15,32342.109345125602,22.0091324200913,Highly_Fatal_And_Damaging,10,0.316473855030653,2
2787,4,0.0576727377660007,80.4,79.03372835004559,16,31164.4523117872,17.2602739726027,Highly_Fatal_And_Damaging,0,0.39436783267219605,2
3740,4,0.0731732009419454,78.85,62.625341841385605,12,39649.8076802642,43.6529680365297,Significant_Damage_And_Serious_Injuries,10,0.41925063108546706,3
1412,2,0.637457086688145,76.92,66.6818596171377,19,46974.390404833,41.689497716895,Significant_Damage_And_Fatalities,6,0.34027479264334604,2
5422,2,0.622444465973777,75.33,73.70100273473109,12,46273.2400084029,53.47031963470321,Minor_Damage_And_Injuries,8,0.37092751532636103,0
5,5,0.0199273006311425,79.08,63.2634457611668,12,28815.0595298404,65.4337899543379,Significant_Damage_And_Fatalities,1,0.38318860439956703,2
9765,7,0.0022939358099787,78.11,67.86690975387421,13,23665.6603699134,63.1963470319635,Significant_Damage_And_Fatalities,8,0.158882798413271,2
11683,1,1.25637083671277,81.08,49.6353691886965,11,33960.5815774007,32.9223744292237,Significant_Damage_And_Fatalities,1,0.470819329246303,3
399,4,0.0536168001945233,79.88,49.4530537830446,11,28875.5800147687,34.6575342465753,Significant_Damage_And_Fatalities,5,0.5310429138117561,2
3641,3,0.16641915600505303,79.49,56.517775752051,16,33055.491886596,40.821917808219204,Highly_Fatal_And_Damaging,2,0.386434186801298,2
6496,6,0.0035981058834733295,87.51,68.1403828623519,13,15675.474779381599,38.8127853881278,Significant_Damage_And_Serious_Injuries,30,0.253365308330328,4
2014,4,0.0320805077660302,82.2,74.74931631722879,11,17417.2482375906,34.3835616438356,Highly_Fatal_And_Damaging,5,0.36948503425892504,2
2518,4,0.0544392802512786,83.01,79.535095715588,12,29660.0149931199,33.0593607305936,Highly_Fatal_And_Damaging,5,0.40302271907681203,4
11556,2,0.5462214868147041,75.35,88.4685505925251,7,40311.896520282,46.8493150684931,Highly_Fatal_And_Damaging,15,0.29591849981969,1
4781,7,0.0038460374795458,83.23,55.9708295350957,11,46010.308745371105,56.4383561643835,Highly_Fatal_And_Damaging,4,0.45639451857194396,2
7760,2,0.5682559204088371,79.73,55.87967183226979,16,41817.980603858596,40.7305936073059,Highly_Fatal_And_Damaging,7,0.317555715831229,2
3006,4,0.0397882618618052,76.13,67.8213309024613,12,21651.0494588669,31.1872146118721,Highly_Fatal_And_Damaging,5,0.399055896141363,4
4894,1,1.05028681182213,81.49,54.1932543299909,18,28475.160006696602,32.8767123287671,Minor_Damage_And_Injuries,11,0.32368626036783194,3
10628,6,0.00947138341406335,76.75,76.02552415679129,15,40538.7808167345,32.3744292237443,Significant_Damage_And_Serious_Injuries,13,0.30709772809231894,2
5613,2,0.162877092965986,81.21,62.57976298997271,11,12376.561373231201,35.9360730593607,Highly_Fatal_And_Damaging,2,0.426823656689506,3
8557,1,0.901972619496758,78.16,55.9252506836828,12,24135.4433661131,29.7260273972603,Significant_Damage_And_Fatalities,13,0.487407861521817,2
11466,3,0.133480825287782,82.12,61.9416590701914,12,27108.1286016377,31.5981735159817,Highly_Fatal_And_Damaging,5,0.321883159033537,0
1964,1,1.77934417304994,79.6,84.8678213309025,21,48513.2945923516,15.205479452054801,Minor_Damage_And_Injuries,3,0.245071042192571,1
10176,5,0.0240955544858232,79.21,55.6973564266181,19,35834.1533292146,32.8767123287671,Minor_Damage_And_Injuries,9,0.368403173458348,2
8720,5,0.0121842629372386,79.34,49.6809480401094,15,14874.3455650257,45.5251141552511,Highly_Fatal_And_Damaging,1,0.434396682293545,2
4193,3,0.179528293028085,81.47,42.023701002734704,16,36093.8087038102,29.0867579908676,Minor_Damage_And_Injuries,7,0.45603389830508395,1
2688,2,0.515462917300368,77.03,70.0091157702826,15,38183.1809071596,46.1643835616438,Minor_Damage_And_Injuries,18,0.354699603317706,2
10088,5,0.0194114223825463,79.17,64.35733819507749,12,30878.7985441465,41.8264840182648,Significant_Damage_And_Serious_Injuries,8,0.2201882437793,2
8069,2,0.424285998664813,83.9,58.340929808568795,8,31288.3431555066,69.36073059360729,Minor_Damage_And_Injuries,1,0.421053732419762,1
12098,3,0.212243576123403,77.86,92.1148587055606,13,42630.0016766009,38.0365296803653,Significant_Damage_And_Serious_Injuries,0,0.18520807789397797,0
742,7,0.00380218078016251,82.66,69.91795806745671,17,47182.814607408094,46.894977168949794,Significant_Damage_And_Fatalities,4,0.29231229715109996,3
5813,3,0.0587975074186055,80.2,58.6144029170465,14,11809.795062478,58.8584474885845,Significant_Damage_And_Fatalities,3,0.41348070681572296,2
6273,7,0.0022795111625947898,76.05,40.154968094804,11,26005.3229868944,70.5022831050228,Significant_Damage_And_Fatalities,5,0.46144320230797,2
681,2,0.488682348438616,81.45,57.155879671832295,15,36109.012871701096,30.9132420091324,Minor_Damage_And_Injuries,3,0.502553912729895,3
7086,6,0.0116123239444989,81.06,55.9708295350957,19,46104.7029866108,41.598173515981706,Significant_Damage_And_Serious_Injuries,12,0.7174835917778578,0
11896,6,0.0111252879892656,78.86,58.5232452142206,12,43319.3836375384,43.4246575342466,Significant_Damage_And_Serious_Injuries,11,0.511208799134511,3
8454,2,0.23253948197019397,77.99,79.5806745670009,11,17326.7709003087,59.9086757990868,Minor_Damage_And_Injuries,17,0.292672917417959,3
10464,3,0.0719620691714514,79.96,91.20328167730172,6,14552.7349096771,52.283105022831,Significant_Damage_And_Serious_Injuries,20,0.326571222502704,3
4009,5,0.0219848426435965,77.34,57.9762989972653,15,31988.1959886504,57.077625570776206,Significant_Damage_And_Fatalities,16,0.620476739992787,3
8411,2,0.46655214119750604,77.53,52.82588878760261,17,34602.277539951,14.4748858447489,Significant_Damage_And_Fatalities,1,0.40735016227912,0
10049,3,0.179067509065716,83.72,59.024612579763,7,36104.8569903325,82.23744292237441,Significant_Damage_And_Fatalities,1,0.36263324918860396,3
10419,6,0.00604311628541286,76.87,50.5925250683683,18,25797.6766845836,23.1963470319635,Minor_Damage_And_Injuries,5,0.44485467003245505,2
3540,3,0.10473844248183198,77.35,52.9170464904284,15,20985.5640745089,32.3744292237443,Significant_Damage_And_Serious_Injuries,1,0.41636566895059496,2
6272,1,1.4286956794006398,77.9,49.6353691886965,12,38579.3859434729,32.1461187214612,Significant_Damage_And_Fatalities,0,0.470819329246303,3
963,3,0.22568423147531,80.78,41.4311759343665,12,45075.2781182304,32.6940639269406,Significant_Damage_And_Fatalities,0,0.5981182834475289,1
707,7,0.00326623839026802,79.37,59.6627164995442,15,33387.8483064781,56.712328767123296,Significant_Damage_And_Fatalities,12,0.423217454020916,3
10693,1,1.05028681182213,76.93,73.4731084776664,11,28185.910470362996,58.4931506849315,Minor_Damage_And_Injuries,2,0.29736098088712604,2
3770,3,0.114217417558227,79.81,76.5268915223336,16,23102.257681542902,30.9132420091324,Significant_Damage_And_Serious_Injuries,0,0.386434186801298,2
10642,5,0.0303240089034753,80.07,61.9416590701914,12,43914.0768249921,54.0639269406393,Minor_Damage_And_Injuries,7,0.507241976199062,1
6017,3,0.111428701057596,81.25,77.02825888787599,13,22597.0959547712,37.9908675799087,Significant_Damage_And_Serious_Injuries,1,0.29447601875225393,1
3418,1,1.44569257769582,78.95,65.1321786690975,14,39242.1984983224,58.767123287671204,Significant_Damage_And_Fatalities,1,0.293033537684818,1
10329,1,1.1944629242076499,80.92,69.5533272561531,16,32421.108118941,17.351598173516,Highly_Fatal_And_Damaging,6,0.224876307248467,1
1023,3,0.19958939823117397,77.94,57.8395624430264,19,40114.3609726391,31.689497716894998,Minor_Damage_And_Injuries,0,0.311425171294627,4
2358,7,0.00267087052186686,77.4,55.9708295350957,17,31087.6739161044,51.3698630136986,Significant_Damage_And_Serious_Injuries,5,0.462525063108547,2
4570,4,0.0489153100752888,77.11,84.22971741112129,13,27037.416414391002,29.7260273972603,Highly_Fatal_And_Damaging,4,0.301327803822575,1
7735,4,0.063739607576504,77.56,64.17502278942571,12,35012.5425984798,30.5022831050228,Highly_Fatal_And_Damaging,0,0.5130119004688061,0
1760,6,0.0042800625074455294,84.42,56.9279854147676,10,18675.6384579321,48.9954337899543,Minor_Damage_And_Injuries,8,0.47190119004688,0
5279,7,0.00480480829412016,79.01,68.003646308113,15,55360.356917121906,34.7488584474886,Significant_Damage_And_Serious_Injuries,8,0.36732131265777096,2
11131,3,0.165002363929807,80.71,73.4731084776664,9,33257.595187085695,43.6529680365297,Highly_Fatal_And_Damaging,8,0.311064551027768,0
11888,3,0.160120932295153,78.06,48.723792160437604,10,32121.255934815,50.273972602739704,Minor_Damage_And_Injuries,4,0.3849917057338621,2
1177,2,0.599068990448829,79.83,83.54603463992709,10,44244.903458707005,61.643835616438295,Minor_Damage_And_Injuries,0,0.237858636855391,3
6565,7,0.00267114760160348,78.36,60.1640838650866,12,30653.9244031523,66.1187214611872,Significant_Damage_And_Fatalities,5,0.30637648755860103,5
7908,3,0.135850462114308,77.58,64.35733819507749,17,27480.0655746523,26.7123287671233,Significant_Damage_And_Serious_Injuries,8,0.330538045438154,1
7015,7,0.0031164589957626,78.47,52.415679124886104,14,33289.1776385925,36.3470319634703,Minor_Damage_And_Injuries,2,0.45603389830508395,1
12047,1,0.972402662659163,81.53,75.8887876025524,8,26632.0129708879,56.1187214611872,Significant_Damage_And_Serious_Injuries,1,0.243989181391994,4
1344,4,0.0533984110646786,77.16,45.67000911577029,13,29502.763421053198,29.2694063926941,Significant_Damage_And_Fatalities,0,0.509405697800216,1
2127,7,0.00287100899711365,78.96,61.303555150410205,18,31647.884323696002,11.8721461187215,Highly_Fatal_And_Damaging,4,0.40735016227912,2
11993,3,0.145447149829291,79.86,72.0145852324522,14,29310.955244800698,34.474885844748805,Significant_Damage_And_Serious_Injuries,17,0.17943815362423302,1
8758,3,0.138218629477214,79.0,69.8723792160438,9,27563.6657696117,52.9680365296804,Significant_Damage_And_Serious_Injuries,11,0.47514677244861103,1
5327,4,0.0506515878177534,82.21,72.8805834092981,11,27780.2101903398,33.7899543378995,Highly_Fatal_And_Damaging,6,0.336668589974756,3
9639,5,0.0281920327260977,86.59,37.6481312670921,14,41873.4884147618,48.9041095890411,Minor_Damage_And_Injuries,7,0.605691309051569,2
9229,4,0.0796416216471924,76.4,60.3463992707384,14,43870.357040907,25.9817351598173,Highly_Fatal_And_Damaging,4,0.28149368914533,2
467,5,0.0198462668231589,79.08,67.7301731996354,12,29273.781013177002,31.369863013698602,Highly_Fatal_And_Damaging,12,0.390401009736747,3
1373,6,0.00971436271891638,82.13,52.5524156791249,11,38340.917759317,68.675799086758,Significant_Damage_And_Serious_Injuries,6,0.590184637576631,1
4968,4,0.0392500739871597,79.15,62.7620783956244,11,21402.760113738503,46.2100456621004,Significant_Damage_And_Serious_Injuries,0,0.28005120807789396,3
1086,3,0.0560173007963913,76.79,61.212397447584294,10,10393.0547497419,48.7214611872146,Significant_Damage_And_Serious_Injuries,0,0.639950234403173,2
10505,3,0.160237023074609,79.97,56.0619872379216,14,32121.255934815,35.8904109589041,Minor_Damage_And_Injuries,4,0.34532347637937205,3
12459,3,0.123395575463048,77.1,69.5533272561531,15,24386.649921265,33.6529680365297,Significant_Damage_And_Serious_Injuries,6,0.23064623151821104,1
108,7,0.00262759331216413,79.81,86.2351868732908,17,28356.813204319904,49.4520547945205,Significant_Damage_And_Fatalities,5,0.33378362783988397,1
1125,5,0.0195516826413514,78.63,64.3117593436645,19,30685.6982213411,30.593607305936104,Minor_Damage_And_Injuries,1,0.438363505228994,3
5678,1,1.29520155662408,80.78,74.1567912488605,16,35006.6478704957,18.7671232876712,Highly_Fatal_And_Damaging,2,0.23894049765596803,3
10531,7,0.0027759536961866602,78.97,59.161349134001796,10,28183.3231299795,72.7853881278539,Significant_Damage_And_Fatalities,1,0.312507032095204,3
6184,1,1.2575352136536497,75.94,74.3391066545123,6,33959.191621617996,76.6666666666667,Minor_Damage_And_Injuries,21,0.27428128380815,3
11473,3,0.17078321571126004,83.73,53.600729261622604,12,34305.0853441854,42.4200913242009,Minor_Damage_And_Injuries,15,0.5241911287414349,2
9090,6,0.0122725648420376,77.65,75.47857793983592,13,49461.7985956107,40.684931506849296,Significant_Damage_And_Serious_Injuries,6,0.39112225027046504,2
8563,4,0.0751863237275054,79.01,78.07657247037379,7,41279.1569541231,49.726027397260296,Highly_Fatal_And_Damaging,0,0.281133068878471,2
2193,5,0.0187014909382164,77.85,78.07657247037379,6,28684.067638596698,50.3196347031963,Highly_Fatal_And_Damaging,1,0.24110421925712197,1
12209,6,0.00644607509586762,81.85,64.2661804922516,11,28153.6835624095,69.9543378995434,Significant_Damage_And_Fatalities,1,0.31935881716552506,2
7984,1,1.50783149128232,81.44,51.0483135824977,13,41465.6476353107,27.397260273972602,Significant_Damage_And_Fatalities,6,0.581529751172016,3
11023,5,0.0286321409870276,78.56,72.7438468550593,12,42842.0382744754,67.3059360730594,Minor_Damage_And_Injuries,3,0.3900403894698879,3
12208,2,0.513039501471087,77.2,57.383773928897,13,37713.772281611,51.232876712328796,Minor_Damage_And_Injuries,1,0.303852145690588,3
11363,7,0.0032646245817578,80.06,72.8805834092981,19,33425.2255805168,41.689497716895,Significant_Damage_And_Fatalities,8,0.259135232600072,2
8844,4,0.0560558043214879,82.82,76.8003646308113,19,30719.4991147123,31.552511415525103,Minor_Damage_And_Injuries,11,0.38030364226469504,2
8250,7,0.0035315808394034702,83.72,57.520510483135794,10,39189.4780352356,73.5159817351598,Significant_Damage_And_Fatalities,19,0.35686332491885997,3
2053,6,0.00967034017568106,82.58,73.0628988149499,10,39280.6384452088,50.4109589041096,Significant_Damage_And_Serious_Injuries,0,0.272117562206996,3
4777,4,0.0462706745428268,82.72,62.2607110300821,13,24892.556125965697,28.949771689497698,Highly_Fatal_And_Damaging,4,0.443772809231878,2
6376,7,0.00234606575500546,83.58,57.2926162260711,17,23842.432490569103,27.1232876712329,Significant_Damage_And_Serious_Injuries,1,0.438724125495853,1
11731,2,0.42706926105017995,77.16,52.643573381950794,6,31487.5567418341,63.105022831050206,Minor_Damage_And_Injuries,7,0.284739271547061,4
9601,5,0.0228367689591343,76.45,70.3281677301732,10,34292.3523245949,61.643835616438295,Minor_Damage_And_Injuries,5,0.325849981968986,2
11860,4,0.0621354412786752,86.47,46.03463992707379,11,33871.586283706,36.027397260274,Significant_Damage_And_Fatalities,3,0.606773169852146,3
12386,4,0.0865963416873615,89.19,81.7684594348222,15,47592.316643138,22.328767123287697,Highly_Fatal_And_Damaging,14,0.355060223584565,2
9786,4,0.100579962364862,77.13,62.2607110300821,8,58297.4802661454,44.5205479452055,Highly_Fatal_And_Damaging,10,0.33270176703930704,0
92,2,0.4890115627682321,78.32,49.8176845943483,14,36091.5527721269,47.4885844748858,Highly_Fatal_And_Damaging,8,0.346405337179949,2
1961,3,0.13755041769625198,81.79,55.651777575205095,5,27569.720835006403,54.246575342465704,Significant_Damage_And_Serious_Injuries,2,0.6049700685178511,3
8892,3,0.16646731576656,78.31,70.1458523245214,12,33346.971706889904,43.287671232876704,Significant_Damage_And_Serious_Injuries,10,0.41095636494771004,1
5141,5,0.0291145437269025,80.92,57.0191431175934,16,43914.0768249921,30.8219178082192,Minor_Damage_And_Injuries,14,0.538976559682654,3
2846,6,0.0102445448171566,79.7,68.64175022789429,12,40657.7633959541,30.593607305936104,Highly_Fatal_And_Damaging,1,0.41348070681572296,2
2456,1,1.1552268393620801,84.9,37.283500455788605,8,31618.5684248395,66.57534246575341,Significant_Damage_And_Serious_Injuries,2,0.6803397042913809,2
12408,4,0.0648977629890459,79.81,75.93436645396541,10,35683.7717435303,39.2694063926941,Highly_Fatal_And_Damaging,5,0.293394157951677,3
5871,2,0.5672011325946911,80.42,70.1914311759344,11,41708.64182517,56.5753424657534,Highly_Fatal_And_Damaging,14,0.404465200144248,3
6521,4,0.0657919157803562,77.68,65.587967183227,14,36305.7929992729,25.1141552511416,Highly_Fatal_And_Damaging,11,0.39184349080418296,1
8032,6,0.0114089976100017,84.42,57.520510483135794,12,45002.0079321222,43.4246575342466,Significant_Damage_And_Serious_Injuries,2,0.46577064551027797,3
3017,2,0.505802785572527,81.62,56.2443026435734,4,37411.153141132,71.689497716895,Minor_Damage_And_Injuries,19,0.35686332491885997,3
5431,2,0.270944893610654,76.93,67.6845943482224,15,20061.5449045476,44.0182648401826,Minor_Damage_And_Injuries,3,0.26274143526866195,2
9814,4,0.0462706745428268,82.8,58.5232452142206,8,25050.0244984021,44.885844748858396,Highly_Fatal_And_Damaging,0,0.4686556076451501,2
8159,1,1.2636550820182602,80.15,41.020966271649996,9,34325.6150767811,40.6392694063927,Significant_Damage_And_Fatalities,3,0.5433040028849621,3
1640,3,0.105814390731254,80.77,56.1531449407475,13,21268.8395478725,38.6301369863014,Minor_Damage_And_Injuries,1,0.37236999639379703,0
1032,2,0.504117435127591,80.42,73.6554238833182,10,37297.0932027602,62.4657534246575,Minor_Damage_And_Injuries,15,0.335947349441038,4
2326,3,0.17089911377233,79.3,75.8432087511395,7,34132.2412197546,49.5890410958904,Highly_Fatal_And_Damaging,3,0.368763793725207,2
11231,2,0.369357073209878,81.14,44.0291704649043,18,27376.172242769502,10.867579908675802,Significant_Damage_And_Fatalities,2,0.43223296069239103,2
10738,4,0.0672799843490762,81.78,55.788514129443904,14,37014.2169525702,24.7945205479452,Significant_Damage_And_Fatalities,0,0.309261449693473,2
7326,2,0.5777738764976279,79.83,82.0875113947128,17,42639.2344368458,26.575342465753398,Significant_Damage_And_Serious_Injuries,8,0.22163072484673602,2
255,7,0.00474673776165719,79.75,70.5560619872379,17,47749.6542219789,26.1187214611872,Significant_Damage_And_Serious_Injuries,11,0.293394157951677,4
1134,2,0.146846222191999,79.1,54.2844120328168,10,11806.5506664532,63.6529680365297,Highly_Fatal_And_Damaging,1,0.45747637937252095,2
323,2,0.16309337566519597,82.45,88.6052871467639,12,12091.874378793998,55.9360730593607,Minor_Damage_And_Injuries,1,0.151670393076091,2
11127,1,0.956487162536968,81.53,77.073837739289,11,25956.993501701403,57.71689497716889,Minor_Damage_And_Injuries,0,0.24002235845654502,1
12226,1,0.8628348908482041,82.53,66.7730173199635,12,23291.327400039503,44.0639269406393,Significant_Damage_And_Serious_Injuries,4,0.24651352326000697,1
4943,4,0.0489849322409907,87.51,67.4567000911577,12,26813.1845680268,32.6027397260274,Highly_Fatal_And_Damaging,21,0.276084385142445,2
1891,6,0.00773208720267557,78.31,48.1312670920693,6,32768.2794642284,63.150684931506795,Significant_Damage_And_Serious_Injuries,6,0.560613775694194,2
5307,2,0.5246591592173211,78.71,64.2206016408387,13,39030.5654538575,40.86757990867579,Significant_Damage_And_Serious_Injuries,0,0.33125928597187204,2
4771,3,0.14155543765951903,77.08,80.8568824065634,8,28890.1525672434,56.301369863013704,Significant_Damage_And_Serious_Injuries,1,0.232449332852506,2
12205,4,0.0560106003796652,75.21,60.3919781221513,10,30231.9993157823,37.2146118721461,Highly_Fatal_And_Damaging,4,0.34315975477821803,2
11884,3,0.0977072229361203,83.1,62.8988149498633,17,19618.548566256002,26.3470319634703,Significant_Damage_And_Serious_Injuries,14,0.492095924990984,3
9268,4,0.0590167173353565,82.27,49.0884229717411,15,32372.4222574949,21.9634703196347,Significant_Damage_And_Fatalities,5,0.5822509917057329,0
3907,3,0.0538389856628405,79.75,51.0483135824977,11,10571.2705834972,57.077625570776206,Highly_Fatal_And_Damaging,22,0.581529751172016,3
9019,6,0.0027925418240612302,79.56,42.7985414767548,20,8706.41207763477,40.4109589041096,Significant_Damage_And_Serious_Injuries,1,0.43223296069239103,3
7006,2,0.44974102871999705,75.96,74.4302643573382,4,33309.9400006456,58.4474885844749,Significant_Damage_And_Serious_Injuries,7,0.4686556076451501,3
3913,1,1.41153842752558,79.06,48.222424794895204,15,38365.131050911295,44.566210045662096,Highly_Fatal_And_Damaging,7,0.660144969347277,1
5867,4,0.0810705920997322,80.02,63.6736554238833,17,44977.6137603199,14.5205479452055,Highly_Fatal_And_Damaging,8,0.556286332491886,3
7703,6,0.0012063587479691099,88.47,79.85414767547859,11,831.6955534213299,48.3561643835616,Significant_Damage_And_Serious_Injuries,0,0.358305805986296,2
6394,1,1.4267599557290602,78.23,88.0583409298086,17,38564.129227285,15.844748858447499,Highly_Fatal_And_Damaging,3,0.279329967544176,2
6732,6,0.0105196245590474,87.34,56.1531449407475,11,44189.1782903536,47.9908675799087,Minor_Damage_And_Injuries,1,0.556646952758745,1
4983,5,0.0167089995452952,81.27,76.0711030082042,12,24377.0453612042,42.6940639269406,Significant_Damage_And_Serious_Injuries,6,0.305294626758024,1
2203,2,0.437152374319489,79.56,59.2980856882407,17,32230.500067409,38.4474885844749,Minor_Damage_And_Injuries,3,0.43908474576271206,0
1815,4,0.045618295027618,83.73,65.31449407474929,20,25287.045789598702,4.65753424657534,Highly_Fatal_And_Damaging,0,0.312507032095204,3
5961,4,0.0865963416873615,79.71,56.107566089334604,18,47245.2344742998,11.324200913241999,Significant_Damage_And_Fatalities,4,0.33811107104219196,3
12165,2,0.605991662537284,79.35,40.2917046490429,12,44821.4006674425,54.703196347032005,Highly_Fatal_And_Damaging,1,0.59090587811035,4
8432,7,0.0043835591564751,75.9,54.7857793983592,13,48071.5632292328,62.283105022831,Significant_Damage_And_Serious_Injuries,5,0.476589253516048,3
754,2,0.11504654874931,78.51,70.4193254329991,13,9065.40417066948,65.296803652968,Significant_Damage_And_Fatalities,16,0.39400721240533704,2
6810,7,0.0015882474557445,83.08,72.8805834092981,19,18487.7871773113,43.2420091324201,Significant_Damage_And_Fatalities,12,0.351814641182834,2
3932,3,0.11615420110310999,77.62,63.2634457611668,9,23340.347011483598,78.675799086758,Significant_Damage_And_Fatalities,5,0.498947710061305,3
2797,6,0.00671581825621283,79.77,70.1914311759344,11,26277.0351261399,47.5799086757991,Significant_Damage_And_Serious_Injuries,10,0.39148287053732395,2
4647,1,1.24220464545647,77.13,67.4111212397448,8,33848.1611167429,46.1187214611872,Highly_Fatal_And_Damaging,8,0.219827623512441,1
3215,2,0.653900333012144,81.0,62.07839562443029,15,48525.8603425376,32.0547945205479,Significant_Damage_And_Serious_Injuries,3,0.34496285611251304,2
3137,6,0.0105196245590474,84.83,82.1786690975388,7,42820.7213445713,82.7853881278539,Significant_Damage_And_Fatalities,21,0.19927226830147896,2
915,7,0.00233885574327616,76.79,53.7374658158614,16,26534.3553750206,52.4200913242009,Significant_Damage_And_Serious_Injuries,3,0.49137468445726595,4
2709,1,0.7233556815504879,76.75,77.3473108477666,19,19621.875948338602,20.8675799086758,Significant_Damage_And_Serious_Injuries,2,0.344602235845654,2
11349,2,0.545562193337738,76.19,54.8313582497721,14,40421.4333902048,59.6803652968037,Highly_Fatal_And_Damaging,12,0.6078550306527231,0
2042,1,0.986401935491245,79.8,75.47857793983592,16,26701.689501,19.2237442922374,Highly_Fatal_And_Damaging,3,0.23821925712225,5
11298,6,0.0105692095171719,77.59,72.24247948951691,11,43188.458698422,45.205479452054796,Significant_Damage_And_Serious_Injuries,16,0.49389902632527904,1
2121,5,0.0183988257543123,82.14,63.5369188696445,9,26727.9540994319,76.8493150684932,Significant_Damage_And_Fatalities,16,0.321883159033537,0
6311,7,0.00177707607814731,82.0,57.520510483135794,15,18487.7871773113,56.6666666666667,Significant_Damage_And_Fatalities,12,0.372009376126938,4
2676,3,0.12399500240157,79.08,68.3226982680037,10,25093.1260664619,48.81278538812779,Significant_Damage_And_Serious_Injuries,7,0.16284962134872,3
3690,2,0.390799415182943,78.11,57.65724703737471,10,28929.744669350097,60.365296803653,Minor_Damage_And_Injuries,0,0.399055896141363,2
10023,4,0.0234445543728166,79.58,67.9580674567001,23,12598.3641491423,22.922374429223698,Minor_Damage_And_Injuries,4,0.38607356653443897,0
10989,4,0.0484619583526901,85.72,73.33637192342749,9,26335.223799634703,52.9223744292237,Significant_Damage_And_Serious_Injuries,3,0.434396682293545,2
12184,4,0.0541065660538752,77.9,54.2844120328168,14,28798.0480891183,23.1050228310502,Significant_Damage_And_Fatalities,15,0.416005048683736,2
12001,3,0.112198793945968,82.3,51.4129443938013,14,22539.716689704503,34.8401826484018,Minor_Damage_And_Injuries,5,0.30313090515687,1
8308,4,0.0650374206705968,81.44,72.3792160437557,9,35683.7170907573,41.1415525114155,Highly_Fatal_And_Damaging,8,0.431151099891814,0
5003,2,0.715453968554195,79.47,66.8641750227894,15,51474.8711787021,45.4794520547945,Minor_Damage_And_Injuries,5,0.263823296069239,3
1321,4,0.0800334853925099,83.58,47.17411121239739,12,43803.4361082034,32.3744292237443,Significant_Damage_And_Fatalities,21,0.7214504147133071,3
10441,4,0.0653181121306263,79.06,67.2743846855059,13,35500.5630256623,27.8538812785388,Highly_Fatal_And_Damaging,3,0.327292463036423,3
8059,4,0.0443042071804465,78.09,63.6736554238833,14,24523.4215423173,37.5342465753425,Significant_Damage_And_Serious_Injuries,4,0.320440677966102,2
2373,7,0.00279216318896713,77.47,74.9316317228806,18,28852.4655752009,33.013698630137,Minor_Damage_And_Injuries,2,0.222351965380454,2
9034,2,0.35528294208327504,82.99,54.4667274384686,14,26172.1782344246,37.7625570776256,Minor_Damage_And_Injuries,4,0.372009376126938,3