Accident_ID,Accident_Type_Code,Adverse_Weather_Metric,Cabin_Temperature,Control_Metric,Days_Since_Inspection,Max_Elevation,Safety_Score,Severity,Total_Safety_Complaints,Turbulence_In_gforces,Violations
12176,4,0.0626562639126589,76.33,67.2743846855059,13,34218.5019171156,27.8538812785388,Highly_Fatal_And_Damaging,5,0.304212765957447,1
6238,2,0.5542278320310611,86.58,76.4813126709207,8,40898.7067220507,69.36073059360729,Minor_Damage_And_Injuries,0,0.474425531914894,3
2520,5,0.0245406632757047,78.82,65.0865998176846,14,36656.5473460937,47.0319634703196,Minor_Damage_And_Injuries,2,0.321883159033537,5
2762,7,0.00366521510048756,80.65,86.9644484958979,15,38986.2869388142,56.0730593607306,Significant_Damage_And_Fatalities,0,0.28906671474936896,2
7999,2,0.35216758537044707,79.39,58.8422971741112,6,26033.5453776392,63.698630136986296,Significant_Damage_And_Serious_Injuries,0,0.492456545257843,2
2419,7,0.00290877946932873,78.87,59.799453053783104,17,31108.8785742791,51.5525114155251,Significant_Damage_And_Fatalities,8,0.474786152181753,3
7802,7,0.00380478817408631,77.2,56.1531449407475,13,42105.7225608308,63.9269406392694,Significant_Damage_And_Fatalities,0,0.34532347637937205,3
4204,1,0.728658038491673,81.45,47.17411121239739,16,19507.2239268193,29.8173515981735,Minor_Damage_And_Injuries,6,0.491014064190407,4
7644,4,0.0392500739871597,81.1,70.0091157702826,7,21376.9966971613,49.36073059360729,Highly_Fatal_And_Damaging,8,0.251562206996033,3
10772,7,0.00395021646980087,79.59,63.90154968094811,8,45751.983412795096,54.84018264840179,Significant_Damage_And_Serious_Injuries,40,0.39400721240533704,3
4304,1,1.07868990698059,78.72,80.6289881494986,8,29451.4297513069,57.5342465753425,Significant_Damage_And_Serious_Injuries,0,0.232449332852506,2
4110,2,0.482865676422502,79.14,41.4311759343665,12,35589.593621627406,43.37899543379001,Minor_Damage_And_Injuries,7,0.725417237648755,1
805,1,1.16677479820232,80.92,56.79124886052871,11,31787.1152516235,35.0684931506849,Significant_Damage_And_Fatalities,6,0.52960043274432,3
10070,4,0.0502229972557038,78.16,50.86599817684589,12,27296.495090287597,32.9223744292237,Significant_Damage_And_Fatalities,2,0.502553912729895,0
7556,4,0.0347244886933957,77.92,52.3245214220602,13,18799.489572745802,29.406392694063896,Highly_Fatal_And_Damaging,5,0.280411828344753,4
9625,7,0.00158463449450432,79.61,68.64175022789429,11,22248.3350362665,70.41095890410959,Significant_Damage_And_Fatalities,1,0.40482582041110704,2
8848,6,0.0110794939431453,78.18,67.36554238833179,17,42630.26184936,38.4474885844749,Minor_Damage_And_Injuries,22,0.324768121168409,1
6482,5,0.025793731905657,83.65,94.0747493163172,13,39455.0809877443,41.1872146118721,Significant_Damage_And_Serious_Injuries,3,0.26165957446808497,2
8656,3,0.170645148830517,77.51,58.5688240656335,19,34198.7569609193,9.36073059360731,Highly_Fatal_And_Damaging,9,0.47839235485034204,3
8993,3,0.22023816400114898,77.64,21.1485870556062,15,44182.8331581808,34.0182648401826,Minor_Damage_And_Injuries,1,0.804753696357736,2
11150,4,0.0412718889170117,79.58,65.9070191431176,15,22183.257214407797,20.4566210045662,Highly_Fatal_And_Damaging,2,0.588020915975477,2
7515,2,0.48443043199403496,78.09,50.3646308113035,20,35845.563111678195,40.5479452054794,Significant_Damage_And_Fatalities,1,0.438002884962135,1
7411,2,0.49055705905389296,82.66,49.8176845943483,15,36091.5527721269,43.3333333333333,Highly_Fatal_And_Damaging,4,0.40843202307969706,3
9554,2,0.512288112606264,86.43,77.4384685505925,16,37806.1841683625,42.100456621004604,Minor_Damage_And_Injuries,28,0.352535881716553,1
11006,6,0.00811692898317286,75.68,88.4685505925251,15,33027.7395917952,43.7899543378995,Minor_Damage_And_Injuries,3,0.21766390191128698,2
7289,7,0.00271995270741082,85.42,62.351868732907896,13,29247.490809391602,63.8812785388128,Significant_Damage_And_Fatalities,2,0.40266209880995296,2
11423,2,0.47352544002111396,75.67,55.651777575205095,8,35000.8621054718,54.5205479452055,Significant_Damage_And_Serious_Injuries,6,0.5036357735304721,1
7149,7,0.0037116395140295,80.4,49.6353691886965,8,40130.086673228,44.566210045662096,Significant_Damage_And_Fatalities,7,0.336668589974756,2
4955,4,0.0815350514760914,79.14,71.7866909753874,11,45031.0840390284,32.9223744292237,Highly_Fatal_And_Damaging,1,0.339914172376487,1
1501,1,0.894482923105375,84.78,73.1084776663628,21,24287.3133510699,4.29223744292237,Highly_Fatal_And_Damaging,0,0.26706887847097,0
8648,3,0.123159947775821,79.17,34.9134001823154,9,24626.2329864038,54.5205479452055,Minor_Damage_And_Injuries,3,0.611100613054453,0
12252,6,0.0053353160716145,78.47,80.6289881494986,17,21267.7043733175,39.726027397260296,Minor_Damage_And_Injuries,17,0.23100685178507,2
3788,1,1.5268753027471498,78.37,47.7210574293528,14,41504.773897804705,47.9908675799087,Highly_Fatal_And_Damaging,0,0.6349015506671469,3
1182,6,0.009779936787891871,79.07,69.64448495897899,19,38288.4040060295,6.98630136986301,Highly_Fatal_And_Damaging,5,0.199632888568337,3
1105,3,0.128032619795491,83.73,62.2607110300821,10,25800.588985105802,50.7762557077626,Significant_Damage_And_Serious_Injuries,18,0.525272989542012,3
6070,3,0.149641084203215,78.46,79.85414767547859,15,30009.463084236402,31.1872146118721,Significant_Damage_And_Serious_Injuries,0,0.22884313018391603,2
1721,4,0.0422835255042087,78.0,65.587967183227,16,23004.894787473397,17.5799086757991,Highly_Fatal_And_Damaging,9,0.282575549945907,3
1019,1,0.9784546265153471,83.41,59.3892433910666,15,26365.386318176803,22.922374429223698,Highly_Fatal_And_Damaging,0,0.39148287053732395,2
11970,2,0.5274874105426011,79.26,73.6554238833182,9,38977.284140462405,64.5662100456621,Minor_Damage_And_Injuries,11,0.39112225027046504,1
8302,5,0.0108072656643546,76.41,79.2160437556974,15,15282.224811991598,43.9269406392694,Minor_Damage_And_Injuries,0,0.21838514244500498,1
10766,3,0.173410918167831,78.63,64.4940747493163,14,34827.8194688261,36.301369863013704,Significant_Damage_And_Serious_Injuries,2,0.302409664623152,1
3798,6,0.00742835558885906,78.62,72.151321786691,14,30270.453160624904,49.0867579908676,Minor_Damage_And_Injuries,4,0.38030364226469504,2
6002,3,0.18651198807322197,78.59,74.1567912488605,13,37415.374098720094,39.178082191780796,Significant_Damage_And_Serious_Injuries,3,0.328734944103858,1
7147,1,1.23638968430796,82.14,69.0975387420237,10,33523.702338797404,51.0502283105023,Significant_Damage_And_Serious_Injuries,5,0.315752614496934,1
8102,7,0.00143197936716161,83.01,64.2206016408387,18,13790.8744728662,46.62100456620999,Significant_Damage_And_Fatalities,4,0.488850342589253,2
9367,7,0.0030193846603351303,79.66,45.897903372834996,8,35730.4510938833,69.5433789954338,Significant_Damage_And_Serious_Injuries,37,0.7856408222142092,2
1942,2,0.542924325866252,80.43,76.8915223336372,17,39903.4967278214,39.634703196347,Minor_Damage_And_Injuries,17,0.425020555355211,3
4187,4,0.0525850364388885,77.39,52.3245214220602,13,29232.821862179902,29.7260273972603,Highly_Fatal_And_Damaging,8,0.304573386224305,1
2815,5,0.0264809794842174,84.29,68.1403828623519,13,38523.0586431725,52.3744292237443,Minor_Damage_And_Injuries,0,0.280411828344753,3
435,3,0.19346483217746,81.44,48.723792160437604,13,38814.694103174,28.9041095890411,Significant_Damage_And_Fatalities,0,0.5209455463397039,3
8907,2,0.398856116851596,79.61,53.6918869644485,16,29498.4301186926,41.0958904109589,Highly_Fatal_And_Damaging,5,0.61939487919221,4
2242,3,0.132638956145098,77.92,53.09936189608021,13,26685.296362782403,39.4520547945205,Minor_Damage_And_Injuries,0,0.269232600072124,1
11910,6,0.00539594244887619,76.96,71.55879671832271,16,21154.8577344722,41.324200913242,Minor_Damage_And_Injuries,7,0.333423007573026,4
9897,4,0.0389531593294036,80.75,67.18322698268001,11,21270.9086507751,35.342465753424705,Highly_Fatal_And_Damaging,6,0.463967544175982,1
8086,4,0.0644470101331862,77.62,39.8814949863264,14,34947.3962820931,60.1826484018265,Significant_Damage_And_Serious_Injuries,9,0.459279480706816,2
6039,6,0.0070584523468429,83.64,58.7511394712853,14,29784.7464710627,34.8401826484018,Significant_Damage_And_Serious_Injuries,9,0.44593653083303203,2
9618,5,0.0204566081770176,80.72,66.4995442114859,10,30752.633797183702,62.0091324200913,Minor_Damage_And_Injuries,2,0.38679480706815705,4
4174,5,0.0151993568543735,81.68,53.6463081130356,15,23999.441104421097,31.689497716894998,Minor_Damage_And_Injuries,11,0.388597908402452,3
11562,5,0.0169721831895714,80.21,75.38742023701,9,25934.118494204704,39.8173515981735,Highly_Fatal_And_Damaging,0,0.375254958528669,1
3478,7,0.00349390200818882,77.01,68.7784867821331,14,39093.6178901909,48.8584474885845,Minor_Damage_And_Injuries,1,0.274641904075009,1
9224,1,1.1867680681606,82.33,66.2716499544212,16,32337.3176953635,31.506849315068497,Significant_Damage_And_Serious_Injuries,4,0.41744752975117205,1
8827,1,1.5311369942856399,76.35,73.5186873290793,12,41633.6539554493,31.9634703196347,Highly_Fatal_And_Damaging,2,0.388958528669311,2
4947,7,0.00215598792911573,82.64,56.8368277119417,13,27646.1464476546,62.0091324200913,Significant_Damage_And_Serious_Injuries,1,0.572514244500541,2
804,4,0.0548024694560782,77.53,88.92433910665449,9,29664.8117944913,51.6438356164384,Significant_Damage_And_Serious_Injuries,3,0.276805625676163,2
11931,7,0.00283676253405104,81.89,54.7402005469462,16,28284.385063842798,40.7762557077626,Highly_Fatal_And_Damaging,6,0.46721312657771297,1
452,7,0.00474673776165719,77.41,80.5834092980857,14,48820.2733551817,60.5479452054795,Significant_Damage_And_Fatalities,11,0.293394157951677,2
7111,4,0.0408942878895581,80.44,65.9981768459435,15,22183.257214407797,20.2739726027397,Highly_Fatal_And_Damaging,2,0.553401370357014,2
5980,3,0.117866213563163,78.04,70.9206927985415,8,23340.347011483598,44.84018264840179,Highly_Fatal_And_Damaging,2,0.352535881716553,1
10287,1,1.78470437040199,82.49,40.2917046490429,14,48855.489824051605,24.7945205479452,Significant_Damage_And_Fatalities,7,0.727941579516768,1
2990,4,0.0201943376059806,86.43,69.8723792160438,13,11328.5684848134,29.223744292237395,Highly_Fatal_And_Damaging,1,0.224876307248467,3
3964,4,0.0637237663805801,82.73,69.0975387420237,11,35214.8191729282,33.9269406392694,Highly_Fatal_And_Damaging,7,0.462525063108547,2
845,1,1.1424194449443998,76.96,85.5515041020967,18,31250.1583662827,9.58904109589041,Highly_Fatal_And_Damaging,19,0.211893977641543,0
4249,1,1.49815531093095,77.95,49.589790337283496,17,40347.886658032,26.3470319634703,Minor_Damage_And_Injuries,1,0.43944536602957107,2
5893,7,0.0037494647511730705,77.98,63.90154968094811,5,41242.3724679574,89.0867579908676,Significant_Damage_And_Fatalities,10,0.339914172376487,0
10328,1,1.14762130328978,78.63,48.9061075660894,12,31195.581346851097,30.3196347031963,Significant_Damage_And_Fatalities,1,0.514093761269383,3
5035,3,0.133100818437916,80.72,65.0865998176846,8,27093.5445642043,56.7579908675799,Significant_Damage_And_Serious_Injuries,2,0.431511720158673,1
10586,3,0.0789915262449856,78.83,55.560619872379206,13,16039.4043850768,53.105022831050206,Significant_Damage_And_Serious_Injuries,0,0.49137468445726595,2
10272,2,0.5012621497167511,80.26,78.94257064721971,13,37142.3056797706,51.917808219178106,Minor_Damage_And_Injuries,8,0.34315975477821803,0
11305,2,0.387182416712817,79.71,89.10665451230629,14,28568.162518976602,26.3013698630137,Highly_Fatal_And_Damaging,4,0.27500252434186795,0
6990,1,1.4597130584790803,77.9,49.4530537830446,9,39565.8344826951,40.821917808219204,Significant_Damage_And_Fatalities,20,0.5155362423368189,1
10943,4,0.0368680615097747,80.4,71.64995442114859,16,20106.7303917632,19.4977168949772,Highly_Fatal_And_Damaging,3,0.388958528669311,4
9470,3,0.197627289388574,81.69,66.40838650866,11,39675.1874961908,47.5342465753425,Significant_Damage_And_Serious_Injuries,6,0.395449693472773,1
3523,2,0.47532266563794395,76.01,50.0,11,35070.3331931138,58.310502283105,Highly_Fatal_And_Damaging,1,0.7524637576631801,1
8518,2,0.639740339593806,78.67,61.9416590701914,13,47251.5827787636,52.3744292237443,Minor_Damage_And_Injuries,4,0.38174612333213104,2
12333,7,0.00321236301491286,77.08,85.5970829535096,14,34472.083799485,59.4520547945205,Significant_Damage_And_Fatalities,15,0.346405337179949,2
1555,6,0.010751682465482,79.53,71.42206016408392,11,43188.458698422,45.15981735159821,Significant_Damage_And_Serious_Injuries,6,0.45062459430220003,1
9586,1,1.2282281733603,81.12,64.6763901549681,12,33346.1748713174,55.433789954337904,Minor_Damage_And_Injuries,8,0.425020555355211,2
9530,2,0.436192385548046,75.59,59.024612579763,18,32314.577381767,22.3744292237443,Significant_Damage_And_Serious_Injuries,5,0.335586729174179,0
281,2,0.6285743195653721,74.82,60.027347310847794,11,46273.2400084029,35.4337899543379,Highly_Fatal_And_Damaging,34,0.527797331410025,1
9243,4,0.0658927127051911,81.05,45.8067456700091,16,36240.4378835205,17.4885844748858,Significant_Damage_And_Fatalities,1,0.514093761269383,2
12202,6,0.0104388918436821,83.1,75.2962625341842,8,38792.5776652525,68.1278538812785,Minor_Damage_And_Injuries,3,0.288345474215651,2
9741,4,0.0758299007487241,81.45,65.0865998176846,10,41695.975178656,36.986301369863,Highly_Fatal_And_Damaging,7,0.44196970789758294,3
279,2,0.391140729739186,78.17,60.847766636280795,7,28929.744669350097,71.689497716895,Minor_Damage_And_Injuries,0,0.328374323837,2
8010,4,0.0842017953172901,82.38,78.669097538742,13,46445.709096156905,28.949771689497698,Highly_Fatal_And_Damaging,4,0.243989181391994,1
8771,1,0.832852166046361,82.99,48.5870556061987,14,22888.0824961257,25.570776255707802,Significant_Damage_And_Fatalities,0,0.850913090515687,3
10741,3,0.172520705453357,79.01,69.64448495897899,18,34758.9344410775,46.6666666666667,Significant_Damage_And_Fatalities,0,0.33702921024161503,1
6225,2,0.384350598455968,76.69,82.86235186873292,19,28473.7861502813,41.689497716895,Significant_Damage_And_Fatalities,11,0.43619978362784007,3
1367,7,0.0035468718607600705,77.25,76.0711030082042,15,37351.5074719711,56.1187214611872,Significant_Damage_And_Fatalities,0,0.387876667868734,0
11090,7,0.00269768127782206,76.13,67.4567000911577,10,28091.6401071219,72.9223744292237,Significant_Damage_And_Fatalities,7,0.427905517490083,4
4758,1,1.57697331933714,79.46,47.2196900638104,15,42565.850712287596,22.7397260273973,Significant_Damage_And_Fatalities,4,0.6107399927875939,2
8746,5,0.0215533582053583,83.41,79.2160437556974,14,31398.4115377294,36.5753424657534,Significant_Damage_And_Serious_Injuries,7,0.254086548864046,3
5970,1,1.27950242269574,82.7,43.072014585232495,11,34595.3633432901,34.885844748858396,Significant_Damage_And_Fatalities,5,0.518421204471691,2
10165,3,0.156527896644788,81.01,76.5724703737466,10,31239.8537935055,36.62100456621,Highly_Fatal_And_Damaging,10,0.374533717994951,2
639,7,0.00400941681555015,82.31,57.8395624430264,10,44502.4966181395,37.2146118721461,Highly_Fatal_And_Damaging,2,0.29591849981969,3
10449,7,0.00366521510048756,78.33,53.00820419325439,8,39867.4739975014,80.3196347031963,Significant_Damage_And_Serious_Injuries,20,0.481998557518932,3
8622,5,0.0331635429635031,80.14,74.88605287146758,17,48535.6561942994,36.4383561643836,Minor_Damage_And_Injuries,3,0.326571222502704,1
7941,7,0.00285292274889008,85.02,54.056517775752106,8,30637.0708362277,79.1780821917808,Significant_Damage_And_Serious_Injuries,30,0.43619978362784007,4
1624,6,0.010247915761715,78.31,78.5323609845032,15,40714.306755055695,32.8767123287671,Significant_Damage_And_Serious_Injuries,7,0.39112225027046504,3
128,2,0.48312521539373704,82.67,65.3600729261623,10,35580.6487001058,61.324200913241995,Minor_Damage_And_Injuries,0,0.5036357735304721,2
11685,4,0.0507105431114939,83.17,65.9070191431176,16,27607.9009089188,19.9086757990868,Highly_Fatal_And_Damaging,3,0.236776776054814,3
7962,7,0.00175388186070855,82.64,56.1531449407475,13,20265.0426177619,63.972602739726,Significant_Damage_And_Fatalities,0,0.537534078615218,1
11145,3,0.16831461067345801,79.59,66.4995442114859,19,33896.0232636711,18.904109589041102,Significant_Damage_And_Serious_Injuries,14,0.38030364226469504,2
2893,5,0.0138046165219183,78.63,65.95259799453049,13,21403.6699174049,27.8995433789954,Highly_Fatal_And_Damaging,2,0.42285683375405697,2
11307,2,0.48369584645779,84.52,53.783044667274396,11,35695.811818072594,58.082191780821894,Highly_Fatal_And_Damaging,3,0.45747637937252095,1
3534,7,0.00472973490555168,76.8,72.7894257064722,17,50476.5268180962,36.0730593607306,Minor_Damage_And_Injuries,1,0.219106382978723,3
8119,6,0.00742835558885906,81.0,62.1695533272562,15,28465.3542383815,21.2328767123288,Highly_Fatal_And_Damaging,4,0.38030364226469504,3
4784,3,0.13784167916210902,82.0,74.0200546946217,12,27658.7234251664,66.25570776255711,Significant_Damage_And_Fatalities,14,0.18196249549224697,0
8708,4,0.05735925500511,81.45,41.5679124886053,15,31682.670938997202,20.2283105022831,Significant_Damage_And_Fatalities,3,0.7351539848539491,2
6154,4,0.0895323319881988,75.69,78.4867821330902,17,48882.9969470896,38.0821917808219,Minor_Damage_And_Injuries,5,0.281133068878471,3
5114,4,0.05966977696739,77.16,52.82588878760261,8,32722.0299055594,44.794520547945204,Significant_Damage_And_Fatalities,3,0.325849981968986,2
786,2,0.375592449338442,78.29,48.040109389243405,15,27716.3461658188,44.3835616438356,Highly_Fatal_And_Damaging,1,0.516618103137396,2
10141,4,0.0586746001326933,81.87,69.9635369188697,15,32421.108118941,21.7808219178082,Highly_Fatal_And_Damaging,0,0.24002235845654502,1
3349,6,0.0061810368598627895,84.01,66.2716499544212,10,24783.150149214904,49.8173515981735,Significant_Damage_And_Serious_Injuries,10,0.46108258204110997,0
3433,5,0.0228367689591343,81.39,55.3327256153145,16,33914.1168763119,19.7260273972603,Significant_Damage_And_Fatalities,6,0.31935881716552506,2
9879,3,0.18415778664972302,77.08,74.74931631722879,14,37178.3769732465,37.671232876712295,Significant_Damage_And_Serious_Injuries,0,0.249759105661738,1
9714,4,0.0235660183479036,75.25,70.60164083865091,19,12642.682015181299,9.58904109589041,Highly_Fatal_And_Damaging,1,0.29123043635052304,2
142,6,0.0103375714698017,80.22,65.67912488605289,14,38340.1216892705,37.260273972602704,Significant_Damage_And_Serious_Injuries,5,0.267790119004688,2
10949,4,0.0263158471738954,83.12,71.42206016408392,8,15088.7811089102,46.1187214611872,Highly_Fatal_And_Damaging,5,0.35866642625315504,2
12359,6,0.0105823276581405,80.98,68.04922515952599,18,42760.6401322885,22.1917808219178,Significant_Damage_And_Serious_Injuries,4,0.24002235845654502,3
9520,1,1.1944629242076499,82.74,85.18687329079309,9,32529.764404340498,42.7853881278539,Highly_Fatal_And_Damaging,1,0.304573386224305,1
11062,2,0.45640800565346296,76.12,45.442114858705594,8,33595.0106061457,68.0821917808219,Minor_Damage_And_Injuries,5,0.476589253516048,3
8699,4,0.0539003607023165,75.78,54.056517775752106,9,29502.763421053198,40.7762557077626,Significant_Damage_And_Fatalities,1,0.592348359177785,2
1402,5,0.0253444907773519,77.91,70.2370100273473,8,36421.5736321992,69.7260273972603,Minor_Damage_And_Injuries,15,0.395449693472773,2
3605,3,0.121754699866092,81.48,64.5396536007293,19,24689.720192148397,19.4520547945205,Significant_Damage_And_Serious_Injuries,0,0.272838802740714,0
7634,7,0.00273357546202374,77.09,61.6681859617138,12,30442.0286950033,67.4429223744292,Significant_Damage_And_Fatalities,6,0.314670753696357,2
2679,3,0.134288189902806,84.48,58.979033728350004,12,27007.9663942613,30.9132420091324,Highly_Fatal_And_Damaging,16,0.34532347637937205,3
10111,4,0.0598313484459099,79.33,82.9079307201459,14,32693.577694673597,24.8858447488584,Highly_Fatal_And_Damaging,5,0.199632888568337,2
694,4,0.0449289157473636,79.63,66.7274384685506,6,24317.561460150497,52.648401826484005,Highly_Fatal_And_Damaging,1,0.330538045438154,0
2685,1,0.6648704538602429,78.55,53.00820419325439,16,17945.3617192645,41.780821917808204,Highly_Fatal_And_Damaging,8,0.51878182473855,3
2705,2,0.41740739591575804,76.41,80.0364630811304,15,31078.8333618556,44.4748858447489,Minor_Damage_And_Injuries,0,0.21838514244500498,3
4804,4,0.0674837302135489,84.8,56.2898814949863,12,36727.664576228104,31.0958904109589,Significant_Damage_And_Fatalities,3,0.463606923909124,1
6917,7,0.00223908837002849,76.79,72.4247948951687,14,23744.0693140378,59.5433789954338,Significant_Damage_And_Fatalities,2,0.386434186801298,2
3783,6,0.00831707573304156,78.37,70.2825888787603,20,36566.3964795644,4.93150684931507,Highly_Fatal_And_Damaging,0,0.20396033177064501,2
6392,4,0.0704801840529321,77.51,64.1294439380128,10,38615.126561795696,37.7625570776256,Highly_Fatal_And_Damaging,12,0.31935881716552506,2
8180,5,0.0109511184797237,80.53,82.4521422060164,13,14519.2418896442,40.593607305936104,Significant_Damage_And_Serious_Injuries,2,0.17438946988820703,2
3636,5,0.0187014909382164,80.15,32.7256153144941,8,26706.8543840839,44.20091324200911,Significant_Damage_And_Fatalities,1,0.61939487919221,1
12380,3,0.217998520668368,83.73,62.7164995442115,7,44417.40704394809,49.2694063926941,Highly_Fatal_And_Damaging,7,0.409513883880274,1
2760,5,0.0272944981522334,86.08,83.9106654512306,15,40745.7685865635,45.205479452054796,Minor_Damage_And_Injuries,0,0.18665055896141297,3
1118,7,0.0019527384636911199,80.67,54.2388331814038,17,21763.437598859,27.1689497716895,Significant_Damage_And_Serious_Injuries,18,0.404104579877389,2
9835,6,0.0106239717563754,80.07,60.6198723792161,14,42860.1610777543,60.136986301369895,Significant_Damage_And_Fatalities,17,0.335586729174179,3
420,2,0.49228732298939104,78.95,60.7110300820419,15,36133.3387032021,44.9315068493151,Minor_Damage_And_Injuries,2,0.318276956364948,2
3016,3,0.24305528679985397,75.13,68.7784867821331,10,48288.1424354103,50.50228310502279,Significant_Damage_And_Serious_Injuries,7,0.200354129102055,2
10770,3,0.236948192249694,79.06,58.8422971741112,14,47156.9384261401,37.077625570776206,Significant_Damage_And_Serious_Injuries,12,0.605691309051569,2
893,7,0.00396774697494711,75.96,88.4685505925251,4,43442.145113107996,77.57990867579909,Significant_Damage_And_Serious_Injuries,2,0.23136747205192898,2
5514,2,0.5246591592173211,81.61,70.5560619872379,20,38976.4419110226,40.0,Significant_Damage_And_Fatalities,4,0.232449332852506,1
6265,4,0.0659924427036663,80.07,60.57429352780311,8,36056.3247444592,44.4748858447489,Highly_Fatal_And_Damaging,9,0.48524413992066295,3
9102,6,0.0055107397932919,76.63,50.9115770282589,9,21681.6612670211,52.3744292237443,Minor_Damage_And_Injuries,14,0.645359538406058,3
9168,3,0.182930118985126,77.4,66.40838650866,19,36624.2796276571,20.5022831050228,Significant_Damage_And_Serious_Injuries,0,0.523469888207717,2
4117,4,0.0966766638812981,77.62,61.6226071103008,7,52779.502004322196,47.4885844748858,Highly_Fatal_And_Damaging,6,0.48524413992066295,4
6449,2,0.33562780893799105,83.11,80.6745670009116,12,24809.905765736698,53.5159817351598,Minor_Damage_And_Injuries,8,0.31935881716552506,3
11597,5,0.0221343459049453,77.16,63.719234275296294,12,33372.8197860987,54.794520547945204,Minor_Damage_And_Injuries,1,0.49462026685899696,3
6889,4,0.0430629446815057,83.68,55.469462169553296,11,23999.441104421097,35.2511415525114,Significant_Damage_And_Fatalities,14,0.39508907320591397,2
3988,7,0.00250016144798474,82.04,58.4776663628077,6,24455.0250063736,52.648401826484005,Highly_Fatal_And_Damaging,4,0.296279120086549,2
11179,5,0.0183646919990325,77.1,67.7301731996354,8,28602.6042861829,57.4885844748858,Significant_Damage_And_Serious_Injuries,2,0.37489433826181,3
7315,5,0.0134930375983855,81.39,62.7620783956244,16,19433.6327994899,42.5114155251142,Minor_Damage_And_Injuries,3,0.47190119004688,2
3808,6,0.00880518950811756,78.11,82.9535095715588,16,37253.905366837,53.287671232876704,Significant_Damage_And_Fatalities,1,0.27139632167327804,0
11504,7,0.00306731378906429,82.2,67.9580674567001,21,35247.2887973971,25.662100456620998,Minor_Damage_And_Injuries,2,0.395810313739632,3
6276,5,0.0170358910014253,81.61,71.3764813126709,13,24750.6511585502,53.150684931506795,Minor_Damage_And_Injuries,0,0.247234763793725,4
11794,3,0.234985280834006,84.1,63.719234275296294,15,47530.90621489679,31.9634703196347,Significant_Damage_And_Serious_Injuries,1,0.334865488640461,3
5953,4,0.0447909407031703,77.33,53.09936189608021,15,24451.819618031,43.6529680365297,Highly_Fatal_And_Damaging,4,0.311064551027768,1
10456,3,0.137228468937994,79.34,79.85414767547859,15,27724.256013730497,31.324200913242002,Significant_Damage_And_Serious_Injuries,0,0.228121889650198,1
9490,7,0.00143197936716161,79.31,49.042844120328205,17,9966.28139209759,47.899543378995396,Significant_Damage_And_Serious_Injuries,12,0.251201586729174,2
4126,4,0.0541065660538752,77.6,61.3947128532361,14,29589.385407665297,36.027397260274,Significant_Damage_And_Serious_Injuries,4,0.45603389830508395,2
4398,1,1.06396431734775,80.05,72.24247948951691,15,28923.9002638104,42.8310502283105,Minor_Damage_And_Injuries,18,0.205042192571222,1
8396,7,0.00115286337258843,76.94,70.1914311759344,16,4203.2663726212295,54.109589041095894,Significant_Damage_And_Fatalities,0,0.308900829426614,3
934,4,0.0178040949925781,79.17,89.24339106654509,10,9764.86399052122,39.406392694063896,Highly_Fatal_And_Damaging,2,0.26670825820411104,4
8002,4,0.0905924441864506,79.93,72.3792160437557,9,49951.1427599292,41.4611872146119,Highly_Fatal_And_Damaging,1,0.42177497295348,0
831,7,0.0005027740120415361,86.57,76.5268915223336,15,16629.6337259716,54.885844748858396,Significant_Damage_And_Fatalities,4,0.492095924990984,2
5040,3,0.19358950474377104,76.86,70.9206927985415,16,38759.5190713265,28.493150684931503,Significant_Damage_And_Serious_Injuries,9,0.229924990984493,2
4801,1,0.925208520778178,78.05,65.587967183227,16,24895.0884801741,40.9132420091324,Minor_Damage_And_Injuries,5,0.27896934727731704,1
10071,3,0.11991159314067099,84.72,66.22607110300821,16,24242.431985578998,28.9954337899543,Significant_Damage_And_Serious_Injuries,2,0.438724125495853,4
12466,3,0.0639965250235573,77.83,76.29899726526891,13,13134.8047602592,39.4977168949772,Significant_Damage_And_Serious_Injuries,0,0.3352261089073211,2
5320,4,0.0810705920997322,78.37,48.723792160437604,13,44182.8331581808,28.9041095890411,Significant_Damage_And_Fatalities,0,0.6349015506671469,3
12187,4,0.0528517114582186,80.78,76.8003646308113,17,29033.7904189909,25.251141552511395,Significant_Damage_And_Serious_Injuries,0,0.202157230436351,0
4053,4,0.0383477654432181,85.3,85.9617137648131,13,21267.7043733175,29.406392694063896,Highly_Fatal_And_Damaging,19,0.21658204111070997,2
4953,6,0.0113283291184958,77.49,86.78213309024609,15,45783.5276614128,44.4292237442922,Minor_Damage_And_Injuries,0,0.29519725928597196,1
11852,1,1.0104081196839,74.86,85.9617137648131,18,27464.488778077,11.5068493150685,Highly_Fatal_And_Damaging,3,0.211893977641543,1
7533,3,0.14713367280259804,78.31,65.7702825888788,11,29365.0114975677,47.1689497716895,Significant_Damage_And_Serious_Injuries,9,0.578644789037144,2
11269,4,0.0426269693724433,83.33,58.38650865998179,8,23360.58611145,44.84018264840179,Highly_Fatal_And_Damaging,0,0.48848972232239396,2