Accident_ID,Accident_Type_Code,Adverse_Weather_Metric,Cabin_Temperature,Control_Metric,Days_Since_Inspection,Max_Elevation,Safety_Score,Severity,Total_Safety_Complaints,Turbulence_In_gforces,Violations
4716,3,0.125717901664781,84.4,67.5934366453965,16,25170.3306255207,31.050228310502302,Significant_Damage_And_Serious_Injuries,0,0.245071042192571,2
675,4,0.0522542716629988,83.51,66.22607110300821,8,28222.6869817888,46.25570776255711,Highly_Fatal_And_Damaging,8,0.283296790479625,2
145,6,0.007594775661073491,83.12,82.9079307201459,11,29272.472449186098,45.890410958904106,Significant_Damage_And_Serious_Injuries,4,0.317916336098088,3
10376,2,0.38116484962130603,83.43,52.734731084776705,17,28044.2954629533,38.8584474885845,Highly_Fatal_And_Damaging,9,0.43331482149296796,1
2256,4,0.0531058897859763,78.78,75.2962625341842,8,29157.107439248797,68.4018264840182,Minor_Damage_And_Injuries,2,0.312867652362062,2
11385,1,1.1631821282771,77.68,49.4530537830446,12,31619.82941596,30.6392694063927,Highly_Fatal_And_Damaging,3,0.526354850342589,2
10893,4,0.0875748190988981,79.49,70.510483135825,16,48564.928326961905,18.949771689497698,Highly_Fatal_And_Damaging,6,0.296639740353408,3
2258,2,0.256113629626921,76.95,82.3154056517776,12,19525.85738177,54.84018264840179,Minor_Damage_And_Injuries,1,0.40374395961053006,2
3309,1,1.41925629416222,78.16,49.5442114858706,12,38579.3859434729,32.8310502283105,Significant_Damage_And_Fatalities,0,0.47839235485034204,2
3357,7,0.0035784858464896797,79.39,74.61257976299,14,37463.8157763509,59.4520547945205,Significant_Damage_And_Fatalities,9,0.33702921024161503,4
10849,7,0.0029602454265384,77.09,70.82953509571558,8,33693.9126926562,77.99086757990871,Significant_Damage_And_Fatalities,0,0.24651352326000697,0
4306,1,0.9784546265153471,78.91,73.746581586144,7,26622.291736018502,49.5890410958904,Highly_Fatal_And_Damaging,0,0.357945185719437,2
5977,7,0.00277618537959387,75.27,65.9070191431176,10,31282.0377767493,74.2009132420091,Significant_Damage_And_Fatalities,0,0.335586729174179,2
2165,2,0.40080976857499706,78.46,48.723792160437604,12,29673.4596655361,55.2511415525114,Highly_Fatal_And_Damaging,9,0.610018752253877,3
7906,2,0.408642256373192,77.3,54.2844120328168,8,30536.5363889344,68.4018264840182,Highly_Fatal_And_Damaging,4,0.590184637576631,4
4102,4,0.083610549525106,78.27,72.97174111212401,7,45730.977500378205,49.726027397260296,Highly_Fatal_And_Damaging,0,0.404465200144248,1
6701,7,0.00248377555471595,76.26,58.7511394712853,13,27034.8776966234,63.1963470319635,Significant_Damage_And_Fatalities,3,0.38823728813559294,2
9793,4,0.0705271027139023,78.01,62.07839562443029,12,38835.975037127,41.8264840182648,Significant_Damage_And_Serious_Injuries,15,0.322965019834114,2
5013,3,0.17253938189435597,77.41,64.9042844120328,17,34758.9344410775,48.538812785388096,Significant_Damage_And_Fatalities,0,0.354699603317706,3
7524,4,0.0641501985769842,78.96,64.3117593436645,18,34956.4722310962,9.49771689497717,Highly_Fatal_And_Damaging,20,0.40374395961053006,4
1150,1,0.65511014674204,78.52,72.0145852324522,14,16868.7507825344,24.8858447488584,Highly_Fatal_And_Damaging,5,0.331980526505589,2
1051,3,0.10639403449074698,82.12,62.57976298997271,11,21200.8828158285,35.296803652968,Highly_Fatal_And_Damaging,1,0.37128813559322,2
3338,2,0.352422365698257,80.41,63.5824977210575,10,26020.7634174777,63.6529680365297,Minor_Damage_And_Injuries,2,0.22523692751532604,4
4498,3,0.0864037374633995,80.03,72.7894257064722,12,17443.6548671994,43.972602739726,Significant_Damage_And_Serious_Injuries,10,0.326931842769563,2
9966,3,0.145406245169267,79.62,50.3190519598906,10,29213.8409826863,50.273972602739704,Minor_Damage_And_Injuries,1,0.411316985214569,2
5807,7,0.0035783671851997,79.26,56.19872379216039,8,39867.4739975014,80.958904109589,Significant_Damage_And_Serious_Injuries,20,0.475868012982329,2
7897,3,0.151460169601184,79.92,66.7274384685506,15,30175.046833121498,33.2420091324201,Significant_Damage_And_Serious_Injuries,2,0.527076090876307,2
12460,3,0.214762760356308,78.72,47.0373746581586,19,43627.7949755618,30.5022831050228,Minor_Damage_And_Injuries,3,0.491014064190407,2
8140,4,0.0508812298099397,75.55,71.6043755697357,17,27801.6840675044,13.7442922374429,Highly_Fatal_And_Damaging,3,0.29014857554994605,2
10030,7,0.00300048526359377,80.04,67.6390154968095,17,33405.1525639135,38.4474885844749,Minor_Damage_And_Injuries,23,0.255529029931482,1
10958,6,0.00339293712236319,85.07,59.6171376481313,20,12598.3641491423,16.4840182648402,Significant_Damage_And_Serious_Injuries,2,0.518421204471691,3
6736,4,0.0488280924393362,79.66,45.3965360072927,8,26661.013402902598,69.5433789954338,Significant_Damage_And_Serious_Injuries,2,0.699813198701766,3
417,7,0.00262015319341011,79.37,58.5232452142206,16,30627.0238895253,53.74429223744289,Significant_Damage_And_Fatalities,6,0.414923187883159,3
5863,5,0.00565999846684,76.59,46.90063810391979,13,4866.798542125829,49.9086757990868,Highly_Fatal_And_Damaging,7,0.484522899386945,1
1146,3,0.163023626452417,78.39,39.8814949863264,10,32986.7833036824,51.7351598173516,Minor_Damage_And_Injuries,4,0.645359538406058,2
1061,6,0.00443320081094456,82.13,59.2069279854148,12,18311.1920618673,43.607305936073,Significant_Damage_And_Serious_Injuries,1,0.43042985935809597,3
11100,3,0.22764814418423399,80.71,58.02187784867821,9,45969.4526879013,53.74429223744289,Significant_Damage_And_Serious_Injuries,2,0.31214641182834496,3
932,4,0.0536168001945233,77.04,55.241567912488605,14,29541.1841118771,37.3059360730594,Minor_Damage_And_Injuries,2,0.5029145329967539,1
2888,3,0.134611369951369,76.09,54.7402005469462,11,27222.894127003397,48.310502283105,Minor_Damage_And_Injuries,9,0.410235124413992,3
10013,4,0.0486700861808518,79.91,79.8997265268915,7,26382.3885430806,48.81278538812779,Highly_Fatal_And_Damaging,3,0.20396033177064501,3
6152,6,0.00718264021283833,79.45,74.9316317228806,12,30077.4161879637,30.1826484018265,Highly_Fatal_And_Damaging,10,0.245071042192571,3
11919,5,0.0237990658424012,76.86,64.4940747493163,10,34274.994375982,61.324200913241995,Minor_Damage_And_Injuries,1,0.336668589974756,2
12217,4,0.0751284641453142,77.65,66.4995442114859,17,40973.9095182754,38.4474885844749,Minor_Damage_And_Injuries,5,0.28726361341507395,0
3256,4,0.0619950696061957,82.91,67.9580674567001,23,33735.8631764138,22.922374429223698,Minor_Damage_And_Injuries,7,0.377418680129823,1
39,5,0.0160590028237088,78.4,43.072014585232495,13,23381.5905153679,50.3196347031963,Highly_Fatal_And_Damaging,0,0.7351539848539491,2
11392,4,0.0693587686375482,82.2,51.8231540565178,10,37882.5272097875,38.8584474885845,Significant_Damage_And_Fatalities,12,0.540058420483231,1
1720,2,0.569552534009889,78.34,55.5150410209663,12,42084.5562508718,55.433789954337904,Highly_Fatal_And_Damaging,1,0.49137468445726595,3
6542,4,0.0593813308679131,81.37,72.0145852324522,13,32075.999056769902,27.1232876712329,Highly_Fatal_And_Damaging,1,0.462525063108547,2
3235,5,0.0151268704731323,77.86,71.9690063810392,13,23733.486318278,41.2785388127854,Significant_Damage_And_Serious_Injuries,8,0.31358889289578,0
9376,3,0.166305014653227,79.59,67.0920692798541,20,33107.0646128733,17.8995433789954,Significant_Damage_And_Serious_Injuries,8,0.46973746844572706,4
8714,4,0.0701068078993242,78.16,68.1403828623519,15,38472.6989638762,20.4566210045662,Highly_Fatal_And_Damaging,2,0.280411828344753,4
4923,2,0.5710304139516049,76.77,40.3372835004558,14,42041.4474613388,46.4840182648402,Highly_Fatal_And_Damaging,19,0.63742589253516,2
9909,4,0.0586688995339389,78.22,51.8231540565178,13,32243.5526097867,40.365296803653,Significant_Damage_And_Serious_Injuries,0,0.49462026685899696,3
5938,7,0.0018002622725560898,76.96,74.9316317228806,17,22231.9110606015,39.2237442922374,Minor_Damage_And_Injuries,7,0.36155138838802703,3
3652,3,0.15110353553781303,78.32,46.718322698268004,13,30281.730328791,28.4018264840183,Significant_Damage_And_Fatalities,8,0.491014064190407,2
3524,1,0.894409699247168,82.72,62.6709206927985,13,24605.471319082997,28.721461187214604,Highly_Fatal_And_Damaging,1,0.443772809231878,1
6447,5,0.0297081807839066,77.03,75.25068368277121,12,43907.2002460851,54.0182648401826,Minor_Damage_And_Injuries,7,0.288345474215651,2
2226,4,0.0714750024770554,77.55,51.00273473108479,7,39152.9933728058,59.8173515981735,Significant_Damage_And_Serious_Injuries,14,0.7686916696718359,2
5059,2,0.6285743195653721,81.37,69.1431175934367,13,45878.87959122151,50.7305936073059,Minor_Damage_And_Injuries,0,0.335947349441038,4
8712,1,1.35005026474898,77.69,45.67000911577029,13,37034.4056430355,28.9041095890411,Significant_Damage_And_Fatalities,0,0.491014064190407,3
3237,1,0.7996976559849308,79.39,52.415679124886104,17,21865.1119571099,38.4931506849315,Highly_Fatal_And_Damaging,13,0.461803822574828,2
2296,6,0.00388928467489573,79.33,51.50410209662721,9,12660.9802816625,52.9223744292237,Minor_Damage_And_Injuries,6,0.488850342589253,1
12331,6,0.00652784933163401,77.17,61.485870556062004,9,26915.0922973571,54.5205479452055,Significant_Damage_And_Serious_Injuries,5,0.33883231157591,2
4071,3,0.15110353553781303,77.3,67.6390154968095,20,30360.3969405546,16.6666666666667,Significant_Damage_And_Serious_Injuries,20,0.449903353768481,3
961,6,0.00811696041887652,77.0,79.535095715588,12,31758.9281763219,29.7260273972603,Highly_Fatal_And_Damaging,4,0.267429498737829,3
641,3,0.129039751153255,79.07,59.9817684594348,19,26116.1340059494,19.3607305936073,Significant_Damage_And_Serious_Injuries,0,0.29447601875225393,2
7011,4,0.0717190222705393,78.08,70.82953509571558,12,39140.6113678675,32.4200913242009,Highly_Fatal_And_Damaging,8,0.331980526505589,1
2434,2,0.553503805823988,80.95,55.1048313582498,16,40987.109431310295,41.0958904109589,Highly_Fatal_And_Damaging,8,0.30709772809231894,4
8945,6,0.00715823864903642,78.3,72.151321786691,14,29519.010231283,38.0365296803653,Significant_Damage_And_Serious_Injuries,4,0.314310133429499,2
8148,7,0.00396774697494711,81.25,79.3527803099362,11,46445.709096156905,36.392694063926896,Highly_Fatal_And_Damaging,1,0.275723764875586,2
12392,3,0.164695836955928,84.46,82.3154056517776,12,33268.4518194129,55.342465753424705,Minor_Damage_And_Injuries,2,0.316113234763794,2
6704,2,0.31504198347464696,78.44,80.08204193254329,6,23026.629664007203,62.7853881278539,Significant_Damage_And_Serious_Injuries,5,0.413120086548864,2
712,4,0.0744920387271988,82.08,48.5870556061987,8,40296.8160759999,55.433789954337904,Minor_Damage_And_Injuries,0,0.404104579877389,2
2808,2,0.423848265485375,76.89,78.44120328167729,14,31290.8093282879,46.6666666666667,Minor_Damage_And_Injuries,4,0.386434186801298,3
8079,4,0.0552675261246095,77.63,64.7219690063811,15,30685.6982213411,32.557077625570805,Significant_Damage_And_Serious_Injuries,1,0.438724125495853,2
6256,6,0.00787225123456485,88.67,78.07657247037379,11,31869.3979705955,47.2146118721461,Significant_Damage_And_Serious_Injuries,1,0.39472845293905495,2
4672,7,0.00313473818084455,84.03,67.4567000911577,7,32555.643829496203,60.4566210045662,Significant_Damage_And_Serious_Injuries,20,0.276084385142445,1
6009,7,0.00401669100153598,82.32,62.5341841385597,9,42528.1341777868,55.0684931506849,Significant_Damage_And_Serious_Injuries,5,0.34315975477821803,2
2178,4,0.0801631199888322,76.04,64.8131267092069,13,43870.357040907,29.406392694063896,Highly_Fatal_And_Damaging,0,0.30637648755860103,1
5304,3,0.15994082384583802,81.17,54.968094804010896,13,32346.154299062997,41.9178082191781,Minor_Damage_And_Injuries,8,0.36263324918860396,2
4206,7,0.00391332884816276,76.86,50.227894257064705,14,45290.8914732731,23.1050228310502,Highly_Fatal_And_Damaging,14,0.411316985214569,2
2247,7,0.00212425758602582,77.89,69.4165907019143,14,27295.816524348,58.767123287671204,Significant_Damage_And_Fatalities,6,0.29231229715109996,2
12207,2,0.5086179913455711,81.23,49.6809480401094,13,37572.3349371428,29.2694063926941,Significant_Damage_And_Fatalities,5,0.368403173458348,2
1859,2,0.653318296764309,81.42,66.1804922515953,17,48525.8603425376,36.2100456621005,Minor_Damage_And_Injuries,2,0.50796321673278,2
4838,7,0.00334276282740212,88.01,38.9243391066545,19,33289.1776385925,20.410958904109602,Minor_Damage_And_Injuries,3,0.556646952758745,2
4368,7,0.00230284346998378,83.27,53.7374658158614,11,26661.013402902598,70.0,Significant_Damage_And_Serious_Injuries,3,0.496423368193292,3
3213,7,0.004257460993032329,87.08,46.6271649954421,9,46713.1308762299,76.1187214611872,Significant_Damage_And_Serious_Injuries,6,0.453509556437072,3
5791,7,0.0026681802404638104,80.55,74.3391066545123,14,28855.418666474303,24.8401826484018,Highly_Fatal_And_Damaging,22,0.300606563288856,1
11548,3,0.147509964610866,81.18,48.5870556061987,15,29784.7464710627,33.698630136986296,Minor_Damage_And_Injuries,13,0.40771078254597903,2
12129,7,0.00307677052811736,81.49,64.8131267092069,11,33111.5733657375,70.3196347031963,Significant_Damage_And_Fatalities,11,0.32116191849982,1
2172,2,0.225648056800934,85.88,64.4940747493163,15,17006.4611648321,43.2420091324201,Minor_Damage_And_Injuries,0,0.265265777136675,1
9679,3,0.22782938917797302,79.32,88.24065633546041,15,46043.985810050595,20.958904109589,Highly_Fatal_And_Damaging,9,0.226679408582762,1
124,5,0.0251101485805745,78.47,80.08204193254329,6,36295.1033532213,62.7853881278539,Significant_Damage_And_Serious_Injuries,4,0.305294626758024,2
12182,2,0.5710304139516049,76.64,53.2360984503191,22,42152.5021440486,30.0,Highly_Fatal_And_Damaging,2,0.385352326000721,2
11744,4,0.0895323319881988,78.09,52.7803099361896,18,48814.08678091231,46.6666666666667,Significant_Damage_And_Fatalities,0,0.46757374684457303,2
5556,4,0.0662403467628042,79.66,56.7456700091158,15,36223.3118951033,20.365296803653,Significant_Damage_And_Fatalities,1,0.710992426974395,4
2820,4,0.0637233304662383,79.08,74.52142206016408,8,34971.7377869548,45.15981735159821,Highly_Fatal_And_Damaging,1,0.339192931842769,3
11984,2,0.27577871914119106,83.42,55.6973564266181,8,20482.4787022466,70.0,Highly_Fatal_And_Damaging,1,0.546910205553552,3
666,4,0.0702223823810804,80.67,70.4193254329991,13,38426.2043855865,38.8127853881278,Significant_Damage_And_Serious_Injuries,8,0.205402812838081,1
5106,2,0.325277767406605,86.52,38.149498632634504,7,24285.8919300678,60.1826484018265,Minor_Damage_And_Injuries,28,0.759315542733501,3
9876,7,0.0043835591564751,82.14,68.1403828623519,13,56326.3502441608,52.739726027397204,Minor_Damage_And_Injuries,0,0.276084385142445,2
11891,1,0.998432424921525,76.13,68.5050136736554,11,27179.8728762575,45.7077625570776,Significant_Damage_And_Serious_Injuries,9,0.41744752975117205,2
4674,5,0.025793731905657,79.3,63.947128532361,12,38068.070405300095,55.5707762557078,Minor_Damage_And_Injuries,14,0.448100252434187,1
4264,7,0.0031758860473211,76.58,53.1905195989061,14,36010.8964759583,24.8858447488584,Significant_Damage_And_Fatalities,17,0.479474215650919,2
12288,7,0.00303519281585387,79.17,61.2579762989973,17,32516.6697365042,15.068493150684901,Highly_Fatal_And_Damaging,10,0.24290732059141698,2
12245,7,0.00387399716209289,83.19,86.2351868732908,9,42910.638015723904,64.1552511415525,Minor_Damage_And_Injuries,9,0.35109340064911604,1
3295,7,0.0044289702451501,79.49,70.510483135825,16,51368.4599354622,18.7214611872146,Highly_Fatal_And_Damaging,7,0.27969058781103495,4
8869,7,0.00314344715318344,83.01,64.7219690063811,20,33327.068892036405,4.7945205479452095,Highly_Fatal_And_Damaging,13,0.41961125135232596,1
6007,3,0.0540905537896018,78.43,58.6144029170465,11,11360.597917622701,45.296803652967995,Significant_Damage_And_Serious_Injuries,2,0.256610890732059,2
2089,6,0.00520288981336876,81.89,55.788514129443904,11,21422.786802028,45.5251141552511,Minor_Damage_And_Injuries,35,0.438002884962135,4
3681,4,0.0707649496204491,79.71,80.6289881494986,10,38579.0666059346,37.9452054794521,Highly_Fatal_And_Damaging,1,0.233531193653083,2
5996,6,0.0149350181100928,79.98,80.4466727438469,18,55177.525841171504,23.6529680365297,Significant_Damage_And_Serious_Injuries,7,0.31358889289578,1
7144,4,0.0845834601765373,81.29,84.2752962625342,17,46609.6705605493,16.1643835616438,Highly_Fatal_And_Damaging,12,0.306737107825459,1
2234,4,0.0878167347391541,77.35,58.158614402917,15,48525.1107104034,45.9360730593607,Minor_Damage_And_Injuries,0,0.41420194734944105,1
4075,7,0.00288440827898333,80.13,51.549680948040105,12,28392.914803608197,55.662100456621,Highly_Fatal_And_Damaging,4,0.38030364226469504,3
7742,6,0.00994702906462167,76.09,62.7620783956244,11,38068.070405300095,71.2785388127854,Significant_Damage_And_Fatalities,17,0.47190119004688,1
12450,6,0.007984976908716841,81.9,72.2880583409298,11,31828.8037465756,45.7534246575342,Significant_Damage_And_Serious_Injuries,24,0.316473855030653,2
5450,6,0.007783435263071359,79.05,59.3892433910666,19,31549.4473445581,15.753424657534199,Significant_Damage_And_Serious_Injuries,23,0.300606563288856,1
4526,2,0.374260049523089,79.46,63.90154968094811,15,27448.2763828229,33.3333333333333,Significant_Damage_And_Serious_Injuries,2,0.502553912729895,1
11445,4,0.0934916459227156,77.42,62.8988149498633,16,52319.1662876134,18.1278538812785,Highly_Fatal_And_Damaging,5,0.49137468445726595,2
11635,6,0.00799498513404794,79.39,63.90154968094811,15,32275.9088048593,33.2420091324201,Significant_Damage_And_Serious_Injuries,2,0.377418680129823,1
3572,3,0.19784172757466897,83.38,89.9726526891523,12,39455.0809877443,41.1415525114155,Significant_Damage_And_Serious_Injuries,3,0.300606563288856,4
10745,2,0.339886381510903,83.75,79.03372835004559,14,25265.936551665,47.0319634703196,Minor_Damage_And_Injuries,31,0.44882149296790397,1
10874,4,0.0884973764056748,77.38,70.6927985414767,13,48080.1177543947,30.3196347031963,Highly_Fatal_And_Damaging,10,0.302409664623152,2
5196,7,0.00112346443655095,80.29,60.75660893345489,16,14736.032975157901,55.433789954337904,Significant_Damage_And_Fatalities,33,0.448460872701046,3
1844,5,0.0275787066326595,81.82,29.443938012762104,19,41252.482521394304,20.958904109589,Minor_Damage_And_Injuries,30,0.7715766318067071,3
6687,3,0.1464108501454,84.51,65.9981768459435,14,29492.566397426002,23.7899543378995,Highly_Fatal_And_Damaging,13,0.236776776054814,3
12130,7,0.0036173616998907295,79.22,32.4521422060164,13,37852.9381954139,27.579908675799103,Significant_Damage_And_Fatalities,2,0.584775333573747,1
3296,2,0.7414782931591322,80.13,57.0191431175934,15,55535.5164400847,19.4063926940639,Significant_Damage_And_Fatalities,10,0.37345185719437396,1
5237,7,0.00302333820384763,76.28,63.90154968094811,6,33080.0431427359,76.62100456620999,Minor_Damage_And_Injuries,0,0.29736098088712604,4
5338,5,0.0245030952312339,81.09,62.351868732907896,15,35559.4849713687,34.429223744292194,Significant_Damage_And_Serious_Injuries,1,0.382467363865849,3
5153,3,0.20670322897955604,79.8,63.90154968094811,15,41851.1444604899,33.2420091324201,Significant_Damage_And_Serious_Injuries,2,0.417808150018031,3
7555,2,0.529397252616345,80.96,67.4111212397448,17,38934.8959159034,39.3607305936073,Minor_Damage_And_Injuries,4,0.37489433826181,2
10378,4,0.0488280924393362,77.57,74.7948951686418,13,27009.595368617098,27.1232876712329,Highly_Fatal_And_Damaging,2,0.45134583483591795,1
10498,7,0.00271660416896328,82.11,72.24247948951691,9,28566.6330064354,64.5662100456621,Minor_Damage_And_Injuries,11,0.368403173458348,1
8500,4,0.0631021341380053,81.05,56.19872379216039,15,34458.296716550496,32.648401826484,Minor_Damage_And_Injuries,0,0.34568409664623106,4
10888,3,0.129039751153255,79.66,59.161349134001796,16,26116.1340059494,16.3013698630137,Highly_Fatal_And_Damaging,17,0.298803461954562,3
8227,3,0.101597940187577,77.08,54.7402005469462,9,20375.8154327724,52.511415525114096,Minor_Damage_And_Injuries,14,0.43619978362784007,1
10056,3,0.20952488990761897,82.19,73.0173199635369,6,42230.9202409014,62.511415525114096,Significant_Damage_And_Serious_Injuries,5,0.34171727371078203,0
235,6,0.0092353588658826,80.23,66.2716499544212,8,37378.440261456,55.342465753424705,Significant_Damage_And_Serious_Injuries,10,0.346405337179949,0
11262,4,0.0482410618460628,87.11,60.027347310847794,20,26492.389254308502,4.65753424657534,Highly_Fatal_And_Damaging,0,0.28149368914533,2
10961,2,0.545562193337738,77.22,85.0957155879672,13,40311.896520282,52.511415525114096,Minor_Damage_And_Injuries,7,0.26021709340064897,2
90,3,0.147077299443035,76.8,86.9644484958979,16,29575.3516590254,31.0958904109589,Significant_Damage_And_Serious_Injuries,1,0.240382978723404,3
1778,6,0.007972713793777321,83.6,53.6463081130356,9,31187.3406270671,54.5205479452055,Minor_Damage_And_Injuries,4,0.23425243418680103,0
7788,3,0.0751392310460593,79.09,61.6226071103008,15,14274.0590139556,56.1187214611872,Significant_Damage_And_Fatalities,4,0.656538766678687,2
5689,1,1.32920921097437,83.44,48.222424794895204,11,36463.5453790652,37.5799086757991,Significant_Damage_And_Fatalities,2,0.695485755499459,1
10761,6,0.007698561249103279,77.3,86.78213309024609,15,33027.7395917952,43.9269406392694,Minor_Damage_And_Injuries,0,0.28654237288135603,1
2146,4,0.0645364140643536,84.15,63.9927073837739,14,35260.135365189904,24.7945205479452,Highly_Fatal_And_Damaging,1,0.26274143526866195,1
4328,2,0.5158514319144729,77.44,60.027347310847794,19,38033.854208112,18.7214611872146,Significant_Damage_And_Serious_Injuries,12,0.40771078254597903,3
1761,1,0.6516237432438571,80.59,48.6326344576117,15,17712.9698025224,32.557077625570805,Minor_Damage_And_Injuries,1,0.40771078254597903,2
11868,1,0.957561433696264,79.88,78.669097538742,9,26150.179721422202,75.2054794520548,Significant_Damage_And_Fatalities,4,0.24579228272628895,1
8752,7,0.00145523988109246,79.17,70.9206927985415,14,16360.9637668824,24.748858447488605,Highly_Fatal_And_Damaging,10,0.347126577713667,3
8984,3,0.165002363929807,80.53,62.2607110300821,13,33101.085724826,28.8584474885845,Highly_Fatal_And_Damaging,12,0.375615578795528,2
2128,1,0.8125532011588609,82.07,68.7784867821331,14,22087.486013663598,26.3470319634703,Highly_Fatal_And_Damaging,2,0.41348070681572296,3
8425,3,0.149511410661996,80.43,76.9826800364631,12,30105.4742768141,42.8767123287671,Significant_Damage_And_Serious_Injuries,3,0.336668589974756,3
4939,4,0.0537163727417456,77.29,67.7757520510483,17,29368.5496527533,13.789954337899498,Highly_Fatal_And_Damaging,5,0.2061240533718,2
5147,4,0.0692261856242846,88.62,64.4029170464904,10,38007.5339374526,72.1461187214612,Significant_Damage_And_Fatalities,2,0.32080129823296005,3
10128,4,0.0660394623674445,78.13,50.6381039197812,17,35901.480370180696,14.4748858447489,Significant_Damage_And_Fatalities,1,0.47911359538406,5
7592,6,0.00566656035545686,77.55,60.6198723792161,6,22574.0033588352,52.4200913242009,Significant_Damage_And_Serious_Injuries,4,0.5483526866209879,3
8196,1,1.3231242855511298,77.63,89.6080218778487,18,36409.5677758811,11.598173515981697,Highly_Fatal_And_Damaging,3,0.219827623512441,1
11831,6,0.0063751423047172205,81.1,88.4685505925251,9,24101.1426632183,53.74429223744289,Significant_Damage_And_Serious_Injuries,17,0.304573386224305,4
4221,2,0.42760965194734,76.78,58.38650865998179,15,31569.345624792,43.3333333333333,Minor_Damage_And_Injuries,2,0.42465993508835204,0
3538,2,0.39207035760883296,77.17,62.1239744758432,9,28985.2581153397,63.3333333333333,Minor_Damage_And_Injuries,5,0.38210674359899,3
4632,4,0.0659869669203887,78.46,57.520510483135794,11,36519.0777277767,34.3835616438356,Highly_Fatal_And_Damaging,7,0.328734944103858,2
8625,1,1.37940962208732,79.09,59.6171376481313,18,37225.9862790392,24.1552511415525,Significant_Damage_And_Serious_Injuries,5,0.47190119004688,0
2249,3,0.159696995800694,78.54,63.90154968094811,11,32094.804180156403,46.1187214611872,Significant_Damage_And_Serious_Injuries,15,0.24579228272628895,3
5287,6,0.00855903849696709,81.34,66.6362807657247,14,36191.032215045496,37.077625570776206,Significant_Damage_And_Serious_Injuries,6,0.24651352326000697,2
2631,4,0.0452453456509353,82.12,74.24794895168641,16,24820.167369746297,19.2237442922374,Highly_Fatal_And_Damaging,0,0.428626758023801,1
8465,6,0.0105252032379729,79.26,73.0173199635369,8,44143.735304861795,57.1232876712329,Significant_Damage_And_Serious_Injuries,19,0.34171727371078203,0
2521,7,0.0036288382038850205,82.64,49.6353691886965,5,37386.7912712908,87.48858447488578,Significant_Damage_And_Serious_Injuries,1,0.5436646231518211,3
1823,2,0.43131917970805295,82.15,65.2689152233364,13,31967.8246223586,50.5936073059361,Minor_Damage_And_Injuries,13,0.438002884962135,2
12421,6,0.00914632811267066,81.0,62.07839562443029,15,33651.5805229688,32.0547945205479,Significant_Damage_And_Serious_Injuries,3,0.368763793725207,2
2571,4,0.0640529720617364,88.74,77.4384685505925,13,34859.8063971959,27.7168949771689,Highly_Fatal_And_Damaging,13,0.4145625676163,0
7020,2,0.542094435555297,76.98,69.4621695533273,15,40116.9830129984,44.337899543379,Minor_Damage_And_Injuries,19,0.440887847097007,2
4668,1,1.43817383028133,81.85,71.2397447584321,14,39396.116621502,36.6666666666667,Significant_Damage_And_Serious_Injuries,22,0.38571294626758,3
12261,3,0.0653943422597568,81.92,58.7055606198724,13,13949.2541692102,38.310502283105,Significant_Damage_And_Serious_Injuries,2,0.312507032095204,1
9416,6,0.00832357668308559,81.76,64.94986326344579,16,34255.7043624546,29.0867579908676,Significant_Damage_And_Serious_Injuries,3,0.43908474576271206,1
10579,1,1.2251347174755098,78.42,61.485870556062004,12,33302.6143992798,33.7442922374429,Highly_Fatal_And_Damaging,14,0.46937684817886705,3
11084,4,0.0707077552095908,80.23,68.5050136736554,14,38271.1876810546,25.616438356164398,Highly_Fatal_And_Damaging,15,0.38823728813559294,0
575,4,0.0755380401037781,81.62,55.87967183226979,16,40894.8662671731,40.821917808219204,Highly_Fatal_And_Damaging,4,0.28690299314821505,2
2855,2,0.5542278320310611,80.13,47.2196900638104,13,41045.6940016465,38.6301369863014,Minor_Damage_And_Injuries,1,0.416005048683736,2
2947,3,0.162966110820739,79.93,72.5615314494075,11,32803.751703339396,44.9315068493151,Significant_Damage_And_Serious_Injuries,6,0.42213559322033894,1
9278,5,0.017715210491538,86.43,71.05742935278029,13,24211.3595104184,50.50228310502279,Minor_Damage_And_Injuries,13,0.29700036062026697,3
9402,6,0.00929279544814513,81.43,62.07839562443029,13,42190.154354331,38.584474885844706,Significant_Damage_And_Serious_Injuries,11,0.43944536602957107,3
1277,4,0.0522542716629988,86.57,74.3391066545123,13,28432.1696978827,29.2694063926941,Highly_Fatal_And_Damaging,4,0.215500180310133,1
3339,5,0.0259554503953166,81.71,60.5287146763902,15,38518.2859294847,43.3333333333333,Minor_Damage_And_Injuries,15,0.516978723404255,4
11736,7,0.00469611599491054,79.22,32.4521422060164,12,49288.6355066503,30.1369863013699,Significant_Damage_And_Fatalities,2,0.584054093040028,1
9233,2,0.39231983502980605,75.7,58.6144029170465,10,28904.6970099578,60.136986301369895,Minor_Damage_And_Injuries,6,0.37092751532636103,1
7560,4,0.0568993839144786,87.08,59.799453053783104,9,31228.509317742402,42.8310502283105,Highly_Fatal_And_Damaging,1,0.366960692390912,3