Accident_ID,Accident_Type_Code,Adverse_Weather_Metric,Cabin_Temperature,Control_Metric,Days_Since_Inspection,Max_Elevation,Safety_Score,Severity,Total_Safety_Complaints,Turbulence_In_gforces,Violations
1053,6,0.00668708180660719,79.32,62.7164995442115,11,27915.092001309502,45.5707762557078,Significant_Damage_And_Serious_Injuries,1,0.425020555355211,1
1396,2,0.401586606844553,82.72,62.2607110300821,11,29839.6300435405,36.986301369863,Highly_Fatal_And_Damaging,9,0.4372816444284171,2
2714,4,0.037029030621957004,79.51,81.7228805834093,9,20238.6378843825,42.328767123287705,Highly_Fatal_And_Damaging,3,0.29555787955283,2
2759,2,0.49978537476430296,80.55,87.693710118505,10,36962.1315429362,61.461187214611904,Minor_Damage_And_Injuries,1,0.17366822935449,2
6495,7,0.0029187717985160603,78.97,60.2552415679125,12,28153.6835624095,67.1232876712329,Significant_Damage_And_Fatalities,3,0.30637648755860103,2
10226,7,0.00280722767312088,79.29,58.6144029170465,11,29646.1499330135,45.296803652967995,Significant_Damage_And_Serious_Injuries,2,0.46829498737829,1
6457,1,1.04840753620722,79.83,89.6080218778487,11,28568.162518976602,33.7899543378995,Highly_Fatal_And_Damaging,0,0.27031446087270106,1
6117,5,0.0108072656643546,81.26,67.0920692798541,13,15436.0409904283,28.7671232876712,Highly_Fatal_And_Damaging,2,0.306015867291742,2
5572,6,0.00677907589075401,82.01,65.8614402917047,14,26880.342186243302,35.7077625570776,Significant_Damage_And_Serious_Injuries,5,0.24759538406058398,2
5880,2,0.58586663876643,82.46,67.6845943482224,16,43094.6610782697,43.01369863013699,Minor_Damage_And_Injuries,9,0.344602235845654,3
10177,2,0.637297326574672,82.56,62.2151321786691,13,46608.2720139824,51.2785388127854,Minor_Damage_And_Injuries,13,0.34352037504507804,2
10127,2,0.427712027840683,76.28,75.38742023701,8,31396.950082081497,69.36073059360729,Minor_Damage_And_Injuries,4,0.354699603317706,2
4734,4,0.0356172029643824,81.18,62.07839562443029,16,19618.548566256002,17.9908675799087,Highly_Fatal_And_Damaging,7,0.494980887125856,3
621,6,0.0111252879892656,79.25,72.0145852324522,11,44036.814661343094,45.7534246575342,Significant_Damage_And_Serious_Injuries,29,0.31863757663180603,2
10701,4,0.0645538417877223,77.95,50.1823154056518,10,35110.9406963034,39.726027397260296,Significant_Damage_And_Fatalities,6,0.48380165885322796,3
2143,4,0.0375914964961934,84.42,55.2871467639016,11,20793.4139066819,34.337899543379,Significant_Damage_And_Fatalities,0,0.47154056978002207,4
12021,4,0.0503793565096615,78.65,74.1567912488605,10,27093.0972739741,38.0821917808219,Highly_Fatal_And_Damaging,4,0.40013775694194004,2
1926,1,0.8658741951428309,78.49,86.78213309024609,13,23796.4711374361,26.9406392694064,Highly_Fatal_And_Damaging,5,0.317916336098088,3
8281,7,0.00349390200818882,81.35,83.9106654512306,11,39378.283889151804,57.671232876712295,Minor_Damage_And_Injuries,11,0.29447601875225393,2
1539,7,0.00329233679584091,87.62,79.17046490428442,14,36269.6801583076,35.4794520547945,Significant_Damage_And_Serious_Injuries,0,0.275723764875586,1
4989,1,1.03274750346758,78.29,55.6061987237922,13,28411.223198046002,27.077625570776302,Highly_Fatal_And_Damaging,1,0.506520735665344,1
4860,2,0.32153784227771903,80.24,84.0018231540565,7,23758.0297826798,70.5022831050228,Minor_Damage_And_Injuries,3,0.18809304002885,4
2251,6,0.0064098498207914,86.74,65.95259799453049,12,24421.6576824513,41.1415525114155,Significant_Damage_And_Serious_Injuries,0,0.42393869455463395,1
2265,1,1.56365104590688,79.05,70.6472196900638,13,42821.5144490704,63.8356164383562,Significant_Damage_And_Fatalities,0,0.453509556437072,3
9685,4,0.0684797739185114,79.45,85.5970829535096,12,37558.9268302818,32.100456621004604,Highly_Fatal_And_Damaging,14,0.255529029931482,1
5793,6,0.00784573077331035,75.98,53.919781221513205,10,32942.2109489692,49.726027397260296,Minor_Damage_And_Injuries,1,0.43223296069239103,3
9826,2,0.519476795282433,81.63,49.4986326344576,11,38406.931881458,58.1278538812785,Highly_Fatal_And_Damaging,5,0.4567551388388029,2
11901,3,0.147082418871215,77.08,54.7402005469462,9,29542.2935498954,52.739726027397204,Minor_Damage_And_Injuries,14,0.474786152181753,1
9056,7,0.00260608261095233,79.26,64.9954421148587,8,30933.8277395381,57.4885844748858,Significant_Damage_And_Serious_Injuries,19,0.334865488640461,2
7311,2,0.581725542959453,78.64,84.8678213309025,10,42961.728774049,72.00913242009129,Significant_Damage_And_Fatalities,3,0.298442841687703,1
12425,2,0.46117465015293396,78.74,69.4165907019143,17,34207.9443786107,39.634703196347,Minor_Damage_And_Injuries,4,0.29447601875225393,3
8279,6,0.0119400602625915,77.35,65.587967183227,15,45290.8914732731,32.8767123287671,Significant_Damage_And_Serious_Injuries,8,0.362272628921745,0
4183,6,0.00874011372860149,75.71,74.567000911577,15,33861.5536967773,32.100456621004604,Significant_Damage_And_Serious_Injuries,4,0.275723764875586,3
3144,4,0.0528451340525014,76.99,53.783044667274396,9,29538.27364245,40.7305936073059,Significant_Damage_And_Fatalities,6,0.476589253516048,2
7292,1,0.569124611333397,78.52,71.05742935278029,14,15487.6701714345,23.9269406392694,Highly_Fatal_And_Damaging,6,0.276084385142445,1
8669,1,1.04371906696974,76.93,68.3226982680037,15,28202.759653544,34.3835616438356,Significant_Damage_And_Serious_Injuries,2,0.258774612333213,1
7620,7,0.0018765320632729997,83.56,80.9024612579763,15,20238.6378843825,44.566210045662096,Minor_Damage_And_Injuries,5,0.312507032095204,0
8448,7,0.00356776833668411,77.82,53.00820419325439,18,40580.037740715,12.283105022830998,Significant_Damage_And_Fatalities,1,0.6385077533357371,3
825,3,0.188494927474794,82.02,57.4293527803099,12,37921.073992065,43.01369863013699,Significant_Damage_And_Serious_Injuries,0,0.465410025243419,2
5790,1,0.932882500163015,78.1,57.338195077483995,11,25274.8444652899,69.5433789954338,Significant_Damage_And_Fatalities,13,0.46613126577713604,2
9886,2,0.168418281925373,82.2,41.5223336371923,17,11503.388560834199,27.762557077625605,Minor_Damage_And_Injuries,13,0.694764514965741,3
1824,1,1.0575373128741101,83.5,68.64175022789429,15,28817.1039612992,45.205479452054796,Minor_Damage_And_Injuries,1,0.38679480706815705,2
1070,4,0.0594585122059251,83.73,62.7164995442115,7,31974.0624100752,49.726027397260296,Highly_Fatal_And_Damaging,6,0.35614208438514205,2
9115,4,0.0503896935162612,78.49,78.7602552415679,13,27318.358428249103,27.305936073059396,Highly_Fatal_And_Damaging,3,0.338471691309052,3
6557,3,0.20736129067751602,77.77,65.2689152233364,14,41646.5245489458,47.4885844748858,Minor_Damage_And_Injuries,0,0.34568409664623106,5
10079,4,0.0263158471738954,78.29,79.9453053783045,15,15175.1319946798,20.3196347031963,Highly_Fatal_And_Damaging,26,0.42213559322033894,1
6901,5,0.0128700652295364,77.65,73.6554238833182,11,18505.6168776094,34.3835616438356,Highly_Fatal_And_Damaging,8,0.404104579877389,1
605,1,1.4435309546179598,80.96,67.4111212397448,10,39269.0539266116,36.7579908675799,Highly_Fatal_And_Damaging,10,0.219827623512441,3
1851,3,0.13194498672956598,86.57,61.0300820419326,16,26492.389254308502,19.589041095890398,Highly_Fatal_And_Damaging,21,0.26815073927154703,2
8821,4,0.0652770328532724,80.25,44.3938012762078,13,35769.9337769873,50.50228310502279,Highly_Fatal_And_Damaging,4,0.70233754056978,0
11111,2,0.439042374653745,80.26,84.68550592525071,9,32397.802856372597,64.337899543379,Minor_Damage_And_Injuries,1,0.264183916336098,1
7014,4,0.06960315579659199,78.54,73.70100273473109,14,37949.724386183996,23.7899543378995,Highly_Fatal_And_Damaging,14,0.36948503425892504,2
5470,3,0.155972033378461,77.5,64.6763901549681,13,31193.4661135602,38.767123287671204,Significant_Damage_And_Serious_Injuries,5,0.37092751532636103,0
2022,5,0.0108072656643546,80.98,61.6226071103008,15,15703.560562148201,58.1278538812785,Significant_Damage_And_Fatalities,4,0.491735304724126,2
7352,6,0.0129833111717393,78.56,69.27985414767551,13,53323.6708564959,39.8173515981735,Significant_Damage_And_Serious_Injuries,15,0.440887847097007,1
3162,4,0.0811200932683146,79.47,66.4995442114859,14,45120.223697942405,23.7899543378995,Highly_Fatal_And_Damaging,0,0.304573386224305,0
5861,3,0.0970591864698041,85.1,74.52142206016408,13,19446.333912103,41.8264840182648,Significant_Damage_And_Serious_Injuries,4,0.58729967544176,1
10606,1,0.804372516793261,78.75,66.4995442114859,17,21865.1119571099,39.2237442922374,Minor_Damage_And_Injuries,5,0.41672628921745397,2
2941,7,0.00555060260851531,76.21,71.55879671832271,9,47797.8467413316,55.1141552511415,Significant_Damage_And_Serious_Injuries,21,0.388958528669311,2
6169,1,1.49336645053839,77.75,61.5314494074749,17,40593.9088572889,15.9817351598174,Highly_Fatal_And_Damaging,13,0.476589253516048,2
7152,7,0.00405282678592106,79.22,52.415679124886104,14,44372.3689299579,59.8173515981735,Significant_Damage_And_Serious_Injuries,0,0.29231229715109996,3
358,1,1.1874920793334398,78.56,73.4731084776664,9,32195.2158587431,43.287671232876704,Highly_Fatal_And_Damaging,1,0.4185293905517489,3
134,5,0.0125595820749567,84.4,74.52142206016408,13,18800.883866256798,50.50228310502279,Minor_Damage_And_Injuries,5,0.207205914172377,2
2949,2,0.5598621197280079,77.04,80.4010938924339,7,41494.368499835,73.42465753424659,Minor_Damage_And_Injuries,10,0.33702921024161503,2
10509,7,0.00269354190281644,83.5,68.003646308113,15,30457.891756663998,44.566210045662096,Minor_Damage_And_Injuries,3,0.338471691309052,2
9613,2,0.387182416712817,76.04,64.35733819507749,13,28612.869593143598,40.821917808219204,Significant_Damage_And_Serious_Injuries,1,0.30313090515687,2
7139,2,0.48771365612333,82.28,77.3473108477666,14,35967.375523048395,48.2191780821918,Minor_Damage_And_Injuries,2,0.243989181391994,1
7453,2,0.542719185044541,83.5,69.8723792160438,15,40116.9830129984,46.4383561643836,Minor_Damage_And_Injuries,4,0.33883231157591,2
5683,4,0.0750429331718821,82.45,72.0145852324522,17,40808.477420646,15.9817351598174,Highly_Fatal_And_Damaging,5,0.398695275874504,1
7777,3,0.20047717765955703,79.96,63.90154968094811,15,40724.08357913,33.3333333333333,Significant_Damage_And_Serious_Injuries,3,0.28762423368193296,2
8986,3,0.114860898932605,79.3,74.52142206016408,8,22921.0773301534,79.5433789954338,Significant_Damage_And_Fatalities,1,0.47839235485034204,2
1714,1,1.0371979078718199,78.0,79.489516864175,14,28364.6114565323,48.3561643835616,Minor_Damage_And_Injuries,4,0.32152253876667897,2
4822,5,0.0331635429635031,78.42,65.0865998176846,14,49250.693890035094,47.4885844748858,Minor_Damage_And_Injuries,2,0.354699603317706,3
1959,6,0.00482966112605034,75.61,88.4685505925251,7,17927.3384159879,59.315068493150704,Significant_Damage_And_Serious_Injuries,9,0.271756941940137,2
779,3,0.115148815425775,79.01,62.351868732907896,9,22999.9480219285,39.8173515981735,Highly_Fatal_And_Damaging,18,0.247234763793725,0
10769,7,0.0035315808394034702,77.16,62.944393801276206,10,37608.9061537303,71.7808219178082,Significant_Damage_And_Fatalities,9,0.639589614136314,3
1216,3,0.0983522686654718,78.21,68.04922515952599,14,20061.5449045476,37.671232876712295,Significant_Damage_And_Serious_Injuries,0,0.24002235845654502,2
6369,1,0.936484556293277,77.26,79.535095715588,12,25556.9388061089,29.1780821917808,Highly_Fatal_And_Damaging,1,0.281854309412189,2
1387,4,0.0636819837649643,80.71,66.5907019143118,12,35111.5284262414,32.511415525114195,Highly_Fatal_And_Damaging,7,0.35433898305084705,2
5195,7,0.0021044502931397897,81.81,49.2251595259799,10,24079.424360651603,75.4337899543379,Significant_Damage_And_Serious_Injuries,3,0.662308690948431,2
4231,2,0.41479169884689004,76.27,48.040109389243405,15,30701.4903580148,44.5205479452055,Highly_Fatal_And_Damaging,2,0.585857194374324,1
3569,6,0.006788015161854379,80.52,72.4247948951687,20,26501.394552042002,18.3561643835616,Significant_Damage_And_Serious_Injuries,12,0.350011539848539,2
6715,1,1.56365104590688,83.72,45.8067456700091,11,42207.8989235388,36.2557077625571,Significant_Damage_And_Fatalities,2,0.586939055174901,2
3285,3,0.182900974770969,81.93,60.9845031905196,21,36844.868269955696,0.9132420091324208,Highly_Fatal_And_Damaging,3,0.39508907320591397,1
11586,5,0.0199263679642517,81.52,77.073837739289,13,29216.4159909021,40.0456621004566,Significant_Damage_And_Serious_Injuries,1,0.24218608005769898,1
5437,7,0.00246153031373213,85.22,54.649042844120295,21,25720.916407571804,1.14155251141552,Highly_Fatal_And_Damaging,4,0.3352261089073211,2
3412,4,0.0610987818830487,77.42,67.50227894257071,7,33242.4580333152,47.899543378995396,Highly_Fatal_And_Damaging,1,0.26706887847097,1
11386,2,0.35528294208327504,88.11,64.7219690063811,20,26266.1389809758,4.65753424657534,Highly_Fatal_And_Damaging,13,0.40843202307969706,1
8360,1,1.0902659809403001,78.75,77.7575205104832,18,29232.006844660296,24.703196347031998,Significant_Damage_And_Serious_Injuries,1,0.39761341507392695,1
5832,2,0.613499622606416,81.26,67.0920692798541,16,45020.554349611506,19.1780821917808,Highly_Fatal_And_Damaging,20,0.35109340064911604,2
5682,3,0.0627235617216595,81.02,62.2607110300821,14,11809.795062478,25.616438356164398,Highly_Fatal_And_Damaging,3,0.461803822574828,3
9764,7,0.00284071646275224,79.64,56.8368277119417,8,30197.0499678191,82.7853881278539,Significant_Damage_And_Fatalities,4,0.331980526505589,2
9676,3,0.177465946816613,78.55,69.8268003646308,13,35704.4771368743,39.726027397260296,Significant_Damage_And_Serious_Injuries,7,0.39400721240533704,1
10868,1,1.3895795978568999,76.35,51.276207839562396,11,37726.6341340949,35.1141552511415,Significant_Damage_And_Fatalities,14,0.280411828344753,2
6069,2,0.178843572386274,77.82,70.464904284412,8,14453.967974121699,68.7671232876712,Minor_Damage_And_Injuries,1,0.272838802740714,1
3521,2,0.31726463837149105,78.38,64.9954421148587,8,23317.669902061698,57.077625570776206,Significant_Damage_And_Serious_Injuries,21,0.36083014785430895,2
10044,1,1.10323463410754,79.73,72.3792160437557,16,29978.3820723515,29.1324200913242,Significant_Damage_And_Serious_Injuries,14,0.324046880634692,3
4710,5,0.0308486982813762,77.36,80.08204193254329,14,45934.133475443894,47.945205479452,Minor_Damage_And_Injuries,8,0.23425243418680103,3
1768,7,0.00507361124995632,88.39,57.520510483135794,17,47592.316643138,25.251141552511395,Significant_Damage_And_Serious_Injuries,16,0.375615578795528,4
5835,3,0.135850462114308,77.75,60.1640838650866,21,27487.688802433197,17.7168949771689,Minor_Damage_And_Injuries,9,0.438363505228994,3
12439,2,0.12212240073769,76.14,70.3281677301732,10,6695.81475147089,61.7351598173516,Minor_Damage_And_Injuries,0,0.279329967544176,1
9110,2,0.501428821012912,80.54,81.22151321786691,6,36962.1315429362,95.2511415525114,Significant_Damage_And_Fatalities,17,0.23425243418680103,2
7075,3,0.15998293847651698,81.57,63.3546034639927,9,32094.804180156403,52.3744292237443,Highly_Fatal_And_Damaging,4,0.22595816804904398,2
1769,4,0.0480482439830435,78.38,62.944393801276206,12,25989.3630647294,32.3744292237443,Highly_Fatal_And_Damaging,11,0.312507032095204,1
9483,4,0.0726437651961764,81.15,60.9845031905196,21,39706.9339824623,2.7397260273972597,Highly_Fatal_And_Damaging,8,0.303852145690588,4
8378,1,1.01750757171657,78.94,65.8158614402917,15,27910.317545627997,45.6164383561644,Minor_Damage_And_Injuries,1,0.375615578795528,3
3143,6,0.0112415293720467,76.1,67.8213309024613,19,46027.181407644806,30.7305936073059,Minor_Damage_And_Injuries,1,0.38607356653443897,2
10371,7,0.00289124066348457,83.23,70.1002734731085,14,30864.81098715,60.5479452054795,Significant_Damage_And_Fatalities,25,0.384631085467003,4
8332,6,0.00701671348954173,75.64,80.4466727438469,7,26194.6862921461,60.22831050228311,Significant_Damage_And_Serious_Injuries,11,0.305294626758024,2
1888,2,0.545990855856288,79.42,59.9361896080219,12,40360.6120851516,56.9406392694064,Minor_Damage_And_Injuries,0,0.38715542733501596,2
12012,1,0.88583863584684,78.15,78.2588878760255,16,24605.471319082997,30.365296803653003,Significant_Damage_And_Serious_Injuries,9,0.427544897223224,3
9065,4,0.0865963416873615,82.01,80.8568824065634,15,47583.7459251384,55.0228310502283,Significant_Damage_And_Fatalities,2,0.28870609448251,2
7065,5,0.0241013125866483,80.34,80.4010938924339,12,37038.541445276496,55.0684931506849,Minor_Damage_And_Injuries,1,0.23425243418680103,2
493,2,0.44294859208894,76.56,66.0893345487694,10,32800.8368678312,60.5479452054795,Minor_Damage_And_Injuries,10,0.300967183555716,2
12372,2,0.36552924828075295,78.6,56.8368277119417,18,26930.376234739502,36.027397260274,Minor_Damage_And_Injuries,10,0.264183916336098,4
7166,2,0.46655214119750604,78.46,56.8824065633546,12,34473.7994438458,41.9178082191781,Minor_Damage_And_Injuries,0,0.522748647673999,2
10860,7,0.0032011061219487,78.84,72.4247948951687,17,36662.2802611695,15.4337899543379,Highly_Fatal_And_Damaging,17,0.306737107825459,4
2535,2,0.7730096114867209,81.56,73.4275296262534,13,59108.8771655082,50.0913242009132,Minor_Damage_And_Injuries,1,0.421053732419762,3
354,2,0.141934384599612,75.94,49.9544211485871,7,12502.181754700901,60.5479452054795,Minor_Damage_And_Injuries,21,0.357223945185719,1
10103,7,0.00315889699272442,77.98,54.69462169553329,8,36219.5213082148,79.7260273972603,Significant_Damage_And_Serious_Injuries,35,0.30854020915975394,1
4567,3,0.21005240992898103,78.83,79.3527803099362,8,42230.9202409014,57.4885844748858,Significant_Damage_And_Serious_Injuries,4,0.413120086548864,2
9743,4,0.100005416841789,79.06,67.6845943482224,15,54914.7987552472,21.2785388127854,Highly_Fatal_And_Damaging,7,0.505078254597908,1
8722,6,0.00594858504052171,80.65,95.4876937101185,15,24292.3426083081,32.8767123287671,Significant_Damage_And_Serious_Injuries,5,0.245071042192571,3
11525,2,0.5644650854823821,80.43,80.9480401093892,18,41697.1749234405,35.753424657534204,Minor_Damage_And_Injuries,8,0.298803461954562,4
2611,6,0.00443320081094456,80.03,68.3682771194166,13,17731.5542769187,50.136986301369895,Minor_Damage_And_Injuries,8,0.339553552109629,1
3173,1,1.5782905409573897,84.8,57.4293527803099,12,42866.579179189,42.328767123287705,Significant_Damage_And_Serious_Injuries,1,0.46649188604399605,1
1663,6,0.00832899694803638,77.78,63.3546034639927,14,34120.059024156,36.392694063926896,Significant_Damage_And_Serious_Injuries,13,0.460000721240533,3
9839,7,0.0037170874293526203,78.36,76.4813126709207,20,39152.7700279413,29.634703196346997,Minor_Damage_And_Injuries,4,0.26490515686981597,1
5796,7,0.00394519026872028,82.64,46.6271649954421,10,47232.0210882522,76.1187214611872,Significant_Damage_And_Serious_Injuries,6,0.539697800216372,1
2067,4,0.0914887092870471,76.86,58.6144029170465,18,49350.3336170917,35.7077625570776,Minor_Damage_And_Injuries,10,0.448100252434187,2
4569,4,0.0776846904276515,78.73,64.9954421148587,20,42476.368666169,4.29223744292237,Highly_Fatal_And_Damaging,10,0.457115759105661,2
9003,5,0.026949466655397998,80.29,61.6681859617138,16,39759.0225919132,42.4657534246575,Minor_Damage_And_Injuries,5,0.5122906599350879,3
4082,2,0.335642631444626,81.82,78.07657247037379,11,24926.7672088726,36.0730593607306,Highly_Fatal_And_Damaging,1,0.24110421925712197,2
5410,2,0.409147604414216,76.78,74.24794895168641,16,30384.1142456733,18.1735159817352,Highly_Fatal_And_Damaging,1,0.222351965380454,2
6102,3,0.214762760356308,79.22,68.3682771194166,11,43704.6859749562,48.401826484018294,Significant_Damage_And_Serious_Injuries,4,0.39797403534078596,0
5654,4,0.0193619574602432,86.57,69.5989061075661,13,11036.828202466499,28.949771689497698,Highly_Fatal_And_Damaging,8,0.350011539848539,2
2827,6,0.00707625704504583,75.2,79.39835916134909,14,28801.5388967117,37.7625570776256,Significant_Damage_And_Serious_Injuries,4,0.315752614496934,3
6628,5,0.0309501756806459,77.34,65.9981768459435,10,46371.5275238705,38.0821917808219,Highly_Fatal_And_Damaging,1,0.40590768121168397,0
7983,2,0.600082621498808,81.9,80.2643573381951,11,44163.048115641905,56.9406392694064,Minor_Damage_And_Injuries,39,0.318276956364948,2
1500,2,0.5861452517990551,79.42,57.520510483135794,12,43412.8879047271,54.109589041095894,Minor_Damage_And_Injuries,6,0.37092751532636103,2
2673,7,0.00411119172288155,84.01,60.57429352780311,10,42647.0633080233,73.607305936073,Significant_Damage_And_Fatalities,13,0.385352326000721,4
5436,1,1.2628155404651598,79.6,62.5341841385597,15,34328.0192022345,58.1278538812785,Significant_Damage_And_Fatalities,5,0.30745834835917796,0
5569,2,0.249372543587197,78.12,73.4731084776664,13,17636.0304067748,50.0,Minor_Damage_And_Injuries,2,0.463246303642264,2
11216,7,0.00171823991731958,77.51,57.520510483135794,14,22087.596284025,58.9954337899543,Significant_Damage_And_Fatalities,7,0.470819329246303,5
8632,6,0.00832792685338213,80.13,57.474931631722896,12,36617.7244387796,55.662100456621,Minor_Damage_And_Injuries,4,0.37092751532636103,3
3787,3,0.19201166810753603,80.12,32.7256153144941,6,38888.753009181804,91.2328767123288,Significant_Damage_And_Serious_Injuries,3,0.5642199783627839,1
6577,6,0.0035981058834733295,77.19,75.432999088423,19,15487.532267365701,20.410958904109602,Significant_Damage_And_Serious_Injuries,3,0.335586729174179,1
11367,2,0.444553307539715,79.23,66.4995442114859,17,32739.2459757613,38.4474885844749,Minor_Damage_And_Injuries,9,0.41672628921745397,2
11761,3,0.0920649095425722,76.2,76.66362807657251,13,17927.3384159879,40.6392694063927,Significant_Damage_And_Serious_Injuries,1,0.272117562206996,2
1455,7,0.00313031016237267,80.88,73.3819507748405,8,36493.1943544014,80.5936073059361,Significant_Damage_And_Fatalities,11,0.21441831950955603,2
3316,7,0.0024008732129236396,76.92,71.0118505013674,14,24523.027144472202,48.538812785388096,Minor_Damage_And_Injuries,2,0.52238802740714,1
4637,6,0.00645292114033313,77.83,74.4758432087512,13,26355.2077380812,39.4520547945205,Significant_Damage_And_Serious_Injuries,2,0.321883159033537,2
732,1,1.02676320216031,79.99,56.8824065633546,10,27752.8670889775,36.7579908675799,Significant_Damage_And_Fatalities,5,0.48308041831950893,1
3782,2,0.640473588799548,80.47,57.247037374658206,10,47324.952775232996,61.41552511415521,Minor_Damage_And_Injuries,1,0.421053732419762,2
3327,3,0.0587975074186055,83.37,79.6718322698268,10,12231.5253318163,48.538812785388096,Significant_Damage_And_Serious_Injuries,1,0.24002235845654502,4
4,7,0.00388714884711794,76.74,87.0556061987238,8,45783.5276614128,44.20091324200911,Highly_Fatal_And_Damaging,20,0.24543166245943,2
9459,6,0.0047923018675796,77.01,68.91522333637201,19,18000.505628973602,8.0365296803653,Highly_Fatal_And_Damaging,0,0.27139632167327804,2
2339,2,0.37605712426733395,80.83,77.1649954421149,13,27941.9368909525,50.365296803653,Minor_Damage_And_Injuries,11,0.243989181391994,2
9241,4,0.0594585122059251,79.39,59.799453053783104,5,31988.1959886504,75.296803652968,Minor_Damage_And_Injuries,8,0.6341803101334289,1
11403,1,1.1418573845188,82.31,66.2716499544212,20,30966.1598251022,29.634703196346997,Minor_Damage_And_Injuries,4,0.368403173458348,3
5086,2,0.653900333012144,81.09,63.90154968094811,17,49106.3559589155,36.7579908675799,Minor_Damage_And_Injuries,3,0.401580238009376,2
1817,7,0.00426087484941131,77.98,53.783044667274396,5,44372.3689299579,77.6712328767123,Minor_Damage_And_Injuries,3,0.317916336098088,0
548,5,0.0210757990183275,80.26,84.68550592525071,9,30107.346641430602,63.972602739726,Minor_Damage_And_Injuries,2,0.24831662459430198,1
10349,4,0.0594145703785473,79.7,82.4521422060164,14,32222.0358753946,26.2100456621005,Highly_Fatal_And_Damaging,0,0.17438946988820703,1
8723,4,0.0771509846485153,78.61,69.37101185050139,7,42414.403832472795,47.9908675799087,Highly_Fatal_And_Damaging,18,0.474425531914894,1
5841,4,0.0736990760111261,79.16,74.06563354603459,16,40072.976624729,19.954337899543397,Highly_Fatal_And_Damaging,0,0.23821925712225,1
5706,6,0.00831329091991792,78.94,52.415679124886104,14,36969.1983790329,61.41552511415521,Highly_Fatal_And_Damaging,4,0.476589253516048,2
5726,4,0.055322645707744006,78.15,85.5515041020967,15,30415.652244997997,20.1826484018265,Highly_Fatal_And_Damaging,0,0.28005120807789396,3
5192,4,0.0629806082659153,79.94,68.3682771194166,8,34302.7258502924,43.6529680365297,Highly_Fatal_And_Damaging,1,0.27752686620988104,1
2173,7,0.00412999471383646,78.04,71.55879671832271,14,43511.628969812205,48.8584474885845,Minor_Damage_And_Injuries,23,0.339914172376487,2
12268,7,0.00255080018652134,79.21,55.6061987237922,17,28162.0204173235,27.8538812785388,Significant_Damage_And_Serious_Injuries,1,0.547270825820411,2
5918,3,0.17874729903316897,81.92,58.5232452142206,13,35800.955661762404,40.86757990867579,Significant_Damage_And_Serious_Injuries,0,0.312507032095204,2
11215,3,0.160373891897123,76.67,61.212397447584294,11,32114.7155845654,46.62100456620999,Significant_Damage_And_Serious_Injuries,1,0.43042985935809597,2
1376,3,0.170645148830517,81.82,74.74931631722879,18,34305.0853441854,23.6986301369863,Significant_Damage_And_Serious_Injuries,15,0.532124774612333,0
11703,7,0.00265908783298855,79.81,75.38742023701,19,31856.303382075897,43.2420091324201,Significant_Damage_And_Fatalities,12,0.33306238730616605,2
5051,2,0.35522411724213504,84.82,59.6627164995442,15,26158.0508321166,46.1187214611872,Minor_Damage_And_Injuries,13,0.40807140281283794,2
10842,3,0.11181320478679901,85.3,78.4867821330902,15,22592.550262073797,33.2420091324201,Significant_Damage_And_Serious_Injuries,0,0.38607356653443897,2
749,1,1.4555457078975702,85.26,48.268003646308095,11,39723.5631584225,35.2511415525114,Significant_Damage_And_Fatalities,4,0.438002884962135,1
11489,7,0.00288591349627339,78.35,74.61257976299,13,28201.7353365839,63.1963470319635,Significant_Damage_And_Fatalities,5,0.24110421925712197,2
9481,4,0.0717190222705393,75.71,71.0118505013674,15,38935.4545879021,22.648401826483997,Highly_Fatal_And_Damaging,3,0.267790119004688,4
635,7,0.00306731378906429,78.09,62.07839562443029,14,34128.1254562718,34.6118721461187,Significant_Damage_And_Serious_Injuries,6,0.35217526144969297,2
1791,6,0.00652784933163401,77.39,49.179580674567006,14,26744.8667985702,25.8904109589041,Significant_Damage_And_Fatalities,2,0.40266209880995296,2
10169,6,0.00043630082173007996,77.17,79.535095715588,12,11622.0104423322,44.1552511415525,Significant_Damage_And_Serious_Injuries,3,0.320440677966102,3
4800,4,0.0290802124759881,80.14,92.9808568824066,15,16233.8332153718,20.4566210045662,Highly_Fatal_And_Damaging,8,0.15924341868013,2
7749,7,0.0021852795760138,81.15,67.4111212397448,15,26424.9508350846,56.712328767123296,Significant_Damage_And_Fatalities,6,0.352535881716553,2
5817,5,0.0268038442368048,79.99,64.4940747493163,11,39242.1984983224,57.077625570776206,Highly_Fatal_And_Damaging,22,0.27788748647674,2
3284,3,0.122543644144534,83.08,58.2953509571559,16,24455.0250063736,28.8584474885845,Significant_Damage_And_Serious_Injuries,11,0.317555715831229,1
7791,6,0.0113685931153539,80.98,88.6508659981769,10,46306.1920701527,49.5890410958904,Significant_Damage_And_Serious_Injuries,3,0.17330760908763,3