Accident_ID,Accident_Type_Code,Adverse_Weather_Metric,Cabin_Temperature,Control_Metric,Days_Since_Inspection,Max_Elevation,Safety_Score,Severity,Total_Safety_Complaints,Turbulence_In_gforces,Violations
12238,2,0.305041894227416,81.1,64.2661804922516,12,22730.4709071459,32.557077625570805,Highly_Fatal_And_Damaging,5,0.20900901550667103,1
10502,2,0.27248602472930106,80.42,66.0893345487694,10,20083.325393226598,61.0502283105023,Minor_Damage_And_Injuries,15,0.41744752975117205,2
8110,2,0.6221652043678599,78.22,69.5533272561531,13,45878.87959122151,50.5936073059361,Minor_Damage_And_Injuries,5,0.351454020915975,1
5617,2,0.47876329269109,83.6,82.1786690975388,13,35377.2441941688,52.4657534246575,Minor_Damage_And_Injuries,1,0.318276956364948,3
10856,2,0.512288112606264,76.13,64.35733819507749,14,37854.0579003469,49.4520547945205,Minor_Damage_And_Injuries,6,0.406268301478543,3
1046,7,0.00440429373420935,79.6,49.589790337283496,11,48569.5562852462,59.178082191780796,Significant_Damage_And_Serious_Injuries,10,0.44413342949873796,3
2277,4,0.0824277038157889,79.03,41.5223336371923,17,44419.3376204782,12.694063926940599,Significant_Damage_And_Fatalities,3,0.556286332491886,2
7378,7,0.0035784413481083103,80.19,57.520510483135794,15,39152.9933728058,56.712328767123296,Significant_Damage_And_Fatalities,12,0.727941579516768,3
2894,2,0.45324629318165505,83.9,52.3245214220602,18,33591.98082476,12.694063926940599,Significant_Damage_And_Fatalities,6,0.438002884962135,2
11207,6,0.00566677045077366,82.43,53.281677301731996,13,23192.1558746436,40.86757990867579,Minor_Damage_And_Injuries,0,0.310703930760908,2
10426,3,0.171753655949522,79.78,80.1731996353692,14,34176.1227163592,37.5799086757991,Significant_Damage_And_Serious_Injuries,1,0.36083014785430895,1
6941,7,0.0033269313762775,78.23,65.587967183227,14,34971.7377869548,25.8904109589041,Highly_Fatal_And_Damaging,1,0.36984565452578405,2
6123,7,0.00303558007367732,80.8,45.897903372834996,13,33999.249757659905,50.86757990867579,Highly_Fatal_And_Damaging,10,0.668078615218175,2
12267,1,1.11090302185844,78.13,56.8824065633546,15,30282.7718455263,30.776255707762605,Minor_Damage_And_Injuries,14,0.491735304724126,0
2655,2,0.349996580988271,78.97,68.64175022789429,15,25854.9503626354,45.0684931506849,Minor_Damage_And_Injuries,3,0.40482582041110704,4
3717,4,0.0304735173357446,82.49,71.2397447584321,13,15658.684870885701,27.579908675799103,Highly_Fatal_And_Damaging,28,0.329095564370718,2
2700,3,0.121754699866092,79.09,73.1540565177758,14,24487.7919532445,37.7625570776256,Significant_Damage_And_Serious_Injuries,0,0.22343382618103103,3
2818,2,0.5851560495518521,84.41,62.07839562443029,7,43489.020781232204,60.9132420091324,Highly_Fatal_And_Damaging,6,0.29700036062026697,1
10705,1,0.7864157598875471,79.72,57.8851412944394,15,21202.4057836347,35.0228310502283,Significant_Damage_And_Serious_Injuries,8,0.350372160115398,1
8258,7,0.0037170874293526203,75.96,88.4685505925251,4,40762.813278056805,77.3059360730594,Significant_Damage_And_Serious_Injuries,2,0.28509989181392,4
10721,2,0.41108465023628704,79.22,63.719234275296294,11,30194.805567351203,57.0319634703196,Minor_Damage_And_Injuries,5,0.22523692751532604,3
819,4,0.0618975217848126,77.3,55.5150410209663,11,33896.511689160696,45.0684931506849,Minor_Damage_And_Injuries,2,0.578644789037144,2
10018,7,0.00248377555471595,77.65,62.8988149498633,16,25175.008694098102,18.1735159817352,Highly_Fatal_And_Damaging,3,0.36948503425892504,1
8259,4,0.0729306439109475,78.46,62.944393801276206,19,39698.855046421,20.5022831050228,Significant_Damage_And_Serious_Injuries,0,0.509405697800216,2
3658,5,0.0306965840601816,81.82,65.1777575205105,17,44701.648582514805,26.621004566210004,Significant_Damage_And_Serious_Injuries,0,0.36984565452578405,2
9395,4,0.0865139983925863,86.58,72.3792160437557,9,46938.709331052196,41.0958904109589,Highly_Fatal_And_Damaging,1,0.516978723404255,3
3157,7,0.0024057624320687303,79.78,51.8231540565178,4,25644.4684192504,77.3059360730594,Significant_Damage_And_Serious_Injuries,2,0.509045077533357,1
4154,3,0.225104799742964,79.1,55.9252506836828,13,45002.0079321222,41.5068493150685,Minor_Damage_And_Injuries,2,0.46901622791200803,2
5978,3,0.17089911377233,79.17,66.7730173199635,12,34480.663199033,44.0639269406393,Significant_Damage_And_Serious_Injuries,14,0.319719437432383,1
12299,7,0.00148033397409175,80.43,81.7228805834093,11,13945.5728661169,35.205479452054796,Highly_Fatal_And_Damaging,0,0.29555787955283,1
1571,2,0.39227281167258293,80.05,85.278030993619,13,28885.5732444725,52.1917808219178,Minor_Damage_And_Injuries,3,0.232088712585647,1
8774,4,0.0712119379602541,78.75,73.6554238833182,8,39274.9908549468,46.3470319634703,Highly_Fatal_And_Damaging,3,0.388958528669311,1
3140,6,0.0073704311184556405,76.89,79.2160437556974,13,29311.5725785883,28.0365296803653,Highly_Fatal_And_Damaging,10,0.36119076812116796,3
1101,7,0.00370085096690646,78.5,41.2944393801276,17,39222.4051184905,51.41552511415521,Significant_Damage_And_Serious_Injuries,11,0.7142380093761259,3
11469,1,0.502479778109646,76.89,68.91522333637201,8,13938.951027036299,44.703196347032005,Highly_Fatal_And_Damaging,0,0.25084096646231496,1
10385,2,0.47352544002111396,77.6,50.6836827711942,12,35070.3331931138,53.7899543378995,Highly_Fatal_And_Damaging,17,0.495341507392715,2
3868,3,0.15378800083089,80.65,78.9881494986326,8,31143.0404321038,57.1232876712329,Significant_Damage_And_Serious_Injuries,11,0.41420194734944105,2
12108,7,0.00307977328659493,75.8,52.82588878760261,11,33573.269939903505,70.5022831050228,Significant_Damage_And_Serious_Injuries,1,0.377058059862964,3
5328,3,0.199585420560171,78.29,53.7374658158614,12,39901.7557524519,43.1963470319635,Minor_Damage_And_Injuries,3,0.461803822574828,3
7565,2,0.32022960837060305,80.91,67.0464904284412,14,23787.7963047131,49.2237442922374,Minor_Damage_And_Injuries,22,0.276084385142445,2
2153,2,0.277200205655643,84.42,49.6809480401094,8,20482.4787022466,68.1278538812785,Highly_Fatal_And_Damaging,8,0.4372816444284171,1
2672,4,0.0888961552082543,76.3,85.18687329079309,8,48820.2733551817,44.0639269406393,Highly_Fatal_And_Damaging,6,0.212254597908403,1
1813,4,0.0798112391732618,84.3,69.64448495897899,13,43635.754690978596,30.0,Highly_Fatal_And_Damaging,11,0.351454020915975,2
4792,4,0.106775559667783,80.79,91.79580674566999,14,53915.3329941275,25.8904109589041,Highly_Fatal_And_Damaging,0,0.22379444644789004,1
7142,1,1.6827248753265402,81.05,54.32999088422971,16,45027.3857299155,18.310502283105,Significant_Damage_And_Fatalities,0,0.527797331410025,2
6821,4,0.0454494695366295,80.82,67.6845943482224,18,24814.5695668771,35.2511415525114,Minor_Damage_And_Injuries,3,0.340996033177064,0
3656,4,0.0742913315746002,82.02,65.587967183227,13,40231.6795447782,27.305936073059396,Highly_Fatal_And_Damaging,0,0.414923187883159,3
8687,5,0.0213563557462063,78.15,48.31358249772101,13,31846.9183744288,52.648401826484005,Minor_Damage_And_Injuries,5,0.42898737829066,3
11682,4,0.0375914964961934,75.8,76.9371011850502,11,20761.9844156144,59.634703196347,Minor_Damage_And_Injuries,6,0.426823656689506,3
12177,6,0.00618362691761325,79.88,62.0328167730173,21,25720.916407571804,0.9132420091324208,Highly_Fatal_And_Damaging,1,0.42538117562207,0
12394,4,0.0664512614802825,80.12,49.2707383773929,14,36256.6780282692,25.570776255707802,Significant_Damage_And_Fatalities,0,0.5822509917057329,1
116,7,0.0032737912486277302,78.83,64.8587055606199,10,35320.9454536098,73.5159817351598,Significant_Damage_And_Fatalities,4,0.365518211323476,2
8040,2,0.39343991378378207,83.56,97.9945305378305,11,29255.426646695,57.899543378995396,Minor_Damage_And_Injuries,1,0.30349152542372904,3
2652,3,0.15409292483065698,76.09,75.8432087511395,11,31091.676652706697,45.15981735159821,Significant_Damage_And_Serious_Injuries,2,0.3849917057338621,2
6824,6,0.008126749115812,78.11,72.8350045578852,16,32746.1554861564,54.109589041095894,Significant_Damage_And_Fatalities,7,0.364796970789758,1
120,3,0.0772169276038119,79.79,56.8824065633546,12,15484.3550813391,42.191780821917796,Minor_Damage_And_Injuries,0,0.47190119004688,2
5801,6,0.00649134340495729,86.42,45.62443026435739,12,26633.963633313397,54.2922374429224,Significant_Damage_And_Serious_Injuries,1,0.414923187883159,2
5493,3,0.144784763505103,80.98,76.5268915223336,16,29033.7904189909,27.4885844748858,Significant_Damage_And_Serious_Injuries,0,0.22884313018391603,1
4247,6,0.0109591638752286,78.99,71.3764813126709,18,43767.580522752,13.37899543379,Highly_Fatal_And_Damaging,17,0.254447169130905,2
11210,2,0.590221750336164,77.65,62.7620783956244,16,43812.8657268761,42.4657534246575,Minor_Damage_And_Injuries,0,0.47190119004688,3
3064,2,0.321668685211402,78.84,56.8368277119417,20,23734.784719260497,28.949771689497698,Highly_Fatal_And_Damaging,8,0.30349152542372904,2
6045,7,0.00295124691136514,79.23,67.4111212397448,17,34641.5118628154,38.4474885844749,Minor_Damage_And_Injuries,9,0.24543166245943,4
9413,7,0.00365418246901781,81.78,76.207839562443,7,40526.0175006294,51.7351598173516,Highly_Fatal_And_Damaging,6,0.3352261089073211,3
10667,1,1.41050359096262,76.42,79.5806745670009,18,38318.5677725656,9.08675799086758,Highly_Fatal_And_Damaging,19,0.26815073927154703,1
603,3,0.114141494579157,80.9,35.824977210574296,18,22888.0824961257,22.8767123287671,Minor_Damage_And_Injuries,2,0.869304724125496,3
5177,7,0.0024765215834295397,80.83,82.3609845031905,9,25796.9485308804,42.9680365296804,Highly_Fatal_And_Damaging,24,0.395810313739632,0
3801,1,1.04600375319121,78.06,54.649042844120295,16,28193.962254837003,31.0958904109589,Minor_Damage_And_Injuries,1,0.442330328164443,1
9029,4,0.0665314538675571,80.55,59.89061075660889,15,36059.2215837245,20.5022831050228,Highly_Fatal_And_Damaging,9,0.267429498737829,2
8065,2,0.650803040016768,85.61,55.241567912488605,14,48162.872289348205,36.8493150684931,Minor_Damage_And_Injuries,13,0.541140281283808,4
3996,6,0.00692026563628655,79.92,49.9544211485871,7,27551.103527028703,59.04109589041099,Minor_Damage_And_Injuries,5,0.5436646231518211,2
9523,7,0.0016141149806429599,83.29,75.75205104831359,13,17099.5183995257,63.1963470319635,Significant_Damage_And_Fatalities,12,0.388597908402452,5
2630,2,0.450817704051099,78.8,89.42570647219691,14,33395.5017361782,47.0319634703196,Minor_Damage_And_Injuries,2,0.21766390191128698,2
4893,2,0.537889903702334,81.36,63.90154968094811,17,39760.7683448495,15.4337899543379,Highly_Fatal_And_Damaging,4,0.28762423368193296,4
3675,1,1.0902659809403001,79.74,48.222424794895204,11,29433.300719752202,36.2557077625571,Significant_Damage_And_Fatalities,5,0.6803397042913809,1
5641,4,0.0409263541820256,79.09,62.07839562443029,14,22429.337175223198,34.7488584474886,Significant_Damage_And_Serious_Injuries,5,0.40807140281283794,2
11987,4,0.0776846904276515,78.86,79.8997265268915,7,42329.0179287936,49.2694063926941,Highly_Fatal_And_Damaging,0,0.24579228272628895,3
4362,2,0.209602822932632,76.11,80.35551504102101,15,16149.317703506398,34.2922374429224,Significant_Damage_And_Serious_Injuries,0,0.19638730616660602,2
634,4,0.0502229972557038,78.71,65.587967183227,12,27140.4145321285,33.2420091324201,Highly_Fatal_And_Damaging,9,0.19350234403173397,3
6140,2,0.572514343273642,76.28,65.9070191431176,6,42303.4059989138,76.6666666666667,Minor_Damage_And_Injuries,12,0.338471691309052,3
6292,3,0.20988934904073603,82.23,61.5770282588879,13,41940.409465723,29.7260273972603,Highly_Fatal_And_Damaging,0,0.36732131265777096,1
1621,2,0.668862532692016,80.0,76.9826800364631,14,49881.270365448094,47.0319634703196,Minor_Damage_And_Injuries,13,0.324768121168409,2
3671,5,0.0123379841602936,78.14,66.1349134001823,11,14532.7383864601,47.1232876712329,Significant_Damage_And_Serious_Injuries,9,0.337750450775333,2
7330,2,0.394277173347948,75.99,71.285323609845,14,29143.7545487936,48.8584474885845,Minor_Damage_And_Injuries,23,0.190617381896862,3
5419,4,0.0667215904701951,80.07,65.67912488605289,17,36350.8751542663,14.4748858447489,Highly_Fatal_And_Damaging,2,0.5209455463397039,1
5358,4,0.08203656049267301,82.23,61.5770282588879,13,44952.516880075,29.7716894977169,Highly_Fatal_And_Damaging,10,0.37597619906238705,3
4092,5,0.0204097469183588,76.75,60.9845031905196,15,30122.3193576333,46.4840182648402,Minor_Damage_And_Injuries,7,0.27969058781103495,2
9833,5,0.026629536451197002,77.25,40.838650865998204,16,39496.160018679104,53.1963470319635,Highly_Fatal_And_Damaging,3,0.45603389830508395,3
324,3,0.19665478666366898,81.38,85.6882406563355,8,39455.0809877443,55.342465753424705,Significant_Damage_And_Serious_Injuries,3,0.27752686620988104,2
10887,4,0.0555626545336938,80.37,57.8395624430264,10,30242.206687052203,37.3059360730594,Highly_Fatal_And_Damaging,2,0.333423007573026,1
1302,2,0.34943843269916,80.98,63.3546034639927,15,25874.965752170097,46.027397260274,Minor_Damage_And_Injuries,3,0.453509556437072,1
2228,1,1.07538543423334,84.82,55.2871467639016,18,29321.831726875098,24.6118721461187,Minor_Damage_And_Injuries,4,0.37128813559322,0
7170,6,0.0063751423047172205,80.2,84.1841385597083,14,25111.174904879503,24.383561643835602,Highly_Fatal_And_Damaging,2,0.301327803822575,2
62,4,0.06960315579659199,79.54,80.8568824065634,15,37935.8016532287,44.566210045662096,Minor_Damage_And_Injuries,0,0.358305805986296,3
4798,1,1.4947197458645503,77.04,56.19872379216039,15,40226.4770095902,32.2831050228311,Minor_Damage_And_Injuries,0,0.547270825820411,0
10192,5,0.0297081807839066,80.96,61.3947128532361,13,45084.5487151254,28.3561643835616,Highly_Fatal_And_Damaging,8,0.26851135953840605,2
4492,6,0.00947138341406335,79.99,59.799453053783104,14,39818.7823826373,24.9771689497717,Highly_Fatal_And_Damaging,9,0.38282798413270797,2
8338,6,0.0105196245590474,79.03,38.149498632634504,18,44048.3653944557,12.694063926940599,Significant_Damage_And_Fatalities,6,0.7546274792643342,3
7936,4,0.062953935151325,78.04,69.18869644484961,16,34283.774615736096,17.077625570776302,Highly_Fatal_And_Damaging,19,0.325849981968986,1
9046,4,0.0845834601765373,80.27,66.2716499544212,13,46371.5275238705,26.9406392694064,Highly_Fatal_And_Damaging,1,0.42285683375405697,2
8876,6,0.0063759772329392795,84.48,91.20328167730172,14,25377.6648055458,36.8493150684931,Significant_Damage_And_Serious_Injuries,11,0.27139632167327804,2
9829,6,0.00926439171560809,76.58,62.1695533272562,14,36736.6428204931,36.0730593607306,Significant_Damage_And_Serious_Injuries,4,0.496423368193292,0
8822,3,0.0968805392839517,81.83,69.00638103919779,13,19018.7051126649,39.2694063926941,Significant_Damage_And_Serious_Injuries,3,0.253725928597187,4
7103,4,0.0528505428278382,76.89,79.3527803099362,11,29572.3317315177,36.392694063926896,Highly_Fatal_And_Damaging,2,0.199632888568337,3
1535,5,0.00868877979364907,81.11,70.8751139471286,11,12666.7712047322,36.2557077625571,Highly_Fatal_And_Damaging,2,0.339914172376487,0
2295,6,0.00559553599617865,79.37,65.6335460346399,20,23081.839828003198,18.3561643835616,Significant_Damage_And_Serious_Injuries,3,0.282575549945907,1
7108,1,0.569124611333397,79.19,73.0173199635369,6,16229.7283441618,62.3744292237443,Significant_Damage_And_Serious_Injuries,1,0.279329967544176,2
11619,1,0.7410000858734129,79.32,74.61257976299,16,20313.4761672518,19.1324200913242,Highly_Fatal_And_Damaging,6,0.23894049765596803,2
2012,1,1.2684727108881002,79.15,34.8678213309025,8,34325.6150767811,42.5570776255708,Significant_Damage_And_Fatalities,12,0.499308330328164,3
7998,3,0.14794422081512001,77.6,74.88605287146758,11,29664.8117944913,45.7534246575342,Significant_Damage_And_Serious_Injuries,4,0.233531193653083,0
12379,4,0.0595803417965499,78.28,76.3445761166819,4,32690.625773518397,58.4474885844749,Highly_Fatal_And_Damaging,20,0.292672917417959,2
7976,5,0.0244045214906998,79.28,69.1431175934367,14,35553.1857893287,37.3972602739726,Significant_Damage_And_Serious_Injuries,1,0.304573386224305,2
5379,1,1.43817383028133,78.37,56.426618049225205,10,39396.116621502,36.4383561643836,Significant_Damage_And_Fatalities,5,0.48632600072124,1
11929,3,0.16396237774710998,84.53,72.151321786691,16,32811.5825060404,18.7671232876712,Highly_Fatal_And_Damaging,7,0.27969058781103495,3
9337,3,0.192253394616584,84.51,72.4247948951687,13,38521.3038909916,38.767123287671204,Significant_Damage_And_Serious_Injuries,0,0.38679480706815705,2
5521,1,1.1584993148904599,77.04,59.252506836827706,18,31491.27635949,12.4657534246575,Highly_Fatal_And_Damaging,3,0.392204111071042,3
12180,3,0.18705950079338501,77.8,82.0875113947128,9,37541.6763730355,52.9223744292237,Significant_Damage_And_Serious_Injuries,0,0.271756941940137,4
572,6,0.00707802165652397,79.56,63.3546034639927,13,30660.2752933007,38.584474885844706,Significant_Damage_And_Serious_Injuries,11,0.298442841687703,2
4897,2,0.4244823581168529,75.15,89.88149498632629,19,31250.1583662827,6.347031963470321,Highly_Fatal_And_Damaging,6,0.219827623512441,3
2044,3,0.174775775733067,76.12,39.8814949863264,4,35044.208837477796,77.3059360730594,Significant_Damage_And_Serious_Injuries,2,0.40662892174540205,2
9645,1,0.9772734859342791,80.5,62.1695533272562,15,26397.203120675098,21.2328767123288,Highly_Fatal_And_Damaging,2,0.337750450775333,3
9671,3,0.0540905537896018,84.03,67.4567000911577,7,11265.917788590301,60.136986301369895,Significant_Damage_And_Serious_Injuries,20,0.409513883880274,3
8403,2,0.5201902304072461,79.69,69.7812215132179,10,38384.4318243461,51.1872146118721,Significant_Damage_And_Serious_Injuries,7,0.350372160115398,1
2437,3,0.0751392310460593,77.91,54.056517775752106,9,14353.584663068501,40.5479452054794,Significant_Damage_And_Fatalities,4,0.38030364226469504,3
6504,6,0.00597945010552193,80.45,74.0200546946217,15,24784.663871210498,54.885844748858396,Significant_Damage_And_Fatalities,2,0.237498016588532,1
5364,3,0.15193198627823,81.13,61.71376481312671,19,30406.022230075097,31.552511415525103,Minor_Damage_And_Injuries,7,0.311425171294627,3
448,4,0.067847155870399,77.04,47.9033728350046,17,36683.459920566296,16.1187214611872,Significant_Damage_And_Fatalities,0,0.49389902632527904,1
11545,1,0.619400816440287,82.81,60.4375569735643,11,17786.0713596076,47.44292237442921,Significant_Damage_And_Serious_Injuries,0,0.5036357735304721,3
4044,7,0.00310121839325321,78.23,76.02552415679129,14,33945.4313005177,25.707762557077604,Highly_Fatal_And_Damaging,0,0.386434186801298,1
8555,4,0.0454494695366295,79.34,60.665451230628996,8,24865.1960841046,44.0182648401826,Highly_Fatal_And_Damaging,1,0.476228633249188,2
756,4,0.0513502290422108,80.23,62.57976298997271,13,28542.004184011003,41.5525114155251,Significant_Damage_And_Serious_Injuries,8,0.4372816444284171,0
3310,3,0.134611369951369,82.97,68.3226982680037,15,26859.1915363265,33.972602739726,Significant_Damage_And_Serious_Injuries,2,0.134,4
10090,2,0.572514343273642,78.49,66.4995442114859,10,42059.5289116091,62.0091324200913,Minor_Damage_And_Injuries,1,0.40013775694194004,0
11675,5,0.0195516826413514,83.51,86.78213309024609,15,30619.787367647,44.4748858447489,Minor_Damage_And_Injuries,0,0.240382978723404,0
533,5,0.0237738830758447,79.61,57.474931631722896,16,34887.2172055117,42.283105022831,Minor_Damage_And_Injuries,7,0.662308690948431,2
3241,6,0.0116993176601363,81.04,74.0200546946217,17,45934.133475443894,50.0456621004566,Significant_Damage_And_Fatalities,18,0.25084096646231496,2
9479,4,0.0867404728643644,77.21,54.056517775752106,9,47156.9384261401,40.5479452054794,Significant_Damage_And_Fatalities,7,0.592348359177785,2
11917,3,0.214244804931175,83.41,58.933454876937105,7,43564.0944400642,82.7853881278539,Significant_Damage_And_Fatalities,21,0.397252794807068,2
9794,3,0.21702404758172897,85.22,54.649042844120295,21,43590.4452092247,0.9132420091324208,Highly_Fatal_And_Damaging,1,0.333423007573026,2
7995,7,0.0036732736102859796,79.52,82.04193254329991,14,37519.0138460733,23.607305936073104,Highly_Fatal_And_Damaging,7,0.355060223584565,1
7740,1,1.5556538287658601,76.75,76.9371011850502,17,42453.4527180898,25.251141552511395,Significant_Damage_And_Serious_Injuries,3,0.355060223584565,1
9910,3,0.16754135401837303,82.14,67.5934366453965,16,33951.338673945,30.9132420091324,Significant_Damage_And_Serious_Injuries,1,0.251922827262892,3
3536,7,0.00282719073422966,81.1,84.8678213309025,11,28435.803708752403,71.6438356164383,Significant_Damage_And_Fatalities,17,0.168980165885323,3
11663,4,0.0595803417965499,79.39,66.4539653600729,10,32677.2060754324,38.2648401826484,Highly_Fatal_And_Damaging,2,0.474064911648034,2
4523,4,0.0802287917843594,82.3,66.9097538742024,12,43852.845351907796,29.7716894977169,Highly_Fatal_And_Damaging,3,0.35542084385142403,2
7585,7,0.0010359524358996301,77.07,69.18869644484961,19,14342.690654811202,42.0547945205479,Significant_Damage_And_Fatalities,9,0.38030364226469504,3
5843,1,0.9388623453591322,76.67,58.5232452142206,14,25614.2995298067,24.8858447488584,Highly_Fatal_And_Damaging,19,0.508323836999639,3
2857,7,0.0025342470403040603,80.41,61.212397447584294,10,26727.9540994319,74.2009132420091,Significant_Damage_And_Fatalities,0,0.272478182473855,3
1490,4,0.0363976969306029,79.77,72.97174111212401,13,19708.0688070303,63.1963470319635,Significant_Damage_And_Fatalities,1,0.364796970789758,0
3050,4,0.0575081967404916,78.5,89.51686417502279,15,30792.6950346444,45.342465753424705,Minor_Damage_And_Injuries,5,0.17330760908763,4
7690,1,1.56620755459219,79.33,46.03463992707379,14,42902.3849751326,47.6255707762557,Highly_Fatal_And_Damaging,1,0.40482582041110704,3
6825,1,0.647130362493558,76.95,59.9817684594348,15,17590.8270501035,46.1187214611872,Minor_Damage_And_Injuries,0,0.517339343671114,3
10266,3,0.12396161478991599,79.23,59.2980856882407,13,24865.1960841046,37.9908675799087,Significant_Damage_And_Serious_Injuries,0,0.492095924990984,2
12154,3,0.189029307357235,85.58,46.080218778486795,9,37882.5272097875,41.0045662100457,Significant_Damage_And_Fatalities,10,0.5458283447529749,2
8503,4,0.0760172273487276,76.89,79.8997265268915,11,41401.7229807727,36.164383561643795,Highly_Fatal_And_Damaging,0,0.355060223584565,2
4319,3,0.187016357171913,79.46,69.1431175934367,12,37571.9051001859,42.100456621004604,Significant_Damage_And_Serious_Injuries,2,0.38030364226469504,3
1563,1,1.38171570133232,77.6,64.0382862351869,12,37533.1751075407,30.7305936073059,Highly_Fatal_And_Damaging,1,0.514093761269383,0
10163,7,0.0036254721411716397,81.97,75.6608933454877,18,40231.6795447782,10.867579908675802,Highly_Fatal_And_Damaging,1,0.38823728813559294,4
10940,6,0.00847670132384697,79.43,61.303555150410205,14,34715.2361473509,36.5753424657534,Significant_Damage_And_Serious_Injuries,7,0.344241615578795,2
5300,6,0.00500979728337652,78.54,78.7602552415679,17,21680.6165955373,26.2557077625571,Significant_Damage_And_Serious_Injuries,4,0.39833465560764497,2
11364,3,0.173410918167831,76.35,52.9626253418414,11,34748.4877263288,36.2557077625571,Significant_Damage_And_Fatalities,5,0.286181752614497,2
4013,6,0.008917266769996341,80.76,64.5396536007293,19,35557.6780853689,18.949771689497698,Significant_Damage_And_Serious_Injuries,0,0.42429931482149297,2
1200,6,0.00532697752793188,79.17,75.47857793983592,13,21680.6165955373,39.4520547945205,Significant_Damage_And_Serious_Injuries,5,0.426823656689506,2
9768,1,1.06635953548775,83.53,56.107566089334604,13,29033.294247319103,53.2420091324201,Highly_Fatal_And_Damaging,13,0.366960692390912,2
8325,1,1.54692480033966,79.64,60.1640838650866,11,41729.040724099905,45.15981735159821,Significant_Damage_And_Serious_Injuries,4,0.6330984493328521,0
8208,4,0.0445660106164211,80.65,69.5989061075661,10,24386.649921265,49.5890410958904,Significant_Damage_And_Serious_Injuries,38,0.215860800576992,2
3471,5,0.0290220099112873,77.82,71.0118505013674,8,45351.5663157796,69.77168949771689,Minor_Damage_And_Injuries,2,0.23389181391994196,3
11316,2,0.44445203903850605,87.0,51.276207839562396,13,32847.0379561099,27.8538812785388,Significant_Damage_And_Fatalities,3,0.42249621348719796,2
5675,1,0.894409699247168,77.83,57.155879671832295,12,24135.4433661131,32.557077625570805,Significant_Damage_And_Fatalities,3,0.48993220338983,1
6025,6,0.00892252524172122,84.72,72.151321786691,16,36877.7475481149,30.8219178082192,Significant_Damage_And_Serious_Injuries,0,0.41348070681572296,3
11121,4,0.0552675261246095,78.06,52.68915223336371,6,30190.765314686498,63.6529680365297,Minor_Damage_And_Injuries,7,0.317916336098088,2
8528,3,0.15210902545666,81.08,79.85414767547859,15,30317.4037657127,33.7442922374429,Significant_Damage_And_Serious_Injuries,6,0.31358889289578,1
7301,2,0.3911825356711121,78.64,60.2552415679125,11,28904.6970099578,34.8401826484018,Highly_Fatal_And_Damaging,19,0.36732131265777096,1
11022,1,1.1897385093264299,81.82,66.8641750227894,15,32555.643829496203,46.027397260274,Minor_Damage_And_Injuries,9,0.272117562206996,2
2380,7,0.00355323475577511,79.81,71.8778486782133,17,40703.0696321804,48.8584474885845,Significant_Damage_And_Fatalities,5,0.23894049765596803,2
5318,3,0.192732679814333,78.8,76.02552415679129,15,38883.491454726296,32.3744292237443,Significant_Damage_And_Serious_Injuries,1,0.286181752614497,3
4979,3,0.0832574867262534,75.68,82.3154056517776,14,16837.0598386233,35.7077625570776,Significant_Damage_And_Serious_Injuries,2,0.221270104579877,1
1744,1,1.74851946088815,76.49,55.19598906107571,15,47507.7168742865,21.8721461187215,Significant_Damage_And_Fatalities,0,0.240743598990263,2
12352,1,0.7905536062755699,77.5,65.7247037374658,10,21489.4750236165,39.3607305936073,Highly_Fatal_And_Damaging,11,0.449903353768481,1
8526,4,0.0650374206705968,78.47,54.056517775752106,10,35695.9901661657,38.0365296803653,Significant_Damage_And_Fatalities,1,0.38427046520014396,1
11976,1,1.29384557291003,77.56,64.94986326344579,13,35104.5670299863,29.1780821917808,Highly_Fatal_And_Damaging,1,0.34568409664623106,2
4611,3,0.15070771210342498,83.01,70.1458523245214,12,30428.3031280998,42.8767123287671,Significant_Damage_And_Serious_Injuries,14,0.326931842769563,3
8166,7,0.0042971745609235,78.85,58.933454876937105,14,42912.5244287391,37.260273972602704,Significant_Damage_And_Serious_Injuries,2,0.44485467003245505,1
7045,1,1.06635953548775,84.1,59.9361896080219,17,29033.294247319103,39.4520547945205,Minor_Damage_And_Injuries,2,0.3492902993148211,3
9244,3,0.122797458811414,78.5,66.1349134001823,11,24548.432188067203,47.1232876712329,Significant_Damage_And_Serious_Injuries,9,0.337750450775333,0
2544,1,1.16290206831625,76.27,74.74931631722879,12,31531.7961960508,31.2328767123288,Highly_Fatal_And_Damaging,2,0.20179661016949102,1
3819,1,0.6648704538602429,78.83,76.6180492251596,18,17085.519518908503,36.0730593607306,Minor_Damage_And_Injuries,2,0.346405337179949,2
8854,4,0.0496227386047458,84.48,76.4357338195078,9,27206.7774652661,40.958904109589,Highly_Fatal_And_Damaging,4,0.281854309412189,3
8087,7,0.00290877946932873,81.55,46.03463992707379,18,30664.9684488475,47.899543378995396,Significant_Damage_And_Serious_Injuries,2,0.495702127659574,3
1489,1,1.4077552684157402,82.08,47.17411121239739,9,38407.9547138139,41.3698630136986,Significant_Damage_And_Fatalities,0,0.4567551388388029,2