Accident_ID,Accident_Type_Code,Adverse_Weather_Metric,Cabin_Temperature,Control_Metric,Days_Since_Inspection,Max_Elevation,Safety_Score,Severity,Total_Safety_Complaints,Turbulence_In_gforces,Violations
12014,4,0.0609113242530921,82.8,80.6289881494986,9,33680.0996768755,42.328767123287705,Highly_Fatal_And_Damaging,8,0.33161990623873,1
2116,1,1.00658436939197,83.38,80.9024612579763,9,27249.288201108502,41.1415525114155,Highly_Fatal_And_Damaging,5,0.29159105661738105,3
7302,4,0.0685210393095788,78.7,76.5268915223336,17,37623.173029289,27.397260273972602,Significant_Damage_And_Serious_Injuries,0,0.202157230436351,3
228,2,0.610441182645266,79.23,72.7438468550593,10,45300.0270165971,61.232876712328796,Minor_Damage_And_Injuries,15,0.427905517490083,3
10411,1,1.11764943565971,81.57,54.32999088422971,16,30380.8615154131,28.8127853881279,Minor_Damage_And_Injuries,1,0.375254958528669,2
10430,3,0.19253211227734598,76.99,60.4375569735643,8,38732.7086974327,56.301369863013704,Significant_Damage_And_Serious_Injuries,1,0.5126512802019471,1
8007,2,0.503141110685375,83.9,57.4293527803099,12,37121.9154719923,43.3333333333333,Significant_Damage_And_Serious_Injuries,1,0.442690948431302,3
9737,6,0.0084067327022918,80.49,74.24794895168641,11,37066.9622418898,34.7945205479452,Highly_Fatal_And_Damaging,0,0.19819040750090197,1
9455,6,0.00831707573304156,83.48,62.07839562443029,18,36405.033044569,24.703196347031998,Significant_Damage_And_Serious_Injuries,3,0.518421204471691,1
11089,4,0.0453050042984426,77.48,58.4320875113947,15,25242.7895510956,20.4566210045662,Highly_Fatal_And_Damaging,26,0.46757374684457303,1
3392,3,0.10693906368161801,76.74,68.5961713764813,20,21890.5709145531,18.3561643835616,Significant_Damage_And_Serious_Injuries,9,0.30854020915975394,3
11613,4,0.0678905095124799,81.42,50.7292616226071,11,36601.5952977368,35.1141552511415,Significant_Damage_And_Fatalities,10,0.527076090876307,3
3970,7,0.00321236301491286,79.21,59.115770282588905,11,35154.727264940804,68.49315068493149,Significant_Damage_And_Fatalities,3,0.365878831590335,2
4147,3,0.105168517981374,82.41,62.6709206927985,12,21402.760113738503,41.8264840182648,Significant_Damage_And_Serious_Injuries,0,0.317555715831229,2
11153,7,0.00365445166324481,77.17,59.024612579763,8,39867.4739975014,56.7579908675799,Significant_Damage_And_Serious_Injuries,10,0.36263324918860396,1
6001,1,0.859867417828303,80.96,63.90154968094811,13,23362.5382988508,26.7123287671233,Highly_Fatal_And_Damaging,25,0.264183916336098,2
2289,7,0.00394519026872028,78.7,93.1631722880583,8,44434.087148771796,78.58447488584471,Significant_Damage_And_Fatalities,1,0.26165957446808497,3
7371,1,1.7819138386816697,79.06,45.1686417502279,15,48583.5486330922,21.2785388127854,Significant_Damage_And_Fatalities,5,0.699813198701766,2
11166,4,0.0438556546147655,80.2,37.283500455788605,9,24079.424360651603,66.57534246575341,Significant_Damage_And_Serious_Injuries,2,0.5945120807789399,1
6552,3,0.16875836276271,79.71,56.608933454877004,18,33783.7823562274,9.08675799086758,Highly_Fatal_And_Damaging,4,0.365878831590335,0
9604,7,0.00214351929204433,78.67,45.3965360072927,9,25644.4684192504,72.00913242009129,Significant_Damage_And_Serious_Injuries,2,0.5209455463397039,0
3416,1,0.887893341795068,78.3,66.0893345487694,14,24554.5855122477,46.894977168949794,Minor_Damage_And_Injuries,6,0.30998269022719105,2
7204,2,0.579515445156363,79.89,71.0118505013674,14,42622.3715192289,47.7625570776256,Minor_Damage_And_Injuries,1,0.52238802740714,3
10801,2,0.214957084741899,83.08,69.64448495897899,13,16200.336430059098,50.273972602739704,Minor_Damage_And_Injuries,11,0.460361341507393,2
12049,5,0.0217919427663462,78.0,57.8395624430264,16,31647.884323696002,18.1278538812785,Highly_Fatal_And_Damaging,5,0.330538045438154,3
5121,2,0.482865676422502,78.3,69.37101185050139,14,35553.1857893287,27.077625570776302,Highly_Fatal_And_Damaging,1,0.311425171294627,3
3872,2,0.5323831645572229,79.76,72.0145852324522,8,39338.0906903955,46.3470319634703,Highly_Fatal_And_Damaging,2,0.302770284890011,1
5704,6,0.00784444465721868,79.21,57.520510483135794,10,32656.9970926707,48.310502283105,Significant_Damage_And_Serious_Injuries,4,0.526354850342589,2
2117,3,0.0728513382155746,81.17,41.841385597083004,14,14274.0590139556,47.899543378995396,Highly_Fatal_And_Damaging,3,0.7459725928597181,3
10891,2,0.315570346061336,82.53,76.7092069279854,15,23412.7822849923,44.2922374429224,Minor_Damage_And_Injuries,9,0.281854309412189,2
2595,7,0.00310121839325321,76.58,57.247037374658206,17,32243.5526097867,27.945205479452,Significant_Damage_And_Serious_Injuries,1,0.441609087630725,2
3535,1,1.11357000206576,82.26,74.52142206016408,8,30270.7936697433,79.4063926940639,Significant_Damage_And_Fatalities,1,0.47839235485034204,0
1063,3,0.145497843024578,78.3,72.1969006381039,13,29135.867142979703,39.4977168949772,Significant_Damage_And_Serious_Injuries,0,0.41672628921745397,4
7700,2,0.16749854389415697,87.11,46.353691886964505,18,11344.0221880675,34.0182648401826,Highly_Fatal_And_Damaging,0,0.663029931482149,2
6388,2,0.499470695720181,83.45,68.91522333637201,11,36790.500809401696,58.0365296803653,Minor_Damage_And_Injuries,6,0.254086548864046,3
6659,2,0.5505381337684561,80.61,77.1649954421149,13,40666.4707114104,50.365296803653,Minor_Damage_And_Injuries,11,0.23461305445365999,2
11606,7,0.00364068615017295,78.11,82.9535095715588,16,37253.905366837,52.1461187214612,Significant_Damage_And_Fatalities,0,0.27139632167327804,1
7308,1,0.8016363012165201,79.89,52.142206016408394,12,21595.6871451792,43.2420091324201,Minor_Damage_And_Injuries,10,0.522748647673999,1
10098,6,0.00829563861629398,79.05,61.89608021877849,14,33355.8640395299,37.5799086757991,Significant_Damage_And_Serious_Injuries,9,0.275723764875586,1
2111,4,0.0453407640350258,81.09,62.07839562443029,14,24892.556125965697,24.6118721461187,Highly_Fatal_And_Damaging,2,0.45278831590335294,1
6244,1,0.41675474434655607,78.56,78.07657247037379,9,9759.36233674942,52.2374429223744,Highly_Fatal_And_Damaging,14,0.17943815362423302,3
7230,6,0.00687215599404899,79.18,79.5806745670009,12,27724.256013730497,42.5114155251142,Significant_Damage_And_Serious_Injuries,13,0.222351965380454,2
6602,2,0.315638700388621,88.57,73.0173199635369,15,23513.7633170546,22.7853881278539,Highly_Fatal_And_Damaging,13,0.33306238730616605,2
9668,3,0.19399576228932,81.1,68.7784867821331,10,38968.236520877996,49.49771689497721,Significant_Damage_And_Serious_Injuries,5,0.27067508113956,3
9927,1,1.34784952706186,79.58,70.5560619872379,15,36818.9843862443,20.958904109589,Highly_Fatal_And_Damaging,9,0.308900829426614,3
10172,4,0.049008374205047,78.99,65.8158614402917,15,27035.8387936996,20.1826484018265,Highly_Fatal_And_Damaging,3,0.19350234403173397,2
1223,6,0.0100253470599817,79.89,40.0638103919782,12,39871.186072916404,42.283105022831,Minor_Damage_And_Injuries,11,0.51878182473855,1
3473,3,0.135825197385825,77.3,52.68915223336371,9,27243.1511537835,41.3698630136986,Significant_Damage_And_Fatalities,7,0.328374323837,2
8303,6,0.00043630082173007996,76.92,53.555150410209706,16,8585.99810381528,30.593607305936104,Minor_Damage_And_Injuries,4,0.310703930760908,1
872,2,0.637636244705519,81.04,80.8568824065634,12,47106.1353795642,55.662100456621,Minor_Damage_And_Injuries,2,0.219467003245582,1
8380,7,0.004076262717295089,75.35,54.056517775752106,9,44574.062723115196,65.4337899543379,Significant_Damage_And_Serious_Injuries,37,0.43656040389469897,3
3822,3,0.167321669948203,79.13,18.4594348222425,7,33579.7049880148,72.5570776255708,Highly_Fatal_And_Damaging,8,0.774822214208438,2
1496,1,1.29734642507529,79.64,45.62443026435739,13,35305.1741362138,63.698630136986296,Significant_Damage_And_Serious_Injuries,0,0.49678398846015104,0
7910,4,0.0775283006898538,80.53,62.807657247037405,10,42489.0677436993,38.9954337899543,Highly_Fatal_And_Damaging,2,0.328734944103858,1
12257,4,0.049008374205047,81.06,68.04922515952599,12,26755.007941369702,42.5114155251142,Significant_Damage_And_Serious_Injuries,6,0.311064551027768,2
10261,4,0.0557625104986608,80.06,62.2607110300821,8,30372.7583025121,44.4292237442922,Highly_Fatal_And_Damaging,4,0.409513883880274,4
5912,3,0.187522601295637,75.97,54.2844120328168,13,37599.7096257826,51.324200913241995,Highly_Fatal_And_Damaging,0,0.46721312657771297,3
1593,3,0.14223250604765397,76.71,66.362807657247,13,28354.1216769969,63.1963470319635,Significant_Damage_And_Fatalities,12,0.572514244500541,1
6947,4,0.0412718889170117,83.27,42.5706472196901,16,22647.260904156097,29.0867579908676,Minor_Damage_And_Injuries,0,0.44737901190046897,3
6883,4,0.0620699590838415,79.51,78.0309936189608,17,33822.1986231116,15.159817351598198,Highly_Fatal_And_Damaging,0,0.247234763793725,3
5774,3,0.168586748894355,86.31,69.27985414767551,11,33523.702338797404,46.1643835616438,Significant_Damage_And_Serious_Injuries,3,0.30637648755860103,2
1232,3,0.0966196448634178,78.74,57.0191431175934,16,18917.972732299,30.3196347031963,Minor_Damage_And_Injuries,9,0.284739271547061,1
2811,4,0.0546421866657251,87.0,51.276207839562396,13,29784.7464710627,28.8584474885845,Significant_Damage_And_Fatalities,6,0.42249621348719796,1
5413,3,0.166023869314956,79.28,80.08204193254329,6,33346.7855725603,62.7853881278539,Significant_Damage_And_Serious_Injuries,4,0.5029145329967539,3
8256,2,0.678555591591014,81.26,72.8350045578852,15,49881.270365448094,45.342465753424705,Minor_Damage_And_Injuries,1,0.329456184637577,2
11370,1,1.30484074303551,80.96,67.5478577939836,11,35322.6759778569,35.9817351598173,Highly_Fatal_And_Damaging,7,0.344602235845654,3
7606,3,0.18250220288498104,75.68,65.95259799453049,13,36742.9903189402,38.0821917808219,Significant_Damage_And_Serious_Injuries,3,0.33883231157591,1
3054,4,0.0673084209630457,82.81,55.3783044667274,18,36830.544529353996,12.694063926940599,Significant_Damage_And_Fatalities,6,0.30998269022719105,3
6574,2,0.40879598372177295,77.63,88.2862351868733,18,30094.089236148102,11.5068493150685,Highly_Fatal_And_Damaging,1,0.17943815362423302,2
186,7,0.00221747457417748,79.03,51.4585232452142,8,24122.8234182072,77.76255707762559,Significant_Damage_And_Serious_Injuries,0,0.640310854670032,3
1855,4,0.0527454649500691,78.23,70.6927985414767,13,28800.0058613255,40.365296803653,Significant_Damage_And_Serious_Injuries,5,0.37236999639379703,2
11124,4,0.060013008820757,81.48,68.3682771194166,13,32874.4118594201,28.9041095890411,Highly_Fatal_And_Damaging,2,0.398695275874504,2
8598,6,0.00919704057079272,79.31,59.9817684594348,12,36365.817710587005,54.9771689497717,Minor_Damage_And_Injuries,4,0.37489433826181,2
3926,6,0.0042800625074455294,80.35,62.07839562443029,14,18816.7236153139,34.9315068493151,Significant_Damage_And_Serious_Injuries,13,0.45603389830508395,1
5446,7,0.00365445166324481,80.32,51.777575205104796,12,38896.1729120633,44.4292237442922,Minor_Damage_And_Injuries,14,0.549795167688424,2
5755,2,0.41211713113219395,81.08,84.1385597082954,16,30336.181484703702,41.5525114155251,Minor_Damage_And_Injuries,6,0.280411828344753,1
3122,7,0.00290241121216763,77.56,49.863263445761206,19,27972.920650647997,9.31506849315068,Significant_Damage_And_Fatalities,10,0.354699603317706,1
11768,3,0.114395822423754,81.53,82.2242479489517,13,23126.2919667346,39.908675799086794,Significant_Damage_And_Serious_Injuries,4,0.318276956364948,1
3217,5,0.0303417057566337,79.1,57.4293527803099,6,43400.0276095646,62.3744292237443,Significant_Damage_And_Serious_Injuries,2,0.46649188604399605,3
8851,4,0.0458304234541713,89.13,67.7301731996354,13,25170.3306255207,27.1689497716895,Highly_Fatal_And_Damaging,4,0.25264406779661,0
5322,3,0.18958368107891396,76.4,73.33637192342749,13,37862.9199927159,40.7762557077626,Significant_Damage_And_Serious_Injuries,17,0.458197619906239,3
4091,2,0.545562193337738,79.6,53.919781221513205,11,40360.6120851516,47.4885844748858,Minor_Damage_And_Injuries,0,0.43223296069239103,2
11872,2,0.549198026049296,87.79,83.8650865998177,14,40622.7292936029,46.8493150684931,Minor_Damage_And_Injuries,9,0.289427335016228,3
1952,2,0.300683552375606,81.7,85.5970829535096,10,22068.2222270981,38.4474885844749,Highly_Fatal_And_Damaging,7,0.263823296069239,2
10387,3,0.19811580238305104,81.42,46.03463992707379,11,39473.0950351313,46.1187214611872,Significant_Damage_And_Serious_Injuries,0,0.602445726649838,0
6325,2,0.38168284657664897,82.49,64.767547857794,2,28213.4276195929,77.6712328767123,Minor_Damage_And_Injuries,14,0.37128813559322,3
3211,2,0.488682348438616,83.57,61.5770282588879,15,36109.012871701096,31.9634703196347,Significant_Damage_And_Serious_Injuries,0,0.48380165885322796,2
7579,2,0.399359325657671,77.92,47.7210574293528,13,29368.1675507863,50.50228310502279,Highly_Fatal_And_Damaging,9,0.351454020915975,2
3274,2,0.33562780893799105,87.0,54.922515952598,13,24744.1584157867,29.6803652968037,Significant_Damage_And_Fatalities,15,0.430790479624955,1
11342,5,0.0253444907773519,85.26,62.853236098450296,16,36656.5473460937,29.4977168949772,Significant_Damage_And_Serious_Injuries,2,0.32152253876667897,3
10399,6,0.0067000798171221,77.74,56.0619872379216,12,27903.5708666369,56.027397260274,Highly_Fatal_And_Damaging,18,0.38823728813559294,1
3880,7,0.00139529357099632,77.75,54.69462169553329,19,14240.572631078501,20.045662100456603,Significant_Damage_And_Serious_Injuries,8,0.46721312657771297,3
6337,2,0.266623438582304,79.89,50.5925250683683,11,20134.1452289941,47.4885844748858,Minor_Damage_And_Injuries,0,0.523469888207717,2
9532,4,0.0503896935162612,80.98,67.5934366453965,11,27412.2647189097,36.164383561643795,Highly_Fatal_And_Damaging,1,0.257332131265777,1
3565,6,0.00630093883464786,88.62,66.7274384685506,9,23998.3048588661,52.9680365296804,Significant_Damage_And_Serious_Injuries,3,0.31178579156148495,3
1113,4,0.0628086341822525,78.13,54.4667274384686,18,34345.363421422,10.867579908675802,Significant_Damage_And_Fatalities,2,0.48416227912008597,4
6138,2,0.44294859208894,80.63,64.8131267092069,11,32702.1479935482,58.401826484018294,Minor_Damage_And_Injuries,5,0.45891886043995594,1
2925,6,0.0047746180532177605,80.55,62.1239744758432,12,17869.2712881728,30.1826484018265,Highly_Fatal_And_Damaging,6,0.427905517490083,2
2017,7,0.0022016488687736603,76.48,48.9516864175023,16,22951.8359276977,50.0,Significant_Damage_And_Serious_Injuries,19,0.431872340425532,3
11513,3,0.14794422081512001,78.23,70.1914311759344,13,29683.2963574721,40.7762557077626,Significant_Damage_And_Serious_Injuries,0,0.5461889650198339,4
11448,3,0.107173257715093,79.57,44.3938012762078,19,21741.0794070774,30.776255707762605,Highly_Fatal_And_Damaging,2,0.339192931842769,2
5193,6,0.007526270122906459,78.43,80.4010938924339,6,28627.913808827,62.6940639269406,Significant_Damage_And_Serious_Injuries,5,0.30854020915975394,1
5994,2,0.217882733481642,76.3,49.6809480401094,9,15521.185500598602,64.9315068493151,Highly_Fatal_And_Damaging,15,0.34748719798052696,1
1054,1,1.6059823083827098,79.58,72.8350045578852,14,44088.64525621809,36.7579908675799,Significant_Damage_And_Serious_Injuries,10,0.237858636855391,0
7303,5,0.0297081807839066,77.9,50.1823154056518,12,44244.629182437806,55.433789954337904,Highly_Fatal_And_Damaging,1,0.5642199783627839,2
10207,4,0.0665789502615001,77.97,59.89061075660889,19,35901.480370180696,19.3607305936073,Significant_Damage_And_Serious_Injuries,0,0.523469888207717,1
7028,6,0.0116993176601363,80.98,88.6508659981769,10,46306.1920701527,49.5890410958904,Significant_Damage_And_Serious_Injuries,3,0.17330760908763,2
4996,6,0.00559553599617865,79.37,44.348222424794905,18,22727.3215190547,48.7214611872146,Significant_Damage_And_Serious_Injuries,19,0.621919221060224,2
7031,3,0.12133221349238699,78.68,45.8523245214221,11,24518.0124669493,46.4840182648402,Minor_Damage_And_Injuries,13,0.35578146411828293,4
11756,5,0.014990810229226001,83.54,76.4813126709207,20,23270.133087707403,27.945205479452,Minor_Damage_And_Injuries,6,0.26490515686981597,3
9431,3,0.165002363929807,78.15,85.5515041020967,15,33146.070029033304,20.1826484018265,Highly_Fatal_And_Damaging,0,0.263823296069239,1
1954,6,0.0115170923405015,81.15,48.222424794895204,13,45332.3027606441,39.4520547945205,Minor_Damage_And_Injuries,0,0.49389902632527904,4
5384,7,0.00308618231767189,79.39,61.3947128532361,16,32666.809391351202,29.9543378995434,Significant_Damage_And_Serious_Injuries,12,0.44305156869816104,3
12135,4,0.0827923767001147,77.2,80.35551504102101,6,45606.553612457996,50.50228310502279,Highly_Fatal_And_Damaging,3,0.293394157951677,3
1867,4,0.114134651826475,78.46,64.1294439380128,16,55982.2927170896,19.9086757990868,Highly_Fatal_And_Damaging,0,0.368763793725207,2
3505,2,0.5086179913455711,79.85,74.7948951686418,13,37435.5727950293,27.7168949771689,Highly_Fatal_And_Damaging,2,0.36119076812116796,1
3184,1,1.2490580969436,84.4,73.60984503190521,11,33963.8106036965,33.8356164383562,Highly_Fatal_And_Damaging,1,0.412398846015146,1
3713,2,0.40693396192835896,81.46,73.746581586144,12,29887.8059671659,68.2648401826484,Significant_Damage_And_Fatalities,1,0.351454020915975,0
7614,3,0.165002363929807,81.13,74.88605287146758,11,33067.6244116376,47.899543378995396,Significant_Damage_And_Serious_Injuries,0,0.306015867291742,2
11071,7,0.0017688824201790802,81.38,79.9453053783045,7,21640.5346612075,81.4611872146119,Significant_Damage_And_Fatalities,3,0.235334294987378,3
8924,2,0.209602822932632,76.09,69.91795806745671,13,16200.336430059098,50.136986301369895,Minor_Damage_And_Injuries,12,0.46432816444284203,3
4270,1,1.1140409183654498,79.92,43.1631722880583,13,30233.1910796089,27.534246575342497,Significant_Damage_And_Fatalities,1,0.48596538045438104,2
11243,4,0.0398611264038201,77.25,59.6171376481313,14,21403.6699174049,25.9817351598173,Highly_Fatal_And_Damaging,3,0.426823656689506,3
11075,4,0.0645381425247153,78.06,58.7967183226983,11,34804.2208097873,36.11872146118721,Highly_Fatal_And_Damaging,7,0.41816877028489,3
4257,4,0.0486066327281578,81.18,62.07839562443029,16,26227.6377360108,18.538812785388103,Highly_Fatal_And_Damaging,7,0.42538117562207,3
5394,2,0.415749786415761,83.34,93.66453965360078,15,30619.787367647,44.337899543379,Minor_Damage_And_Injuries,4,0.22920375045077498,2
9998,2,0.27472799847221696,79.84,75.432999088423,18,20313.4761672518,12.191780821917801,Highly_Fatal_And_Damaging,5,0.290509195816805,2
7436,2,0.468290903150115,78.02,83.9106654512306,15,34553.5335145431,45.205479452054796,Minor_Damage_And_Injuries,1,0.23136747205192898,1
9983,7,0.0031164589957626,77.55,64.17502278942571,7,33393.2531864311,83.6529680365297,Significant_Damage_And_Fatalities,1,0.273199423007573,4
8024,5,0.0240574874578318,76.3,56.426618049225205,17,36324.9430018409,51.5525114155251,Significant_Damage_And_Fatalities,1,0.324768121168409,3
7320,6,0.0144743650411241,84.33,82.2242479489517,19,56224.4463125981,18.7214611872146,Significant_Damage_And_Serious_Injuries,9,0.371648755860079,2
5815,3,0.0639965250235573,78.59,67.2743846855059,15,13375.354862521399,33.7899543378995,Significant_Damage_And_Serious_Injuries,2,0.38751604760187497,2
138,7,0.00192218331023255,78.84,56.8368277119417,21,21723.6549068887,25.662100456620998,Highly_Fatal_And_Damaging,10,0.30781896862603697,2
7645,3,0.15796767996914401,76.69,72.60711030082041,9,31688.288371221002,52.9680365296804,Significant_Damage_And_Serious_Injuries,1,0.42177497295348,2
2564,1,0.8016363012165201,80.02,53.919781221513205,10,21865.1119571099,39.406392694063896,Significant_Damage_And_Fatalities,8,0.5515982690227189,3
4440,3,0.155972033378461,77.92,70.7383773928897,17,31286.096848677298,13.7442922374429,Highly_Fatal_And_Damaging,5,0.324046880634692,3
10352,3,0.21971121245500502,77.93,48.723792160437604,12,44516.6297345178,55.2511415525114,Highly_Fatal_And_Damaging,8,0.508684457266498,1
5432,3,0.209340192839862,79.75,48.1312670920693,5,42042.617934552996,66.57534246575341,Significant_Damage_And_Serious_Injuries,14,0.625164803461954,2
11129,5,0.0210757990183275,80.96,70.1458523245214,17,31310.5467247019,38.4474885844749,Minor_Damage_And_Injuries,3,0.37092751532636103,2
12185,6,0.00446187925089134,85.9,60.1640838650866,17,16878.4843087957,15.662100456621001,Highly_Fatal_And_Damaging,3,0.28149368914533,2
4789,2,0.337996374568915,76.09,75.47857793983592,9,25019.9299511302,53.8356164383562,Significant_Damage_And_Serious_Injuries,3,0.37092751532636103,1
9514,4,0.0536168001945233,82.88,77.6663628076573,8,29115.931734689,55.79908675799089,Significant_Damage_And_Serious_Injuries,12,0.334865488640461,3
10532,6,0.00709274081165025,76.85,74.7948951686418,16,29135.867142979703,29.634703196346997,Significant_Damage_And_Serious_Injuries,0,0.384631085467003,2
7793,1,0.8265755756018192,78.67,73.9744758432088,11,22336.4072040184,57.671232876712295,Minor_Damage_And_Injuries,4,0.23280995311936498,2
10804,3,0.10473844248183198,79.17,67.9124886052872,12,20822.309435099898,43.6529680365297,Significant_Damage_And_Serious_Injuries,10,0.309261449693473,2
12124,7,0.00469611599491054,82.15,77.3473108477666,8,51867.8412800447,45.15981735159821,Highly_Fatal_And_Damaging,20,0.24579228272628895,3
9422,1,0.518572471316774,81.26,71.0118505013674,15,13658.8165000358,22.1917808219178,Highly_Fatal_And_Damaging,4,0.334865488640461,2
11459,3,0.149678160752922,79.88,88.4685505925251,11,30107.346641430602,68.63013698630141,Significant_Damage_And_Fatalities,4,0.18520807789397797,2
4404,2,0.39343991378378207,78.18,76.9371011850502,11,29288.448104915497,59.4063926940639,Minor_Damage_And_Injuries,16,0.428266137756942,1
9806,7,0.00142941827528228,79.23,80.35551504102101,15,5513.586528008571,55.79908675799089,Significant_Damage_And_Fatalities,5,0.24651352326000697,3
10620,2,0.503944598786528,83.74,69.3254329990884,15,37349.2494569828,45.0684931506849,Minor_Damage_And_Injuries,0,0.298803461954562,3
94,4,0.0640529720617364,79.79,73.0173199635369,6,34982.9927274348,62.1917808219178,Significant_Damage_And_Serious_Injuries,1,0.35217526144969297,2
5799,2,0.37781960523515,79.46,47.2196900638104,15,27716.3461658188,22.8310502283105,Significant_Damage_And_Fatalities,2,0.438724125495853,1
7819,3,0.0984961040817364,81.02,73.9744758432088,13,19754.5812375961,41.689497716895,Significant_Damage_And_Serious_Injuries,2,0.4145625676163,3
9037,6,0.00847670132384697,78.08,79.2160437556974,14,34929.7404234047,37.3059360730594,Significant_Damage_And_Serious_Injuries,7,0.224876307248467,2
7187,3,0.219973373513227,79.07,69.4165907019143,13,44552.868826659294,39.4520547945205,Significant_Damage_And_Serious_Injuries,21,0.462885683375405,4
7343,1,1.09257988690076,81.62,80.6745670009116,9,29328.145781901298,53.7899543378995,Highly_Fatal_And_Damaging,2,0.219827623512441,3
8910,3,0.17531953312287804,76.16,74.3391066545123,16,35317.9119389435,29.3150684931507,Significant_Damage_And_Serious_Injuries,5,0.23280995311936498,3
1065,2,0.5561581623382199,82.31,66.1804922515953,18,41053.1448653431,35.388127853881294,Minor_Damage_And_Injuries,1,0.43042985935809597,1
7047,6,0.00525582108950875,79.72,58.1130355515041,16,20387.356197873898,31.506849315068497,Significant_Damage_And_Serious_Injuries,5,0.330538045438154,4
5164,5,0.0257192489346566,82.14,61.3947128532361,11,39675.1874961908,47.1232876712329,Significant_Damage_And_Serious_Injuries,7,0.330898665705012,2
10574,2,0.37287291532882705,77.69,48.0856882406563,14,27506.848931160697,48.4474885844749,Highly_Fatal_And_Damaging,3,0.44196970789758294,3
500,4,0.0666840699604456,82.81,60.665451230628996,10,36221.8583930304,39.3607305936073,Highly_Fatal_And_Damaging,1,0.39508907320591397,2
6200,2,0.169198630884806,77.1,65.1321786690975,6,10487.611301737299,76.1187214611872,Minor_Damage_And_Injuries,11,0.35614208438514205,3
2899,7,0.00405282678592106,78.87,45.3965360072927,8,42042.617934552996,79.6803652968037,Significant_Damage_And_Serious_Injuries,22,0.7178442120447159,3
10367,1,1.1722142956384698,79.99,46.9462169553327,12,31864.0881889396,66.25570776255711,Significant_Damage_And_Serious_Injuries,14,0.566023079697079,3
7961,1,1.29520155662408,81.73,85.18687329079309,9,35115.528480131805,42.6940639269406,Highly_Fatal_And_Damaging,10,0.281854309412189,3
2392,1,1.2581610297204,88.01,38.9243391066545,19,33952.9192761142,19.5433789954338,Minor_Damage_And_Injuries,0,0.612543094121889,2
8474,4,0.0577073115841411,83.01,54.557885141294406,18,31450.5945994523,45.5707762557078,Significant_Damage_And_Fatalities,0,0.36948503425892504,2
12298,3,0.15464832621369598,79.2,54.1932543299909,18,31061.946662743598,33.7442922374429,Minor_Damage_And_Injuries,6,0.592348359177785,4
6748,4,0.0504060151108843,81.32,54.4667274384686,15,27318.358428249103,22.7397260273973,Significant_Damage_And_Fatalities,2,0.35758456545257894,3
8813,4,0.0556296473123615,76.92,72.3792160437557,14,30163.1094343542,35.5251141552511,Significant_Damage_And_Serious_Injuries,8,0.363715109989181,2
5976,4,0.0476631666833656,79.09,48.31358249772101,15,26548.8926588994,20.1826484018265,Significant_Damage_And_Fatalities,3,0.460000721240533,1
11255,2,0.5125290058178561,82.99,58.4776663628077,14,37854.0579003469,48.9954337899543,Minor_Damage_And_Injuries,3,0.387876667868734,2
9011,2,0.44081507457891206,79.54,82.1786690975388,13,32572.073153178702,52.55707762557079,Minor_Damage_And_Injuries,2,0.268871979805265,2
2598,5,0.0257876732003757,81.66,56.7000911577028,18,38272.3004557261,33.607305936073104,Highly_Fatal_And_Damaging,12,0.605691309051569,2
3693,4,0.0548654683705585,81.91,73.0173199635369,15,29660.963488358902,22.7397260273973,Highly_Fatal_And_Damaging,7,0.265987017670393,1
4973,7,0.00332582050992828,88.11,67.31996353691889,14,34480.663199033,49.4520547945205,Minor_Damage_And_Injuries,14,0.192059862964299,2
1743,7,0.00248377555471595,77.27,69.5077484047402,13,27295.816524348,61.872146118721396,Significant_Damage_And_Fatalities,13,0.246874143526866,3
10096,1,1.30792861200427,78.72,59.161349134001796,16,35522.814116210895,16.5296803652968,Highly_Fatal_And_Damaging,4,0.38282798413270797,4
9312,4,0.0563295397232032,77.48,52.643573381950794,9,30820.2088729057,39.5433789954338,Significant_Damage_And_Fatalities,2,0.45603389830508395,4
4424,4,0.0667669966668297,79.62,69.5989061075661,13,36389.9128217396,50.136986301369895,Minor_Damage_And_Injuries,12,0.303852145690588,1
10668,4,0.0412718889170117,88.18,38.331814038286204,9,22647.260904156097,39.5433789954338,Significant_Damage_And_Fatalities,1,0.671324197619906,1
6902,5,0.0242272154503316,80.13,67.7301731996354,9,36375.775497974304,63.6529680365297,Minor_Damage_And_Injuries,12,0.374533717994951,2
7880,1,0.691708668521294,76.93,53.5095715587967,14,18799.489572745802,23.4703196347032,Significant_Damage_And_Fatalities,6,0.264544536602957,2
8992,4,0.0383477654432181,76.07,62.0328167730173,14,21212.0283049257,24.8401826484018,Highly_Fatal_And_Damaging,21,0.527797331410025,3
11785,7,0.00135806999799443,79.17,64.4484958979034,13,16545.0718234845,61.7808219178082,Significant_Damage_And_Fatalities,13,0.32080129823296005,3
8068,6,0.00592959349399768,76.56,63.2634457611668,15,24411.8291325658,32.3744292237443,Significant_Damage_And_Serious_Injuries,6,0.448460872701046,2