Accident_ID,Accident_Type_Code,Adverse_Weather_Metric,Cabin_Temperature,Control_Metric,Days_Since_Inspection,Max_Elevation,Safety_Score,Severity,Total_Safety_Complaints,Turbulence_In_gforces,Violations
6108,7,0.00321479368160568,77.61,60.1640838650866,13,35509.2285154196,64.4292237442922,Significant_Damage_And_Fatalities,10,0.5425827623512439,2
259,3,0.155473833405764,78.05,77.4384685505925,8,31378.0428279788,57.1232876712329,Significant_Damage_And_Serious_Injuries,10,0.41420194734944105,2
2464,2,0.309756512735612,78.29,65.9070191431176,13,23123.3779300365,40.6392694063927,Significant_Damage_And_Serious_Injuries,8,0.30998269022719105,0
8488,4,0.0556587239915045,83.94,53.6918869644485,16,30195.7392180597,53.74429223744289,Significant_Damage_And_Fatalities,4,0.5515982690227189,1
6937,4,0.0811200932683146,82.97,82.1786690975388,16,45084.691639685305,16.4840182648402,Highly_Fatal_And_Damaging,1,0.14481860800577,3
4437,3,0.257153813877754,82.69,56.7000911577028,18,52378.4156155552,33.515981735159805,Highly_Fatal_And_Damaging,12,0.605691309051569,3
12008,1,1.6291705654114101,79.63,73.1084776663628,12,43611.8162404295,32.739726027397296,Highly_Fatal_And_Damaging,16,0.29014857554994605,0
747,2,0.558462255265561,83.12,59.161349134001796,12,41368.5261033648,54.109589041095894,Minor_Damage_And_Injuries,1,0.355060223584565,3
6926,3,0.101502669686354,80.71,58.20419325433001,5,20292.7058221986,66.57534246575341,Significant_Damage_And_Serious_Injuries,4,0.30745834835917796,1
6465,2,0.674011436218172,77.25,39.8359161349134,12,49762.797061373894,56.52968036529679,Highly_Fatal_And_Damaging,0,0.48632600072124,1
4396,6,0.0073302481648599,81.85,70.1458523245214,15,28793.168694031498,33.7442922374429,Significant_Damage_And_Serious_Injuries,16,0.29988532275513896,3
5012,6,0.00576194429255706,82.75,77.93983591613491,14,22637.524668244903,37.077625570776206,Significant_Damage_And_Serious_Injuries,16,0.298082221420844,1
4412,4,0.0338942196143558,88.39,56.563354603464,20,18640.0725275241,28.721461187214604,Highly_Fatal_And_Damaging,5,0.35109340064911604,2
5897,4,0.0261055313866679,77.75,49.8176845943483,15,14515.7951542876,43.6529680365297,Highly_Fatal_And_Damaging,7,0.40843202307969706,2
43,1,1.00658436939197,83.01,85.5970829535096,12,27037.416414391002,31.1415525114155,Highly_Fatal_And_Damaging,5,0.296639740353408,4
5574,4,0.0665314538675571,77.74,50.6836827711942,13,36010.8964759583,28.9041095890411,Significant_Damage_And_Fatalities,6,0.481277316985214,3
3999,3,0.16754135401837303,78.28,64.6308113035552,6,33773.403138581496,64.2465753424657,Significant_Damage_And_Serious_Injuries,4,0.35686332491885997,3
7787,4,0.0682294487333802,75.9,54.056517775752106,9,37524.2542206559,40.6392694063927,Significant_Damage_And_Fatalities,6,0.5519588892895779,2
2084,3,0.0841518390163713,77.52,69.5533272561531,15,16902.3486971747,33.698630136986296,Significant_Damage_And_Serious_Injuries,6,0.309261449693473,1
3223,4,0.036900366110634006,78.92,79.9453053783045,15,20146.9172518634,22.0547945205479,Highly_Fatal_And_Damaging,19,0.26815073927154703,2
471,5,0.0252195650776522,80.14,71.6955332725615,17,37047.5511597612,38.1735159817352,Minor_Damage_And_Injuries,0,0.36768193292463,2
12395,6,0.007077647836384609,77.29,74.9316317228806,12,30077.4161879637,30.410958904109602,Highly_Fatal_And_Damaging,6,0.22740064911648,2
9982,6,0.00715823864903642,84.19,64.0838650865998,9,30147.9054384671,51.41552511415521,Significant_Damage_And_Serious_Injuries,16,0.445215290299315,3
8501,6,0.00914221605107202,83.38,76.0711030082042,12,34032.0959991224,42.5114155251142,Significant_Damage_And_Serious_Injuries,4,0.293033537684818,1
12038,3,0.11925273727862598,88.11,63.90154968094811,21,24144.0115271371,0.0,Highly_Fatal_And_Damaging,14,0.322604399567255,2
6626,7,0.00230766799205518,83.43,52.82588878760261,17,24506.969736081202,38.4474885844749,Highly_Fatal_And_Damaging,23,0.24795600432744297,1
5009,3,0.125490502216026,80.9,64.9954421148587,14,25272.1248912302,35.296803652968,Significant_Damage_And_Serious_Injuries,2,0.50796321673278,0
10516,1,0.7905536062755699,77.3,56.79124886052871,12,21723.6549068887,53.7899543378995,Highly_Fatal_And_Damaging,10,0.27969058781103495,3
312,7,0.000763558904105058,80.45,74.7948951686418,15,16008.613269874399,57.1689497716895,Significant_Damage_And_Fatalities,2,0.224876307248467,3
4581,4,0.0602230539580057,77.67,50.86599817684589,11,32749.9779320715,34.0182648401826,Significant_Damage_And_Fatalities,1,0.481277316985214,0
933,3,0.161857417023106,82.52,61.6226071103008,9,32509.9312590937,51.7808219178082,Significant_Damage_And_Serious_Injuries,11,0.37128813559322,1
9406,6,0.00492049195200934,79.86,69.91795806745671,11,19100.8703857173,47.1232876712329,Significant_Damage_And_Serious_Injuries,7,0.316834475297511,3
12316,5,0.0330801193794526,77.62,50.820419325432994,17,49350.3336170917,35.4337899543379,Highly_Fatal_And_Damaging,8,0.438002884962135,1
7440,2,0.494990146588943,79.97,51.0938924339107,14,36091.5527721269,36.2100456621005,Minor_Damage_And_Injuries,3,0.377418680129823,1
9458,5,0.0331635429635031,83.82,90.154968094804,12,48141.3485544039,43.3333333333333,Significant_Damage_And_Serious_Injuries,1,0.298803461954562,1
7680,2,0.27763754271505103,84.96,72.0145852324522,13,20228.1228705605,50.4109589041096,Minor_Damage_And_Injuries,1,0.334865488640461,1
5959,3,0.0898133583444885,81.37,70.1002734731085,13,18673.766897687,38.0821917808219,Significant_Damage_And_Serious_Injuries,13,0.354699603317706,2
8445,1,1.0008814089997902,81.72,66.9097538742024,13,27087.6233599448,29.223744292237395,Highly_Fatal_And_Damaging,11,0.35542084385142403,2
12475,2,0.292872788776625,78.76,81.0391978122151,16,22102.038543134102,42.0091324200913,Minor_Damage_And_Injuries,13,0.23425243418680103,3
8245,7,0.0030450705351902398,78.37,39.8814949863264,4,32364.3522171259,77.3059360730594,Significant_Damage_And_Serious_Injuries,1,0.5029145329967539,3
7357,4,0.0502229972557038,81.76,66.22607110300821,12,27511.8404672498,32.2374429223744,Highly_Fatal_And_Damaging,4,0.463967544175982,3
1438,3,0.145447149829291,81.04,80.4466727438469,9,29216.4159909021,52.9223744292237,Significant_Damage_And_Serious_Injuries,0,0.262380815001803,1
5150,3,0.186096296078123,79.89,68.4138559708295,8,37489.8125581997,56.894977168949794,Significant_Damage_And_Serious_Injuries,10,0.39797403534078596,0
6871,4,0.0356172029643824,78.61,45.442114858705594,8,19721.1573415103,68.310502283105,Minor_Damage_And_Injuries,12,0.584054093040028,3
345,4,0.0497094031861019,78.31,55.6061987237922,13,27139.3034261052,27.671232876712303,Highly_Fatal_And_Damaging,1,0.47911359538406,2
9331,6,0.0112156858335881,89.19,73.6554238833182,15,48169.6410596784,23.013698630137,Highly_Fatal_And_Damaging,15,0.388958528669311,2
1395,2,0.48844605168649396,81.72,49.863263445761206,16,36091.5527721269,27.762557077625605,Minor_Damage_And_Injuries,3,0.36046952758745,1
12451,4,0.0579346201443487,84.51,37.8304466727438,15,30889.1456903206,34.2465753424658,Minor_Damage_And_Injuries,5,0.605691309051569,2
7422,2,0.633815557320407,77.83,57.520510483135794,12,47090.2569775878,31.1415525114155,Highly_Fatal_And_Damaging,8,0.47839235485034204,1
6191,1,1.24852838980663,78.47,80.0364630811304,12,34183.351199220895,67.53424657534251,Significant_Damage_And_Fatalities,8,0.34965091958168,3
9628,7,0.00224682397687893,83.58,56.7000911577028,8,27551.103527028703,68.2191780821918,Significant_Damage_And_Serious_Injuries,2,0.46937684817886705,2
1930,7,0.0042445268454015,80.17,51.276207839562396,12,42768.509481535,65.4337899543379,Significant_Damage_And_Serious_Injuries,1,0.5981182834475289,0
12175,1,1.0588500687495601,79.99,72.4247948951687,14,28770.8750092367,37.5799086757991,Significant_Damage_And_Serious_Injuries,6,0.29483663901911306,3
7825,1,0.8156888820568229,87.11,59.3892433910666,20,21997.4295032142,4.93150684931507,Highly_Fatal_And_Damaging,2,0.267429498737829,0
385,3,0.11275407269800698,80.67,66.6362807657247,17,22804.7544864591,25.251141552511395,Significant_Damage_And_Serious_Injuries,9,0.36623945185719403,3
1014,2,0.488682348438616,82.59,82.2242479489517,16,36366.1530073838,29.0867579908676,Significant_Damage_And_Serious_Injuries,3,0.28762423368193296,1
1319,4,0.0583398233039638,76.99,54.2844120328168,12,31988.1959886504,32.4200913242009,Significant_Damage_And_Fatalities,8,0.59090587811035,0
7461,3,0.17142642739135902,76.77,75.25068368277121,16,34283.774615736096,17.077625570776302,Highly_Fatal_And_Damaging,6,0.330538045438154,1
455,4,0.0592496949826449,77.2,69.5533272561531,11,32150.910882931003,33.972602739726,Highly_Fatal_And_Damaging,4,0.324046880634692,2
3953,6,0.007365800583689859,80.76,61.2579762989973,17,30323.341797741698,27.579908675799103,Significant_Damage_And_Serious_Injuries,0,0.47117994951316206,2
6008,3,0.16814086887043497,83.51,67.4111212397448,8,33784.9537224768,46.027397260274,Highly_Fatal_And_Damaging,8,0.31034331049404995,3
1492,2,0.278446237781689,83.31,55.9708295350957,11,20574.5487150508,56.4383561643835,Highly_Fatal_And_Damaging,0,0.45639451857194396,1
6194,1,0.7547249211947241,81.86,63.947128532361,15,20584.3239850503,20.4566210045662,Highly_Fatal_And_Damaging,8,0.199632888568337,2
1762,2,0.40879598372177295,81.69,68.91522333637201,11,30479.980245267798,58.082191780821894,Minor_Damage_And_Injuries,5,0.199632888568337,2
1029,1,0.9051847038624209,88.47,74.88605287146758,11,24312.5763266109,57.899543378995396,Minor_Damage_And_Injuries,1,0.33450486837360305,0
1042,4,0.0684797739185114,77.91,52.5979945305378,8,37446.250967139,44.794520547945204,Significant_Damage_And_Fatalities,6,0.392564731337901,1
971,7,0.00469611599491054,74.86,79.2160437556974,11,48882.9969470896,35.1598173515982,Highly_Fatal_And_Damaging,2,0.317555715831229,4
10831,4,0.0673826594005745,81.3,63.3546034639927,5,36722.333573037096,53.7899543378995,Highly_Fatal_And_Damaging,5,0.30168842408943397,3
7799,3,0.192732679814333,84.62,73.3819507748405,7,38792.5776652525,82.23744292237441,Significant_Damage_And_Fatalities,3,0.29519725928597196,2
10462,2,0.40693396192835896,77.69,57.06472196900639,15,29894.4259492026,46.6666666666667,Highly_Fatal_And_Damaging,4,0.308900829426614,2
8802,3,0.20409022088832396,81.78,48.8149498632635,13,40797.9602108571,28.538812785388103,Significant_Damage_And_Fatalities,0,0.438002884962135,3
5939,1,0.306645190585444,77.3,62.57976298997271,8,8335.48049352774,44.703196347032005,Highly_Fatal_And_Damaging,0,0.409513883880274,3
143,7,0.00317375662311287,76.19,70.4193254329991,14,36343.4164886713,60.5479452054795,Significant_Damage_And_Fatalities,3,0.368042553191489,2
9379,3,0.176919345779094,82.46,72.69826800364629,14,35684.882769847594,36.027397260274,Significant_Damage_And_Serious_Injuries,25,0.233531193653083,1
8400,1,0.518572471316774,79.81,51.9143117593437,17,13860.578316269799,15.8904109589041,Significant_Damage_And_Fatalities,0,0.49353840605842003,2
1248,2,0.537374915697402,90.65,60.6198723792161,8,39765.5148626154,56.894977168949794,Significant_Damage_And_Serious_Injuries,21,0.371648755860079,1
9908,7,0.00400045874080407,84.4,72.6526891522334,8,41870.0262217125,66.57534246575341,Minor_Damage_And_Injuries,1,0.46721312657771297,3
4017,7,0.00387886876565629,80.54,70.0091157702826,23,47182.814607408094,31.735159817351605,Significant_Damage_And_Fatalities,17,0.19819040750090197,2
4200,7,0.0037845533395528,76.81,45.897903372834996,13,42042.617934552996,62.511415525114096,Significant_Damage_And_Serious_Injuries,22,0.804753696357736,4
9074,6,0.00309338983224626,80.53,82.1786690975388,13,14519.2418896442,40.7762557077626,Significant_Damage_And_Serious_Injuries,2,0.17655319148936105,3
8696,1,0.7733835045330658,80.35,72.6526891522334,13,21079.1691091078,64.6575342465753,Significant_Damage_And_Fatalities,19,0.388958528669311,2
11862,3,0.112198793945968,79.55,59.024612579763,9,22475.1258704004,54.0639269406393,Highly_Fatal_And_Damaging,1,0.34532347637937205,2
7912,4,0.0679782706767918,87.34,49.2251595259799,8,37436.7322135348,77.76255707762559,Significant_Damage_And_Serious_Injuries,1,0.541140281283808,4
8597,7,0.0024140516354806602,79.89,64.4484958979034,13,27787.3464350781,63.1963470319635,Significant_Damage_And_Fatalities,16,0.339192931842769,3
12274,7,0.0028863577583363802,78.28,52.415679124886104,10,30305.5164786489,61.5525114155251,Significant_Damage_And_Serious_Injuries,2,0.47226181031373904,1
8340,2,0.519355070097568,77.92,48.9061075660894,14,38375.4374821499,47.8082191780822,Highly_Fatal_And_Damaging,1,0.556286332491886,3
5036,3,0.198958190239315,82.45,84.5487693710119,11,39961.8207622236,48.7214611872146,Significant_Damage_And_Serious_Injuries,1,0.20143598990263198,1
2725,2,0.34328652141065796,83.6,78.7602552415679,12,25265.936551665,55.1141552511415,Minor_Damage_And_Injuries,2,0.335586729174179,3
11600,4,0.0484619583526901,77.79,74.1567912488605,19,26198.215840415898,6.347031963470321,Highly_Fatal_And_Damaging,6,0.221270104579877,2
2244,6,0.00503019856519494,83.45,57.611668185961705,12,20265.0426177619,43.01369863013699,Significant_Damage_And_Serious_Injuries,0,0.4686556076451501,3
3506,6,0.0056956973289719205,78.7,73.70100273473109,11,21036.148726241398,37.1232876712329,Highly_Fatal_And_Damaging,0,0.29159105661738105,3
3804,4,0.0571970099697241,80.72,61.2579762989973,10,31639.1855021958,61.324200913241995,Minor_Damage_And_Injuries,1,0.395449693472773,3
11527,1,1.21102426293125,84.32,78.3044667274385,13,32806.2895663649,29.3607305936073,Highly_Fatal_And_Damaging,13,0.243989181391994,1
11325,2,0.394504816380126,81.78,81.3582497721058,10,29150.1821953109,60.0913242009132,Minor_Damage_And_Injuries,7,0.365157591056617,3
10007,2,0.45324629318165505,80.27,86.9644484958979,13,33570.2963672233,27.2602739726027,Highly_Fatal_And_Damaging,9,0.21441831950955603,3
2085,2,0.321668685211402,78.39,0.0,13,23758.6115451918,51.0502283105023,Highly_Fatal_And_Damaging,10,0.606412549585286,2
7628,2,0.8365817969425409,74.82,54.557885141294406,15,61815.498289526506,19.6803652968037,Highly_Fatal_And_Damaging,3,0.3352261089073211,0
10661,1,0.887893341795068,79.31,73.2907930720146,8,24609.0335512452,54.5205479452055,Significant_Damage_And_Serious_Injuries,5,0.244349801658853,3
12370,7,0.0041686620510037395,77.08,53.463992707383795,13,42110.1776481671,64.0182648401826,Significant_Damage_And_Serious_Injuries,2,0.392564731337901,4
7249,6,0.00303189200401893,83.7,95.4876937101185,15,14287.475458532701,32.8767123287671,Significant_Damage_And_Serious_Injuries,4,0.17294698882077197,2
6635,1,1.13694765500617,76.42,74.61257976299,12,30726.5644703725,30.9132420091324,Highly_Fatal_And_Damaging,3,0.20143598990263198,3
2231,4,0.0732355607136367,78.52,70.7839562443026,15,39792.6226383172,22.2831050228311,Highly_Fatal_And_Damaging,7,0.37958240173097707,4
7039,6,0.009724337338354521,82.75,75.2962625341842,14,41468.3975005761,34.474885844748805,Significant_Damage_And_Serious_Injuries,17,0.322604399567255,2
11716,4,0.0528451340525014,77.16,48.31358249772101,12,29502.763421053198,32.1461187214612,Significant_Damage_And_Fatalities,1,0.51156941940137,1
10274,1,1.1722142956384698,79.83,80.35551504102101,12,31922.100323079703,31.8264840182648,Highly_Fatal_And_Damaging,2,0.22920375045077498,2
4201,4,0.0580288359949266,80.44,53.8742023701003,11,31239.8537935055,36.2557077625571,Significant_Damage_And_Fatalities,10,0.41636566895059496,3
4051,2,0.59741302238325,76.27,70.464904284412,8,44265.543775561506,69.5433789954338,Minor_Damage_And_Injuries,2,0.330538045438154,0
10099,6,0.00526925718600814,77.1,62.2607110300821,13,20637.7837001384,41.324200913242,Significant_Damage_And_Serious_Injuries,6,0.4372816444284171,2
2425,1,0.859867417828303,80.35,67.9580674567001,5,23295.8406121284,55.8447488584475,Highly_Fatal_And_Damaging,7,0.399055896141363,2
8662,1,1.3901185803260703,80.71,67.0920692798541,13,38032.8138917158,27.4885844748858,Highly_Fatal_And_Damaging,0,0.58729967544176,1
11802,6,0.0035568774101538,81.45,45.1686417502279,15,12866.6100544267,22.328767123287697,Significant_Damage_And_Fatalities,4,0.47839235485034204,1
3939,1,1.1897385093264299,81.39,49.13400182315411,16,32337.3176953635,29.4977168949772,Minor_Damage_And_Injuries,2,0.431151099891814,1
2856,6,0.00427834417018891,81.23,80.4466727438469,18,19201.5021304644,23.6529680365297,Significant_Damage_And_Serious_Injuries,7,0.346765957446808,1
9438,2,0.431251474752445,80.14,53.00820419325439,16,32008.2193613858,39.726027397260296,Highly_Fatal_And_Damaging,7,0.311064551027768,2
6100,3,0.107908405084565,81.26,56.608933454877004,11,21723.6549068887,68.9954337899543,Highly_Fatal_And_Damaging,1,0.231728092318788,4
8521,2,0.395213777481635,77.36,52.9170464904284,8,29202.567728820897,44.5205479452055,Significant_Damage_And_Fatalities,3,0.410235124413992,3
7193,3,0.0594495856748826,85.77,69.5533272561531,16,11940.768481410601,17.442922374429198,Highly_Fatal_And_Damaging,4,0.247234763793725,2
5208,3,0.166023869314956,80.64,76.8003646308113,14,33358.804600930496,25.296803652968002,Highly_Fatal_And_Damaging,3,0.22956437071763397,1
11656,4,0.0845834601765373,76.63,67.50227894257071,17,46674.0869460328,15.4794520547945,Highly_Fatal_And_Damaging,4,0.23136747205192898,1
3267,6,0.00810038539197636,76.22,63.217866909753894,15,31721.4461489696,31.8721461187215,Significant_Damage_And_Serious_Injuries,6,0.448460872701046,1
7521,6,0.0114943524785138,77.9,51.777575205104796,12,47882.5666610854,44.4292237442922,Minor_Damage_And_Injuries,20,0.510848178867652,2
11871,5,0.0324373855024073,85.61,55.9708295350957,11,49270.6706051278,56.6666666666667,Highly_Fatal_And_Damaging,1,0.3352261089073211,3
8690,3,0.167165430554854,81.26,60.847766636280795,7,33640.8300414984,72.9680365296803,Minor_Damage_And_Injuries,0,0.46108258204110997,2
6437,7,0.00321479368160568,84.92,75.7976298997265,10,34239.8497938214,72.00913242009129,Significant_Damage_And_Fatalities,7,0.28726361341507395,3
3038,3,0.12433664971354302,80.55,79.8997265268915,11,24906.0402387375,47.899543378995396,Significant_Damage_And_Serious_Injuries,9,0.29555787955283,2
3653,7,0.00357842530993307,83.6,55.241567912488605,10,37713.772281611,49.5890410958904,Minor_Damage_And_Injuries,8,0.26490515686981597,2
11345,7,0.00318557811251554,78.15,48.31358249772101,13,33950.8827492174,52.739726027397204,Minor_Damage_And_Injuries,3,0.414923187883159,3
9942,6,0.0027925418240612302,78.85,64.8131267092069,16,10313.8777973577,55.0228310502283,Significant_Damage_And_Fatalities,34,0.5515982690227189,3
4297,4,0.0521361149070095,78.9,47.7666362807658,18,28451.0147010119,11.826484018264802,Significant_Damage_And_Fatalities,9,0.510126938333934,2
7001,4,0.0697843616372638,79.37,74.29352780309941,9,37862.9199927159,40.6392694063927,Highly_Fatal_And_Damaging,13,0.33883231157591,0
5138,7,0.00223621061938481,78.91,70.0091157702826,8,22921.0773301534,79.4063926940639,Significant_Damage_And_Fatalities,0,0.48163793725207393,1
8267,7,0.00232829982073789,83.32,63.3546034639927,15,25648.667608574702,45.9817351598173,Minor_Damage_And_Injuries,3,0.59415146051208,2
5407,3,0.12462921045016499,83.76,62.2607110300821,10,24973.6836872682,51.1872146118721,Significant_Damage_And_Serious_Injuries,0,0.525272989542012,3
2500,3,0.113705263493203,78.9,38.787602552415706,11,22727.3215190547,46.4383561643836,Minor_Damage_And_Injuries,13,0.635622791200865,2
11430,1,1.44569257769582,81.53,68.7329079307201,9,38968.236520877996,40.821917808219204,Highly_Fatal_And_Damaging,2,0.25084096646231496,2
12283,4,0.0444837660915728,78.99,51.0483135824977,14,24188.3948414421,25.570776255707802,Significant_Damage_And_Fatalities,2,0.6284103858636851,1
5844,7,0.00165483628932035,76.87,87.23792160437559,8,19262.1840059827,80.958904109589,Significant_Damage_And_Fatalities,12,0.264544536602957,3
7938,2,0.650803040016768,80.44,69.37101185050139,11,48088.2017203851,59.04109589041099,Minor_Damage_And_Injuries,2,0.29447601875225393,0
5060,7,0.00383708389771657,79.51,64.9954421148587,13,46371.5275238705,28.2191780821918,Highly_Fatal_And_Damaging,0,0.42285683375405697,2
10475,4,0.0560106003796652,78.36,66.5451230628988,15,30605.4321457317,22.9680365296804,Highly_Fatal_And_Damaging,0,0.306737107825459,2
8151,5,0.0173519118509636,82.86,48.9061075660894,9,25644.4684192504,72.46575342465749,Significant_Damage_And_Serious_Injuries,2,0.662308690948431,2
10459,2,0.273440189207303,83.71,55.5150410209663,12,20204.6489775497,55.662100456621,Highly_Fatal_And_Damaging,21,0.5681868012982328,0
6880,2,0.442575446115247,76.56,77.7575205104832,12,32690.625773518397,65.4337899543379,Minor_Damage_And_Injuries,12,0.308179588892896,1
1829,1,1.6059823083827098,84.29,62.2607110300821,18,43422.952324570295,33.7442922374429,Minor_Damage_And_Injuries,10,0.375254958528669,1
2573,3,0.202363110539689,78.75,66.04375569735639,15,40491.8862409923,33.698630136986296,Significant_Damage_And_Serious_Injuries,7,0.354699603317706,1
6585,1,1.10726459904649,81.39,52.461257976299,16,30063.405073106802,28.675799086757998,Minor_Damage_And_Injuries,11,0.32368626036783194,2
12056,1,1.1896234362753701,79.66,59.3892433910666,19,32337.3176953635,30.7305936073059,Minor_Damage_And_Injuries,2,0.42718427695636496,1
6903,3,0.16352633269592198,78.52,82.0875113947128,9,32746.1554861564,52.3744292237443,Significant_Damage_And_Serious_Injuries,19,0.462885683375405,1
8930,3,0.185836721640805,77.7,71.19416590701921,10,37477.5074617678,51.2785388127854,Significant_Damage_And_Serious_Injuries,9,0.42429931482149297,2
10708,6,0.00967149012379955,78.34,54.7402005469462,9,39274.1367282181,52.9223744292237,Minor_Damage_And_Injuries,5,0.5003901911287411,2
1643,4,0.0575081967404916,77.02,66.5451230628988,10,31387.7303250155,60.0913242009132,Minor_Damage_And_Injuries,5,0.41095636494771004,2
7502,4,0.0592112001916615,88.04,60.7110300820419,15,31864.7898725408,20.2739726027397,Highly_Fatal_And_Damaging,5,0.36083014785430895,2
11510,3,0.17415341436218398,83.34,73.0173199635369,11,35121.5544506946,47.9908675799087,Significant_Damage_And_Serious_Injuries,0,0.22343382618103103,3
7088,6,0.00623447084626441,84.82,56.9279854147676,17,24122.306625314,27.1232876712329,Minor_Damage_And_Injuries,3,0.35614208438514205,1
9754,7,0.0026681802404638104,78.25,55.0592525068368,6,31318.3160971791,91.2328767123288,Significant_Damage_And_Serious_Injuries,3,0.508684457266498,1
5695,2,0.384621350729976,78.37,59.480401093892496,11,28436.741416448,45.433789954337904,Significant_Damage_And_Serious_Injuries,3,0.514093761269383,0
1487,7,0.0027759536961866602,79.6,55.6061987237922,16,29538.27364245,40.684931506849296,Highly_Fatal_And_Damaging,9,0.43331482149296796,2
2884,3,0.12443500146802301,83.9,59.2980856882407,17,24897.4411607909,12.9680365296804,Highly_Fatal_And_Damaging,6,0.33811107104219196,0
2350,7,0.00311549295347341,83.94,76.5724703737466,17,32213.696003509904,27.8538812785388,Significant_Damage_And_Serious_Injuries,6,0.233531193653083,3
9009,2,0.41527188517091995,75.99,70.82953509571558,14,30684.6725583661,47.899543378995396,Minor_Damage_And_Injuries,29,0.339914172376487,2
2898,2,0.516512802350989,78.31,63.5824977210575,10,38165.4207238734,63.6529680365297,Minor_Damage_And_Injuries,1,0.482359177785791,1
6295,4,0.0652770328532724,75.95,63.3546034639927,11,35490.4760411693,35.4337899543379,Highly_Fatal_And_Damaging,6,0.32116191849982,2
278,2,0.413267080126156,78.31,72.24247948951691,15,30465.089991741603,45.205479452054796,Minor_Damage_And_Injuries,3,0.26815073927154703,1
1996,6,0.00691660370224402,79.09,65.0410209662717,18,27487.688802433197,24.9315068493151,Significant_Damage_And_Serious_Injuries,6,0.43908474576271206,3
6112,3,0.167893190363399,78.12,73.9744758432088,19,33896.0232636711,20.958904109589,Significant_Damage_And_Serious_Injuries,20,0.334865488640461,3
12122,5,0.00375549732045075,83.08,70.0091157702826,17,11025.734744313,49.4520547945205,Significant_Damage_And_Fatalities,5,0.34171727371078203,3
7202,2,0.653014214204056,75.76,80.4010938924339,7,48352.0147996316,73.3333333333333,Minor_Damage_And_Injuries,6,0.243628561125135,4
4165,6,0.00705230146184997,76.18,84.8678213309025,16,29311.5725785883,29.406392694063896,Significant_Damage_And_Serious_Injuries,19,0.421053732419762,3
4681,3,0.183405433181803,86.32,75.38742023701,6,36736.2901448529,63.698630136986296,Significant_Damage_And_Serious_Injuries,4,0.23894049765596803,3
12385,3,0.202521398591503,76.9,72.7438468550593,15,40239.880261881095,31.5981735159817,Significant_Damage_And_Serious_Injuries,8,0.18665055896141297,3
3279,3,0.147969484951643,76.93,68.3226982680037,15,29763.1841640457,34.429223744292194,Significant_Damage_And_Serious_Injuries,1,0.258774612333213,2
7604,1,1.39914903206619,79.56,57.474931631722896,10,37933.3990008527,48.310502283105,Significant_Damage_And_Serious_Injuries,5,0.39292535160476,0
2345,7,0.00353978635402655,82.59,67.7757520510483,13,37772.6897005185,52.8767123287671,Minor_Damage_And_Injuries,1,0.251922827262892,1
11170,1,1.32525896658218,77.26,79.535095715588,13,36048.4823583013,29.1780821917808,Highly_Fatal_And_Damaging,4,0.29483663901911306,2
3785,3,0.211728167404242,86.36,48.268003646308095,11,42615.8389199835,48.401826484018294,Minor_Damage_And_Injuries,2,0.42898737829066,4
8582,4,0.0637233304662383,78.2,83.40929808568829,10,35048.0265895625,36.6666666666667,Highly_Fatal_And_Damaging,11,0.289427335016228,2
7134,7,0.00189626987285492,79.81,66.1804922515953,17,20106.7303917632,48.7214611872146,Significant_Damage_And_Fatalities,3,0.37633681932924606,3
2839,1,1.01607221631166,78.7,73.2452142206017,16,27823.4561463994,19.041095890411,Highly_Fatal_And_Damaging,4,0.23894049765596803,1
3234,5,0.0330801193794526,81.66,51.0938924339107,19,48338.7786128591,32.739726027397296,Highly_Fatal_And_Damaging,7,0.63021348719798,2
2903,6,0.010108419161522,79.89,43.5278030993619,11,40442.728147577596,47.4885844748858,Minor_Damage_And_Injuries,13,0.4856047601875229,3
1391,6,0.00607740767699834,78.8,72.8350045578852,15,23536.900903883597,45.296803652967995,Minor_Damage_And_Injuries,1,0.27428128380815,2
12489,5,0.0164689122872173,76.18,88.6052871467639,12,24842.6498966652,56.027397260274,Minor_Damage_And_Injuries,2,0.28906671474936896,2
53,1,1.27665927889249,76.85,72.24247948951691,16,34544.1444583375,16.3470319634703,Highly_Fatal_And_Damaging,0,0.398695275874504,2
8357,6,0.00645951923367222,82.13,58.5232452142206,12,26640.109079398702,42.8767123287671,Significant_Damage_And_Serious_Injuries,14,0.416005048683736,2
12393,2,0.30011361651155,78.83,76.5724703737466,17,22106.5964598616,39.3607305936073,Minor_Damage_And_Injuries,0,0.3352261089073211,2
12123,4,0.0408770658166928,79.88,39.8814949863264,9,22065.883166724303,41.3698630136986,Significant_Damage_And_Fatalities,20,0.7351539848539491,3
3594,6,0.00716115285602777,79.3,79.2160437556974,16,30586.407239901,28.493150684931503,Significant_Damage_And_Serious_Injuries,9,0.26851135953840605,3
7671,1,1.3421932486929098,79.06,59.7082953509572,15,35966.247022064905,22.2831050228311,Highly_Fatal_And_Damaging,12,0.556646952758745,2