Accident_ID,Accident_Type_Code,Adverse_Weather_Metric,Cabin_Temperature,Control_Metric,Days_Since_Inspection,Max_Elevation,Safety_Score,Severity,Total_Safety_Complaints,Turbulence_In_gforces,Violations
9575,3,0.252486007013691,78.51,41.2488605287147,13,51535.3662523604,28.9041095890411,Significant_Damage_And_Fatalities,3,0.757151821132347,1
7694,1,0.518572471316774,81.48,74.9772105742936,14,13658.8165000358,23.150684931506802,Highly_Fatal_And_Damaging,9,0.326571222502704,2
10977,5,0.0273168021552321,78.02,73.4275296262534,12,40674.112655783,55.0228310502283,Minor_Damage_And_Injuries,1,0.35614208438514205,1
9541,7,0.00338056527837996,81.97,58.5232452142206,9,39848.6893071312,41.643835616438295,Highly_Fatal_And_Damaging,1,0.333423007573026,2
376,3,0.159286052499828,80.26,66.6362807657247,14,31993.458888341,37.3059360730594,Significant_Damage_And_Serious_Injuries,7,0.37273061666065604,2
5301,5,0.026380928931565,82.43,68.1403828623519,13,38087.8441285087,52.739726027397204,Minor_Damage_And_Injuries,2,0.26165957446808497,2
7528,1,1.24631439155671,82.45,59.89061075660889,15,33771.0947870574,21.1872146118721,Highly_Fatal_And_Damaging,2,0.42429931482149297,1
4318,3,0.10639403449074698,78.09,75.8432087511395,11,21154.8577344722,45.0684931506849,Significant_Damage_And_Serious_Injuries,6,0.376697439596105,3
1700,3,0.163199733689906,77.11,69.4165907019143,13,32990.9149372376,41.0045662100457,Significant_Damage_And_Serious_Injuries,21,0.322604399567255,2
9652,3,0.128896401917114,80.74,53.7374658158614,17,26026.0289669448,12.9680365296804,Highly_Fatal_And_Damaging,0,0.273199423007573,1
3757,5,0.0130313613858333,79.63,85.278030993619,12,18965.2829541948,65.4337899543379,Minor_Damage_And_Injuries,7,0.325489361702128,2
724,2,0.47337143651023106,79.21,56.19872379216039,8,35004.0541195592,68.4018264840182,Highly_Fatal_And_Damaging,3,0.546910205553552,1
463,4,0.0263158471738954,79.63,71.3764813126709,17,15175.1319946798,13.37899543379,Highly_Fatal_And_Damaging,14,0.41961125135232596,2
6087,2,0.352349972573073,77.64,65.22333637192351,9,26020.7634174777,65.98173515981729,Minor_Damage_And_Injuries,15,0.254807789397764,1
5770,6,0.00736692430030834,82.3,56.9279854147676,14,29640.209434172404,37.3972602739726,Minor_Damage_And_Injuries,9,0.46721312657771297,1
11135,3,0.17562474822040197,81.23,69.1431175934367,12,35291.7978906572,42.100456621004604,Significant_Damage_And_Serious_Injuries,2,0.38030364226469504,1
4833,3,0.183405433181803,81.1,73.3819507748405,11,36882.331913338996,45.0684931506849,Significant_Damage_And_Serious_Injuries,6,0.238579877389109,2
4510,3,0.18181778195641604,77.99,54.69462169553329,15,36305.7929992729,31.1872146118721,Minor_Damage_And_Injuries,7,0.371648755860079,1
7973,4,0.0639321880002275,82.2,49.0884229717411,15,34985.7217148431,20.0913242009132,Significant_Damage_And_Fatalities,10,0.590545257843491,2
1856,2,0.35853550033464393,80.65,47.0373746581586,19,26816.7519798023,30.8675799086758,Minor_Damage_And_Injuries,6,0.675291020555355,2
6790,6,0.0127939398824036,80.03,71.3764813126709,9,52189.5365431102,51.689497716895,Significant_Damage_And_Serious_Injuries,4,0.322604399567255,3
86,4,0.0515663632026278,79.71,65.1777575205105,17,28036.275094829398,13.789954337899498,Highly_Fatal_And_Damaging,3,0.457115759105661,0
10742,4,0.0408770658166928,78.64,79.8997265268915,7,22331.875125169503,49.178082191780796,Highly_Fatal_And_Damaging,0,0.134,1
283,4,0.0949573213366051,79.48,69.0519598906108,15,50517.1199137983,21.2328767123288,Highly_Fatal_And_Damaging,4,0.325849981968986,3
3261,7,0.00316851867819873,80.44,63.90154968094811,4,36722.333573037096,100.0,Significant_Damage_And_Fatalities,0,0.24543166245943,4
7674,3,0.22523646069519798,80.55,82.9079307201459,10,45302.303706689694,61.41552511415521,Minor_Damage_And_Injuries,1,0.256610890732059,1
7547,6,0.00631949156737795,82.73,70.464904284412,16,24242.431985578998,30.776255707762605,Significant_Damage_And_Serious_Injuries,3,0.341356653443924,2
7017,3,0.14324175210881399,78.03,72.5615314494075,14,28770.8750092367,34.7945205479452,Significant_Damage_And_Serious_Injuries,0,0.31214641182834496,1
7657,4,0.0824157481424522,78.25,59.115770282588905,19,44292.0072613337,18.7214611872146,Significant_Damage_And_Serious_Injuries,3,0.47117994951316206,3
6384,1,1.57560922196678,76.79,65.9981768459435,20,42504.4422413966,16.986301369863,Significant_Damage_And_Serious_Injuries,15,0.38030364226469504,3
8373,4,0.0715707647756609,80.14,80.8568824065634,15,38973.1647547029,44.9315068493151,Minor_Damage_And_Injuries,0,0.358305805986296,2
9738,4,0.0736509209184376,81.07,68.64175022789429,12,40657.7633959541,30.5022831050228,Highly_Fatal_And_Damaging,0,0.41348070681572296,2
2637,2,0.440110495001411,75.68,80.08204193254329,14,32539.845101990497,23.424657534246602,Highly_Fatal_And_Damaging,0,0.2201882437793,1
6498,2,0.38484944539213106,75.58,70.0091157702826,9,28473.7861502813,64.5662100456621,Minor_Damage_And_Injuries,2,0.38174612333213104,2
4268,5,0.0251101485805745,83.81,68.5050136736554,10,37002.5192831597,50.0456621004566,Significant_Damage_And_Serious_Injuries,2,0.416005048683736,4
3283,4,0.0531635622842917,79.66,81.26709206927991,15,28994.8333817836,21.6438356164384,Highly_Fatal_And_Damaging,13,0.201075369635773,2
33,2,0.653900333012144,83.22,59.89061075660889,16,49106.3559589155,40.091324200913206,Minor_Damage_And_Injuries,4,0.38174612333213104,3
2788,6,0.00892827044876468,87.34,64.8131267092069,12,36468.4292231444,43.8356164383562,Significant_Damage_And_Serious_Injuries,2,0.389679769203029,3
4080,4,0.061124830982299,83.58,51.1850501367366,12,33673.5787819803,30.1826484018265,Significant_Damage_And_Fatalities,0,0.640671474936891,1
4387,3,0.136897973743858,83.64,67.228805834093,16,27506.1966528776,30.776255707762605,Significant_Damage_And_Serious_Injuries,18,0.409513883880274,2
9440,3,0.17916718862667602,77.92,54.968094804010896,13,36219.5213082148,40.365296803653,Minor_Damage_And_Injuries,9,0.30349152542372904,2
6305,3,0.15998293847651698,79.45,69.1431175934367,9,32266.136231482596,52.9223744292237,Significant_Damage_And_Serious_Injuries,5,0.396892174540209,2
12230,4,0.0648147786182977,83.44,45.897903372834996,13,35387.6700736684,50.7762557077626,Highly_Fatal_And_Damaging,8,0.6579812477461229,3
1317,2,0.351388022143726,79.17,61.9416590701914,12,26040.2990908391,54.0182648401826,Minor_Damage_And_Injuries,8,0.39148287053732395,2
5881,7,0.00401610269010273,78.68,79.03372835004559,13,43717.2844019346,40.7305936073059,Significant_Damage_And_Serious_Injuries,6,0.232088712585647,1
12213,1,0.7905536062755699,79.62,71.19416590701921,8,21782.8175480912,44.4748858447489,Highly_Fatal_And_Damaging,14,0.346765957446808,3
1171,1,0.987286044625869,81.82,88.24065633546041,8,26663.960835205402,44.84018264840179,Highly_Fatal_And_Damaging,2,0.17475009015506698,3
2563,2,0.5768310721770981,79.31,85.5970829535096,12,42885.390681345896,32.1917808219178,Highly_Fatal_And_Damaging,0,0.263823296069239,0
8466,2,0.559006907847623,79.88,84.2752962625342,17,41380.2006558883,16.1643835616438,Highly_Fatal_And_Damaging,12,0.21874576271186397,2
2058,4,0.0577524992640029,84.72,59.161349134001796,11,31228.509317742402,35.0228310502283,Highly_Fatal_And_Damaging,1,0.39076163000360603,2
10443,4,0.0758160751129294,78.86,78.94257064721971,7,41910.8098811917,49.6803652968036,Highly_Fatal_And_Damaging,1,0.207205914172377,3
4244,3,0.19654055778837398,81.43,56.973564266180496,16,39759.020002548,54.2922374429224,Significant_Damage_And_Serious_Injuries,24,0.438002884962135,2
11208,7,0.00387806385854065,80.63,57.8395624430264,8,44502.4966181395,44.337899543379,Highly_Fatal_And_Damaging,19,0.30313090515687,2
3513,1,1.31166391799607,81.2,66.4995442114859,12,35522.814116210895,31.2328767123288,Highly_Fatal_And_Damaging,13,0.405547060944825,2
5306,4,0.037029030621957004,78.97,65.3600729261623,9,20390.802486206598,39.8173515981735,Highly_Fatal_And_Damaging,2,0.272478182473855,3
6013,3,0.20989097427362,79.76,53.919781221513205,13,42065.3824301481,39.13242009132421,Significant_Damage_And_Serious_Injuries,0,0.61939487919221,3
1145,2,0.637457086688145,79.71,86.82771194165909,11,46540.2467885055,70.63926940639271,Significant_Damage_And_Fatalities,0,0.18845366029570798,3
755,6,0.00990625580190773,77.36,64.35733819507749,13,40487.0460768338,40.86757990867579,Significant_Damage_And_Serious_Injuries,1,0.301327803822575,4
12181,7,0.00291125090811163,76.69,73.4731084776664,9,28815.0595298404,75.2054794520548,Significant_Damage_And_Fatalities,1,0.368763793725207,2
6999,7,0.0020642750489768,81.83,82.9535095715588,16,22861.383659559,53.1963470319635,Significant_Damage_And_Fatalities,0,0.17943815362423302,2
8837,4,0.0525367024728564,80.07,49.4530537830446,11,29518.6129237704,37.5342465753425,Significant_Damage_And_Fatalities,3,0.5155362423368189,2
12440,4,0.0487621006652892,79.58,67.0464904284412,15,26744.8667985702,19.589041095890398,Highly_Fatal_And_Damaging,3,0.41636566895059496,1
10562,4,0.0350890825621048,79.65,51.1850501367366,16,18842.7886746802,28.630136986301398,Minor_Damage_And_Injuries,11,0.375615578795528,0
3995,5,0.00375549732045075,80.43,75.7976298997265,10,12666.7712047322,72.00913242009129,Significant_Damage_And_Fatalities,3,0.342077893977641,3
10363,3,0.18259955280678303,78.84,80.6745670009116,10,36748.2703672973,50.50228310502279,Significant_Damage_And_Serious_Injuries,0,0.24002235845654502,4
12109,6,0.0101249384175377,79.03,73.2907930720146,12,37541.6763730355,44.7488584474886,Significant_Damage_And_Serious_Injuries,1,0.25769275153263604,0
10108,3,0.124631110425203,84.87,35.9161349134002,14,25032.827702232902,36.3470319634703,Minor_Damage_And_Injuries,5,0.455673278038226,3
858,2,0.42252959991448297,82.73,64.4484958979034,11,31122.645847557702,56.9406392694064,Minor_Damage_And_Injuries,5,0.45387017670393,2
947,1,1.24933997725514,84.62,74.7948951686418,9,33963.8106036965,42.648401826484,Highly_Fatal_And_Damaging,0,0.338471691309052,3
11314,1,0.9772734859342791,77.03,62.0328167730173,14,26397.203120675098,24.7945205479452,Highly_Fatal_And_Damaging,16,0.357945185719437,1
10205,2,0.238677717027038,80.2,69.2342752962625,17,18466.4302483408,39.4520547945205,Minor_Damage_And_Injuries,2,0.34388099531193606,4
4608,4,0.0388307713777085,77.33,67.6390154968095,7,20822.309435099898,47.8082191780822,Highly_Fatal_And_Damaging,6,0.269232600072124,3
9559,2,0.37781960523515,81.48,68.64175022789429,12,27975.799439279,29.7260273972603,Highly_Fatal_And_Damaging,0,0.4120382257482871,1
6275,1,1.6164346520006698,79.67,63.30902461257979,17,44290.070229660996,13.652968036529698,Highly_Fatal_And_Damaging,12,0.306737107825459,2
8700,7,0.00222971733346745,79.69,75.7976298997265,19,23042.462103486,6.347031963470321,Highly_Fatal_And_Damaging,5,0.39436783267219605,2
8484,2,0.5323831645572229,80.59,64.35733819507749,15,39482.9418262533,32.0091324200913,Significant_Damage_And_Serious_Injuries,7,0.4145625676163,2
1291,2,0.5762014289405589,78.86,54.056517775752106,10,42365.0610556393,63.6529680365297,Highly_Fatal_And_Damaging,11,0.528518571943743,0
3736,3,0.141031133810539,78.18,50.6381039197812,4,28135.917314679198,65.4337899543379,Significant_Damage_And_Fatalities,2,0.479474215650919,4
6038,1,1.7395281798603202,83.03,70.8751139471286,14,47358.6935139444,36.894977168949794,Significant_Damage_And_Serious_Injuries,0,0.205402812838081,2
3322,7,0.00348072307499041,77.4,66.9553327256153,9,39189.4780352356,76.39269406392691,Significant_Damage_And_Fatalities,9,0.463246303642264,2
581,2,0.302231914191802,79.58,52.18778486782129,12,22671.8172128642,43.6529680365297,Significant_Damage_And_Serious_Injuries,8,0.5681868012982328,1
10558,2,0.45369397511610404,81.15,74.74931631722879,15,33730.6363753111,21.2785388127854,Highly_Fatal_And_Damaging,17,0.412759466282005,1
5443,6,0.00899424219999056,78.63,66.1349134001823,11,37123.4671202188,69.9543378995434,Significant_Damage_And_Fatalities,3,0.296279120086549,2
1627,2,0.542971582342991,79.85,80.4010938924339,18,39903.4967278214,35.388127853881294,Minor_Damage_And_Injuries,4,0.33702921024161503,1
4185,6,0.00919704057079272,88.74,62.6709206927985,9,34501.86147776,52.283105022831,Significant_Damage_And_Serious_Injuries,4,0.461803822574828,2
5786,3,0.17306668059365998,78.93,88.24065633546041,8,34610.760612027,44.84018264840179,Highly_Fatal_And_Damaging,2,0.199632888568337,4
10115,4,0.0514949039430899,84.62,78.9881494986326,8,28364.6114565323,45.342465753424705,Highly_Fatal_And_Damaging,1,0.309622069960331,3
10189,3,0.18181778195641604,77.08,57.2926162260711,8,36411.9266798379,44.794520547945204,Highly_Fatal_And_Damaging,22,0.475868012982329,1
7129,5,0.0145494650084558,79.89,62.1695533272562,13,21612.7535707374,39.4520547945205,Significant_Damage_And_Serious_Injuries,4,0.496423368193292,1
976,5,0.00451160449111055,82.97,40.838650865998204,9,6543.68933703962,72.1004566210046,Significant_Damage_And_Serious_Injuries,7,0.40662892174540205,4
10277,3,0.1788416951388,77.27,55.1048313582498,16,35794.8363803313,41.0958904109589,Highly_Fatal_And_Damaging,5,0.30998269022719105,2
9466,1,1.7872888721267501,76.61,38.149498632634504,17,48855.489824051605,14.5205479452055,Significant_Damage_And_Fatalities,12,0.705583122971511,2
1707,5,0.0195220582116127,79.37,51.777575205104796,10,28875.5800147687,37.4885844748858,Significant_Damage_And_Fatalities,3,0.606412549585286,1
12291,1,0.819092324798317,79.27,69.0519598906108,9,22002.727826705697,40.273972602739704,Highly_Fatal_And_Damaging,6,0.40807140281283794,2
7417,3,0.151840046781855,82.02,55.6061987237922,4,30551.914471598397,70.0456621004566,Minor_Damage_And_Injuries,1,0.38030364226469504,2
5635,6,0.00930781326945242,77.22,59.7538742023701,20,40846.9168997547,40.5479452054794,Significant_Damage_And_Fatalities,6,0.334865488640461,4
8960,3,0.17923117292361698,97.51,74.29352780309941,9,35921.3147111583,52.9223744292237,Significant_Damage_And_Serious_Injuries,3,0.58729967544176,1
3386,2,0.587649264666186,75.41,65.0865998176846,6,43310.601476650496,76.6666666666667,Minor_Damage_And_Injuries,21,0.46108258204110997,4
9131,3,0.128711312514445,85.3,76.8003646308113,15,25735.8047537328,33.1050228310502,Significant_Damage_And_Serious_Injuries,2,0.38030364226469504,2
7219,2,0.34950274543965504,77.6,63.719234275296294,12,25730.220753821603,55.0684931506849,Minor_Damage_And_Injuries,1,0.482359177785791,2
11733,5,0.0147190422445625,82.5,74.1567912488605,18,21954.4716580689,12.4657534246575,Highly_Fatal_And_Damaging,2,0.22343382618103103,2
2763,2,0.32153784227771903,79.65,63.6736554238833,12,23570.7799761552,54.109589041095894,Minor_Damage_And_Injuries,4,0.22523692751532604,3
4928,2,0.347656319724328,78.72,78.94257064721971,11,25486.8254567764,58.675799086758005,Minor_Damage_And_Injuries,1,0.26815073927154703,1
4309,4,0.0317004518773675,80.26,73.746581586144,11,17735.214441938002,36.62100456621,Highly_Fatal_And_Damaging,4,0.29591849981969,3
7280,7,0.0028524364653323103,77.27,71.8778486782133,18,28356.813204319904,46.6666666666667,Significant_Damage_And_Fatalities,4,0.362272628921745,3
11304,6,0.00812807991710159,80.83,82.4977210574294,15,32585.484191749303,33.1050228310502,Significant_Damage_And_Serious_Injuries,12,0.211893977641543,3
10064,7,0.00348072307499041,77.27,66.1349134001823,10,40019.496871603,51.2785388127854,Significant_Damage_And_Serious_Injuries,13,0.28654237288135603,1
8666,5,0.0311311252022979,80.34,60.3463992707384,12,45881.8023814062,57.0319634703196,Minor_Damage_And_Injuries,33,0.265626397403534,2
11101,1,0.7905536062755699,79.98,92.9352780309936,16,21662.1727035104,17.442922374429198,Highly_Fatal_And_Damaging,4,0.18520807789397797,3
8295,6,0.00900117966949737,80.65,88.87876025524159,16,34481.225822636,42.283105022831,Minor_Damage_And_Injuries,7,0.346405337179949,1
9467,7,0.0027759536961866602,79.56,37.283500455788605,8,29654.872160627,69.9086757990868,Significant_Damage_And_Serious_Injuries,2,0.694764514965741,3
3829,7,0.0033245921784687397,77.56,76.02552415679129,20,35962.4219910256,2.7397260273972597,Highly_Fatal_And_Damaging,0,0.39436783267219605,1
8777,3,0.16817304288473597,84.14,59.9817684594348,12,33553.4782836866,33.6529680365297,Highly_Fatal_And_Damaging,9,0.358305805986296,0
8902,4,0.0284279690986392,77.75,54.69462169553329,12,15949.8073396295,31.5981735159817,Significant_Damage_And_Fatalities,3,0.47839235485034204,3
9801,4,0.0495634535588507,80.23,62.351868732907896,17,27508.984750849,14.0639269406393,Highly_Fatal_And_Damaging,13,0.477671114316625,2
10876,3,0.12044619210622698,81.15,60.6198723792161,5,24203.6895848125,53.8356164383562,Significant_Damage_And_Serious_Injuries,4,0.37489433826181,1
1544,4,0.0605695652954106,81.71,58.2953509571559,14,32979.4479058636,25.296803652968002,Highly_Fatal_And_Damaging,4,0.330538045438154,1
3732,5,0.0244045214906998,86.43,61.34913400182321,16,36626.3024878979,19.6803652968037,Highly_Fatal_And_Damaging,21,0.40518644067796605,1
10754,6,0.006833850552985589,75.61,65.3600729261623,10,27070.538031905096,60.136986301369895,Minor_Damage_And_Injuries,0,0.46108258204110997,1
11692,2,0.46763122450164796,75.76,82.5888787602553,12,34553.5335145431,53.8812785388128,Minor_Damage_And_Injuries,8,0.211893977641543,2
7466,1,1.57560922196678,81.14,31.5405651777575,18,42207.8989235388,10.867579908675802,Significant_Damage_And_Fatalities,2,0.683945906959971,1
7415,3,0.141411385811606,79.46,62.807657247037405,15,28742.1312654465,33.9269406392694,Significant_Damage_And_Serious_Injuries,0,0.392204111071042,2
996,2,0.44445203903850605,79.27,58.38650865998179,13,32765.992595361,50.365296803653,Minor_Damage_And_Injuries,0,0.303852145690588,0
8477,2,0.45640800565346296,78.03,39.7447584320875,6,33751.1121700652,63.972602739726,Minor_Damage_And_Injuries,0,0.6349015506671469,2
5490,3,0.23237659577897601,82.64,55.0592525068368,6,46296.737183495,76.62100456620999,Highly_Fatal_And_Damaging,10,0.528518571943743,2
7907,6,0.00957553756891347,79.18,80.4010938924339,19,37908.7765733728,42.0547945205479,Significant_Damage_And_Fatalities,17,0.24651352326000697,2
3347,7,0.00339558807343417,77.78,53.96536007292621,19,40075.9286978829,42.100456621004604,Significant_Damage_And_Serious_Injuries,2,0.476589253516048,3
9630,3,0.172818256004364,79.09,58.933454876937105,15,34587.8862136885,31.9178082191781,Significant_Damage_And_Serious_Injuries,3,0.6096581319870179,1
8742,7,0.00277618537959387,80.67,72.4247948951687,10,28187.9686431539,38.9041095890411,Highly_Fatal_And_Damaging,0,0.322604399567255,2
10239,6,0.00341451541179736,82.73,67.0920692798541,11,14632.5824363256,45.205479452054796,Significant_Damage_And_Serious_Injuries,5,0.413120086548864,2
2896,2,0.348220671345902,76.8,61.3947128532361,13,25806.0480465467,28.2191780821918,Highly_Fatal_And_Damaging,6,0.44413342949873796,2
10047,3,0.17151013393546302,81.42,45.8067456700091,11,34132.2412197546,36.2557077625571,Significant_Damage_And_Fatalities,4,0.6107399927875939,2
11233,7,0.00340300794355129,78.97,55.0592525068368,3,40987.109431310295,83.6986301369863,Highly_Fatal_And_Damaging,2,0.26165957446808497,1
8679,7,0.00454671815180665,78.67,74.52142206016408,9,52054.3002379775,54.657534246575295,Significant_Damage_And_Serious_Injuries,5,0.207205914172377,2
7706,4,0.0703800483391097,79.85,59.024612579763,18,38369.5925771444,12.374429223744302,Highly_Fatal_And_Damaging,0,0.284739271547061,2
11753,4,0.0619950696061957,81.8,58.7055606198724,9,33758.5844534383,42.648401826484,Highly_Fatal_And_Damaging,0,0.502553912729895,1
5998,6,0.0103007561471358,79.29,56.4721969006381,12,38671.1085004594,44.4748858447489,Minor_Damage_And_Injuries,2,0.46649188604399605,2
8499,6,0.00897565017253988,80.14,67.0920692798541,13,34289.0143128188,38.584474885844706,Significant_Damage_And_Serious_Injuries,0,0.38354922466642605,1
6408,7,0.00283482891951351,78.96,64.4029170464904,10,28153.6835624095,72.32876712328759,Significant_Damage_And_Fatalities,2,0.219827623512441,3
4528,4,0.0340977244601301,75.94,61.2579762989973,13,18673.766897687,37.9908675799087,Significant_Damage_And_Serious_Injuries,7,0.35578146411828293,3
10652,7,0.0038460374795458,83.28,55.469462169553296,15,45649.8132732537,55.9360730593607,Significant_Damage_And_Serious_Injuries,4,0.45639451857194396,2
8170,4,0.0633223123824082,81.29,72.0145852324522,14,34397.7574159421,26.3013698630137,Highly_Fatal_And_Damaging,13,0.237858636855391,0
10681,1,1.62375240575535,80.55,62.1239744758432,15,43148.0017161796,43.972602739726,Minor_Damage_And_Injuries,4,0.28870609448251,2
9087,4,0.0583819270530569,82.02,65.587967183227,12,31967.454951725696,32.9223744292237,Highly_Fatal_And_Damaging,14,0.329095564370718,0
10022,3,0.185748515118673,84.92,77.4384685505925,8,37378.440261456,55.342465753424705,Significant_Damage_And_Serious_Injuries,10,0.41420194734944105,3
11212,3,0.17922537652847503,84.19,61.485870556062004,8,36056.3247444592,55.1141552511415,Significant_Damage_And_Serious_Injuries,13,0.44305156869816104,2
9434,7,0.0039571065728607295,76.37,59.024612579763,6,45864.178042370404,53.01369863013699,Highly_Fatal_And_Damaging,1,0.438002884962135,3
5542,1,1.75661161113112,80.27,66.3172288058341,12,46755.5164453914,33.1963470319635,Highly_Fatal_And_Damaging,3,0.406989542012261,1
2474,3,0.0601940801560098,79.03,38.331814038286204,15,11809.795062478,43.6529680365297,Highly_Fatal_And_Damaging,2,0.635622791200865,2
2126,2,0.598166042993753,86.39,66.9553327256153,12,44377.591545762596,53.8812785388128,Minor_Damage_And_Injuries,34,0.420332491886044,2
7601,7,0.00301174000967889,82.64,51.00273473108479,9,33673.5787819803,78.2191780821918,Significant_Damage_And_Serious_Injuries,0,0.538976559682654,4
3958,3,0.0966196448634178,79.76,74.567000911577,10,19352.8761801669,49.36073059360729,Significant_Damage_And_Serious_Injuries,3,0.224515686981608,3
2273,3,0.115305351126024,78.71,62.944393801276206,13,22969.338276676,41.0502283105023,Significant_Damage_And_Serious_Injuries,0,0.32152253876667897,1
1030,7,0.0037165658789909,83.71,51.777575205104796,10,40277.3094684945,48.9954337899543,Minor_Damage_And_Injuries,19,0.480556076451497,1
5457,2,0.7515914847110421,82.23,72.6526891522334,12,59108.8771655082,44.9771689497717,Significant_Damage_And_Serious_Injuries,4,0.378139920663541,4
2027,6,0.00651342580152575,80.22,65.8614402917047,14,26880.342186243302,35.5251141552511,Significant_Damage_And_Serious_Injuries,5,0.24759538406058398,2
3696,6,0.0115992727931572,76.34,49.042844120328205,17,47156.9384261401,47.5342465753425,Significant_Damage_And_Serious_Injuries,12,0.687191489361702,4
1810,1,1.6683432072720101,77.49,75.25068368277121,12,45265.3882053258,32.557077625570805,Highly_Fatal_And_Damaging,33,0.405547060944825,3
611,2,0.368581314855344,80.8,67.7757520510483,16,27412.2647189097,43.01369863013699,Minor_Damage_And_Injuries,2,0.313228272628922,3
11220,1,1.4403372285879998,87.11,56.2443026435734,18,39289.2195249257,33.7899543378995,Highly_Fatal_And_Damaging,1,0.47911359538406,3
3677,4,0.0373628855614637,77.4,66.9097538742024,10,20637.7837001384,50.50228310502279,Significant_Damage_And_Serious_Injuries,7,0.417086909484313,1
4616,7,0.00239474352382663,79.64,73.0173199635369,14,25158.3121080831,60.5479452054795,Significant_Damage_And_Fatalities,11,0.29591849981969,4
767,7,0.00394519026872028,84.52,56.8368277119417,7,41242.3724679574,82.5114155251141,Significant_Damage_And_Fatalities,11,0.448460872701046,2
7858,7,0.0022803372822657103,83.72,56.973564266180496,9,26885.1576261271,54.84018264840179,Significant_Damage_And_Serious_Injuries,3,0.54402524341868,3
6253,2,0.178843572386274,78.99,56.973564266180496,16,14836.3056854253,41.643835616438295,Highly_Fatal_And_Damaging,1,0.786362062747926,2
5166,7,0.00262759331216413,81.27,66.5451230628988,12,30955.530849464503,65.662100456621,Significant_Damage_And_Fatalities,4,0.312507032095204,3
10454,6,0.009779936787891871,78.4,71.7411121239745,9,39615.1050970733,52.283105022831,Significant_Damage_And_Serious_Injuries,12,0.324046880634692,3
4602,4,0.0697482164177026,82.48,54.3755697356427,10,37726.6341340949,39.726027397260296,Significant_Damage_And_Fatalities,4,0.293033537684818,0
6611,4,0.0490861678801767,82.72,40.4740200546946,14,27012.0015458188,25.8904109589041,Significant_Damage_And_Fatalities,0,0.5981182834475289,2
1722,2,0.637457086688145,77.01,56.6545123062899,17,46974.390404833,38.4474885844749,Minor_Damage_And_Injuries,18,0.404104579877389,1
12172,6,0.0119400602625915,77.85,73.1540565177758,9,45751.983412795096,54.84018264840179,Significant_Damage_And_Serious_Injuries,40,0.337750450775333,2
5553,7,0.00307549916899895,79.31,71.19416590701921,15,35247.2887973971,31.324200913242002,Significant_Damage_And_Serious_Injuries,2,0.438363505228994,3
11162,4,0.0529759992897854,76.13,68.91522333637201,11,29545.4263401468,44.7488584474886,Significant_Damage_And_Serious_Injuries,7,0.41384132708258203,2
5010,2,0.43598352996746204,81.26,66.8641750227894,15,32301.4341762744,45.342465753424705,Minor_Damage_And_Injuries,14,0.29591849981969,2
5299,1,1.24933997725514,83.58,68.1859617137648,9,33963.8106036965,42.648401826484,Highly_Fatal_And_Damaging,0,0.35686332491885997,2
859,5,0.00868877979364907,81.12,46.6271649954421,9,8981.315459517758,72.00913242009129,Significant_Damage_And_Serious_Injuries,7,0.48380165885322796,1
2918,2,0.25113857299452697,83.6,73.4275296262534,12,18147.483466394,54.794520547945204,Minor_Damage_And_Injuries,2,0.311064551027768,2
800,4,0.0503793565096615,79.51,73.3819507748405,13,27348.7440760258,29.589041095890398,Highly_Fatal_And_Damaging,8,0.31719509556437103,2
6987,4,0.0471095016808403,83.56,58.4776663628077,12,25813.380543758798,32.739726027397296,Highly_Fatal_And_Damaging,6,0.309622069960331,2
8994,4,0.0698193987426945,83.54,87.693710118505,17,38100.9704663852,16.0730593607306,Highly_Fatal_And_Damaging,12,0.21874576271186397,2
8650,7,0.00259978665309837,79.43,62.0328167730173,9,30951.0633871869,75.5707762557078,Significant_Damage_And_Fatalities,6,0.342799134511359,2
1098,6,0.007811180941728159,77.39,51.3673655423883,15,31450.5945994523,34.7945205479452,Minor_Damage_And_Injuries,0,0.42141435268662103,4
9085,3,0.153105656109876,84.82,57.9762989972653,14,30708.3381124411,35.7990867579909,Significant_Damage_And_Serious_Injuries,8,0.505438874864767,3
11578,4,0.0827923767001147,79.09,71.0118505013674,10,45571.1193295612,49.5890410958904,Significant_Damage_And_Serious_Injuries,3,0.279329967544176,3
869,1,0.518572471316774,78.43,52.3245214220602,12,14840.465284894599,32.511415525114195,Significant_Damage_And_Fatalities,8,0.254447169130905,2
1919,2,0.542720465498432,80.04,66.9097538742024,17,40101.9196560567,38.767123287671204,Minor_Damage_And_Injuries,20,0.29519725928597196,1
7564,3,0.101519827745638,77.09,63.2634457611668,10,20581.6075298771,48.4931506849315,Significant_Damage_And_Serious_Injuries,1,0.33270176703930704,1
9137,4,0.0490861678801767,80.47,80.99361896080221,23,27037.416414391002,22.922374429223698,Minor_Damage_And_Injuries,6,0.29159105661738105,2