Accident_ID,Accident_Type_Code,Adverse_Weather_Metric,Cabin_Temperature,Control_Metric,Days_Since_Inspection,Max_Elevation,Safety_Score,Severity,Total_Safety_Complaints,Turbulence_In_gforces,Violations
6847,5,0.0154972430753475,80.43,67.4111212397448,11,23467.081784370697,36.7579908675799,Highly_Fatal_And_Damaging,10,0.245071042192571,2
569,2,0.37226471910453496,80.59,48.0856882406563,14,27506.848931160697,25.296803652968002,Significant_Damage_And_Fatalities,0,0.42934799855751904,3
6144,4,0.0665145741903083,86.47,56.79124886052871,11,35962.005317100695,34.0639269406393,Significant_Damage_And_Fatalities,7,0.538976559682654,4
8234,2,0.5041465500365421,80.26,59.0701914311759,11,37411.153141132,59.13242009132421,Minor_Damage_And_Injuries,10,0.335947349441038,1
802,7,0.00283676253405104,78.5,45.897903372834996,8,31898.6401662182,79.6803652968037,Significant_Damage_And_Serious_Injuries,22,0.7214504147133071,3
7038,3,0.241592300449702,77.0,73.33637192342749,12,49040.7161051711,41.780821917808204,Significant_Damage_And_Serious_Injuries,17,0.43295420122610906,1
4106,2,0.5462214868147041,82.67,72.97174111212401,13,40494.3158720077,63.972602739726,Significant_Damage_And_Fatalities,0,0.49281716552470295,2
9448,1,1.06635953548775,82.53,84.2752962625342,12,29021.2749490607,32.1461187214612,Highly_Fatal_And_Damaging,8,0.4336754417598271,0
4663,4,0.035517130695692005,79.35,78.0309936189608,14,19550.4236118066,60.5479452054795,Significant_Damage_And_Fatalities,25,0.19133862243058,2
1843,7,0.0046095259518669105,81.42,45.8067456700091,18,47433.0162389743,46.1643835616438,Significant_Damage_And_Serious_Injuries,0,0.6579812477461229,2
8535,3,0.0945616410103572,77.05,62.5341841385597,8,18924.379770140702,82.7853881278539,Significant_Damage_And_Fatalities,11,0.278608727010458,1
6469,3,0.0900636948470218,84.4,70.510483135825,16,18418.669987587098,31.1415525114155,Significant_Damage_And_Serious_Injuries,0,0.251922827262892,2
2176,7,0.0028541965446328603,79.39,73.0173199635369,14,31652.7562487891,60.365296803653,Significant_Damage_And_Fatalities,11,0.39292535160476,3
2973,6,0.00743860219406398,79.28,72.151321786691,14,29519.010231283,36.894977168949794,Significant_Damage_And_Serious_Injuries,4,0.29483663901911306,3
6005,2,0.27379814127354,84.6,71.19416590701921,16,20228.1228705605,31.1872146118721,Significant_Damage_And_Serious_Injuries,1,0.54763144608727,1
10214,7,0.00454671815180665,79.88,42.0692798541477,9,48367.5893217614,65.8904109589041,Significant_Damage_And_Serious_Injuries,37,0.606412549585286,2
12494,1,1.01036207837383,78.62,53.783044667274396,13,27865.4680761156,29.9543378995434,Significant_Damage_And_Fatalities,11,0.40518644067796605,2
3245,2,0.337996374568915,79.49,61.9416590701914,14,24854.1018365485,22.922374429223698,Highly_Fatal_And_Damaging,2,0.24651352326000697,1
12289,6,0.0122725648420376,78.39,80.1731996353692,14,50402.88104913691,37.3972602739726,Significant_Damage_And_Serious_Injuries,1,0.355060223584565,2
9170,3,0.110911641223805,81.2,82.13309024612579,15,22036.1723032917,31.735159817351605,Significant_Damage_And_Serious_Injuries,0,0.23894049765596803,2
10105,2,0.38826118548322797,79.56,60.1640838650866,16,28787.1727151921,40.684931506849296,Minor_Damage_And_Injuries,7,0.315752614496934,3
1988,1,1.5222925092850301,82.43,87.0556061987238,8,41205.689030552596,43.7899543378995,Highly_Fatal_And_Damaging,6,0.264183916336098,3
2110,2,0.623420577171322,75.33,61.9416590701914,12,46273.2400084029,53.9269406392694,Minor_Damage_And_Injuries,7,0.35217526144969297,0
4593,7,0.0032343539250976397,81.75,64.8131267092069,16,33915.180313015,54.7488584474886,Significant_Damage_And_Fatalities,33,0.5515982690227189,2
9258,2,0.30011361651155,79.27,76.7547857793984,15,22004.4704078618,45.296803652967995,Minor_Damage_And_Injuries,0,0.215500180310133,3
8573,4,0.0452453456509353,80.71,70.2825888787603,9,25227.6087401299,42.648401826484,Highly_Fatal_And_Damaging,10,0.346765957446808,3
6510,4,0.0670921890387285,79.85,71.3764813126709,17,36662.2802611695,16.1187214611872,Highly_Fatal_And_Damaging,12,0.258053371799495,2
282,7,0.0044929035955593105,83.6,56.1531449407475,15,54660.6342971425,57.077625570776206,Significant_Damage_And_Serious_Injuries,5,0.40518644067796605,1
9845,5,0.0199273006311425,78.49,65.9981768459435,10,29593.893009509502,62.283105022831,Minor_Damage_And_Injuries,10,0.30998269022719105,2
4644,5,0.00259797974810656,78.56,75.0683682771194,13,13696.9970624703,62.6940639269406,Significant_Damage_And_Fatalities,3,0.244710421925712,3
1724,5,0.0266123032873258,79.42,64.3117593436645,9,38068.070405300095,42.7853881278539,Highly_Fatal_And_Damaging,22,0.445215290299315,2
3113,1,1.14234941635059,77.3,58.4776663628077,14,31052.276602165897,48.4474885844749,Minor_Damage_And_Injuries,1,0.42898737829066,2
4884,6,0.00605108745987546,81.78,88.6508659981769,10,24292.3426083081,50.0,Significant_Damage_And_Serious_Injuries,2,0.17330760908763,1
5324,5,0.0199263679642517,88.78,61.303555150410205,7,29247.490809391602,49.726027397260296,Highly_Fatal_And_Damaging,5,0.4261024161557879,1
10219,4,0.0708873270749383,79.97,48.7693710118505,18,38484.6290564965,13.37899543379,Significant_Damage_And_Fatalities,3,0.590545257843491,5
5030,5,0.0170823495653645,79.13,43.5278030993619,10,24798.354079607798,48.2648401826484,Minor_Damage_And_Injuries,13,0.782395239812477,2
3314,2,0.38387327253662695,78.23,71.8778486782133,13,28523.711026113302,39.908675799086794,Significant_Damage_And_Serious_Injuries,1,0.42177497295348,2
11027,4,0.0648203926610396,86.43,80.99361896080221,17,35728.3005695812,16.1187214611872,Highly_Fatal_And_Damaging,5,0.358305805986296,1
3095,4,0.060013008820757,76.12,74.74931631722879,18,32791.8421914493,35.5251141552511,Minor_Damage_And_Injuries,0,0.281133068878471,3
10217,3,0.237190414799633,84.1,69.5989061075661,17,47530.90621489679,38.0365296803653,Minor_Damage_And_Injuries,0,0.355060223584565,3
1522,2,0.404487468588732,81.15,60.665451230628996,5,30028.2840811135,91.1872146118722,Significant_Damage_And_Fatalities,2,0.368403173458348,2
8595,4,0.0557082103084701,76.61,76.3445761166819,17,30384.1142456733,13.789954337899498,Highly_Fatal_And_Damaging,3,0.29591849981969,1
688,2,0.429074922493588,77.34,70.0546946216956,7,31638.629323933998,73.37899543379001,Minor_Damage_And_Injuries,2,0.38174612333213104,3
7558,7,0.0033398864703658602,84.27,55.0592525068368,6,33757.0053641767,86.4840182648402,Significant_Damage_And_Serious_Injuries,21,0.43656040389469897,1
4900,3,0.128263029713891,83.22,67.8213309024613,10,25829.3853916475,38.2648401826484,Highly_Fatal_And_Damaging,1,0.421053732419762,3
7780,2,0.617217585058776,80.99,50.86599817684589,13,45105.8414366345,41.324200913242,Minor_Damage_And_Injuries,10,0.538976559682654,3
4941,4,0.0673084209630457,79.26,63.947128532361,9,37065.4837499923,42.5570776255708,Highly_Fatal_And_Damaging,1,0.264183916336098,2
9941,7,0.0028863577583363802,78.5,45.897903372834996,8,31544.5869936275,79.4977168949772,Significant_Damage_And_Serious_Injuries,13,0.63021348719798,1
10639,6,0.00908337648476575,78.51,71.9690063810392,10,35851.210781326,51.41552511415521,Significant_Damage_And_Serious_Injuries,16,0.38102488279841296,2
6718,4,0.0593813308679131,81.84,66.6362807657247,14,31993.458888341,37.1689497716895,Significant_Damage_And_Serious_Injuries,7,0.37345185719437396,2
2077,1,1.09257988690076,81.53,72.3792160437557,14,29596.464222992403,35.7077625570776,Significant_Damage_And_Serious_Injuries,5,0.314310133429499,0
1359,6,0.0072546048634942,83.53,91.20328167730172,9,30207.8523138926,64.5662100456621,Minor_Damage_And_Injuries,2,0.29700036062026697,1
11329,1,0.38948693524149997,77.25,60.6198723792161,8,10587.3525848917,43.7899543378995,Highly_Fatal_And_Damaging,6,0.5447464839523979,2
7277,1,1.02511328238221,78.11,58.38650865998179,21,27678.518395347797,25.662100456620998,Minor_Damage_And_Injuries,1,0.28221492967904804,1
1706,2,0.262284440356596,76.49,51.640838650866,15,18614.2680854717,33.0593607305936,Minor_Damage_And_Injuries,15,0.258053371799495,0
6096,4,0.0505580952090882,79.92,70.1914311759344,11,27619.7064200209,33.7899543378995,Highly_Fatal_And_Damaging,1,0.272838802740714,2
6735,4,0.035517130695692005,74.95,41.5223336371923,11,19872.4691787797,33.8356164383562,Significant_Damage_And_Fatalities,1,0.409874504147133,2
6610,7,0.0035124130283169398,78.7,61.3947128532361,15,37917.1797061165,34.0639269406393,Significant_Damage_And_Serious_Injuries,43,0.292672917417959,2
2626,3,0.133099569852491,78.73,53.600729261622604,11,27053.4458792123,46.5753424657534,Significant_Damage_And_Serious_Injuries,2,0.621558600793364,2
7850,6,0.0116123239444989,80.9,58.4320875113947,10,47462.7280298216,49.178082191780796,Significant_Damage_And_Serious_Injuries,4,0.39292535160476,2
744,3,0.16258386348284,80.77,60.9845031905196,9,32629.2975573198,41.1415525114155,Highly_Fatal_And_Damaging,12,0.267790119004688,1
3040,3,0.182930118985126,82.73,62.7164995442115,12,36749.152662344,31.7808219178082,Highly_Fatal_And_Damaging,1,0.443772809231878,1
8071,2,0.5924212664245411,79.09,68.0948040109389,14,43971.7104530714,49.04109589041099,Minor_Damage_And_Injuries,4,0.36984565452578405,1
12148,1,0.6648704538602429,78.66,53.919781221513205,15,16868.7507825344,20.1826484018265,Significant_Damage_And_Fatalities,0,0.34568409664623106,2
1068,3,0.18989185232330502,82.72,46.03463992707379,14,38476.5659567678,23.4703196347032,Significant_Damage_And_Fatalities,0,0.6107399927875939,2
8766,2,0.579229481985553,79.8,72.8805834092981,14,42622.3715192289,46.894977168949794,Minor_Damage_And_Injuries,8,0.352535881716553,0
2822,2,0.397706337034966,78.96,63.5824977210575,10,29333.0700005052,63.5159817351598,Minor_Damage_And_Injuries,2,0.25841399206635396,3
8192,2,0.351388022143726,83.6,55.834092980856894,12,26042.993443037798,55.5707762557078,Highly_Fatal_And_Damaging,21,0.5681868012982328,2
3397,6,0.0031625042767745603,78.66,60.9845031905196,13,15252.2217803697,29.406392694063896,Highly_Fatal_And_Damaging,19,0.448460872701046,1
11700,6,0.00544196944099981,80.64,54.922515952598,9,22017.9352065084,39.8173515981735,Highly_Fatal_And_Damaging,4,0.30709772809231894,2
3945,6,0.00926439171560809,84.62,66.22607110300821,16,34255.7043624546,29.223744292237395,Significant_Damage_And_Serious_Injuries,3,0.35542084385142403,3
5162,5,0.0212246538797448,82.13,77.4384685505925,15,32803.751703339396,42.9680365296804,Minor_Damage_And_Injuries,25,0.450263974035341,1
2010,7,0.0018358102342845102,78.46,35.6882406563355,15,18661.7138068118,32.7853881278539,Minor_Damage_And_Injuries,1,0.705583122971511,2
12391,2,0.231292269047612,82.46,82.04193254329991,14,17287.255617720803,47.9908675799087,Minor_Damage_And_Injuries,19,0.158882798413271,5
1168,2,0.653900333012144,78.68,66.5907019143118,10,48251.5866215288,39.8173515981735,Highly_Fatal_And_Damaging,2,0.460721961774252,2
5544,3,0.234985280834006,76.39,71.9234275296263,14,47141.2263132954,37.808219178082204,Significant_Damage_And_Serious_Injuries,5,0.18304435629282395,1
7698,3,0.18395910365292498,80.51,47.9489516864175,19,36997.329884366,20.045662100456603,Minor_Damage_And_Injuries,12,0.49389902632527904,1
10080,3,0.141526014290169,77.34,64.35733819507749,13,28814.0737967906,38.675799086758,Significant_Damage_And_Serious_Injuries,10,0.33270176703930704,1
2538,3,0.201586739441268,77.36,89.10665451230629,17,40674.112655783,26.575342465753398,Significant_Damage_And_Serious_Injuries,1,0.33450486837360305,1
1435,7,0.00312164948656344,81.74,58.8422971741112,14,35634.894132916095,58.8584474885845,Significant_Damage_And_Fatalities,2,0.46721312657771297,2
4072,3,0.205286208938162,82.53,62.625341841385605,14,41413.121702732,36.8493150684931,Significant_Damage_And_Serious_Injuries,3,0.325128741435269,2
4265,6,0.0027925418240612302,83.72,55.651777575205095,11,8645.35570372917,45.890410958904106,Minor_Damage_And_Injuries,1,0.578644789037144,3
7164,7,0.00278932339913356,79.6,57.748404740200606,16,31639.1855021958,50.22831050228311,Significant_Damage_And_Fatalities,0,0.40338333934367104,3
12492,7,0.0039571065728607295,78.14,71.4676390154968,11,42627.7631749649,72.1461187214612,Significant_Damage_And_Fatalities,11,0.245071042192571,3
9050,1,0.439207928563992,81.0,61.2579762989973,17,10115.9216675063,14.8858447488584,Highly_Fatal_And_Damaging,10,0.501472051929318,0
215,3,0.186318355278325,87.47,74.4302643573382,8,37489.8125581997,56.894977168949794,Significant_Damage_And_Serious_Injuries,7,0.43547854309412204,3
1185,4,0.0356172029643824,80.49,62.944393801276206,14,19243.133090562398,38.675799086758,Significant_Damage_And_Serious_Injuries,9,0.32152253876667897,2
6852,2,0.47532266563794395,79.33,61.7593436645397,11,35004.0541195592,33.7442922374429,Highly_Fatal_And_Damaging,5,0.44413342949873796,1
136,2,0.46253870084788107,80.09,65.8158614402917,15,34076.4536138475,45.6164383561644,Minor_Damage_And_Injuries,2,0.224515686981608,0
912,2,0.469625726447576,79.49,62.5341841385597,7,34608.2943986072,70.5479452054795,Minor_Damage_And_Injuries,44,0.352535881716553,1
6930,7,0.00135636474701727,78.5,68.91522333637201,20,15246.0930451473,4.7945205479452095,Highly_Fatal_And_Damaging,1,0.23100685178507,3
8356,7,0.00250158912835895,83.72,55.9252506836828,9,27305.7293869438,76.39269406392691,Significant_Damage_And_Serious_Injuries,3,0.363354489722322,1
7593,2,0.548030970801103,79.81,42.023701002734704,7,40343.5706342527,70.1369863013699,Highly_Fatal_And_Damaging,17,0.584054093040028,2
5264,6,0.010121604078669001,80.48,63.30902461257979,5,38341.4628028992,66.57534246575341,Significant_Damage_And_Serious_Injuries,30,0.25841399206635396,1
3263,5,0.0242450616027844,82.08,81.4494074749317,13,37477.5074617678,51.917808219178106,Minor_Damage_And_Injuries,11,0.392204111071042,1
7895,6,0.0128950518817826,85.61,55.6973564266181,11,52015.794424162596,47.4885844748858,Minor_Damage_And_Injuries,16,0.33306238730616605,2
11963,1,0.9784546265153471,79.26,67.31996353691889,17,26616.837265357,27.945205479452,Significant_Damage_And_Serious_Injuries,5,0.377418680129823,2
2913,3,0.193613017863946,74.82,66.3172288058341,14,38880.4007290491,59.6803652968037,Significant_Damage_And_Fatalities,5,0.37633681932924606,1
7344,7,0.0032646245817578,82.66,69.73564266180489,17,36566.3964795644,48.6301369863014,Significant_Damage_And_Fatalities,1,0.30313090515687,2
11372,2,0.35571645860377,81.32,58.8422971741112,16,26210.1922272661,41.0502283105023,Minor_Damage_And_Injuries,3,0.20432095203750503,3
9597,7,0.00147995965828901,80.77,66.40838650866,14,11938.9093113064,59.2694063926941,Significant_Damage_And_Fatalities,2,0.283296790479625,3
2900,1,1.0886984822425798,79.71,79.80856882406559,14,29216.4159909021,36.8493150684931,Significant_Damage_And_Serious_Injuries,0,0.275723764875586,2
7756,4,0.0583398233039638,81.58,54.8313582497721,14,31864.7898725408,24.657534246575302,Significant_Damage_And_Fatalities,2,0.34965091958168,3
6618,3,0.211178175574612,76.86,50.091157702825896,15,42536.9610561116,46.4840182648402,Highly_Fatal_And_Damaging,13,0.7459725928597181,3
4374,7,0.0035540175873783205,81.43,55.9252506836828,12,40605.915940980696,54.4292237442922,Highly_Fatal_And_Damaging,8,0.39076163000360603,2
9893,1,1.66043195531517,79.35,66.0893345487694,14,45541.2367525593,47.945205479452,Minor_Damage_And_Injuries,8,0.337750450775333,2
7812,2,0.6221652043678599,78.54,86.918869644485,11,46043.985810050595,35.9360730593607,Highly_Fatal_And_Damaging,3,0.19891164803461897,0
256,6,0.00684331444711715,79.45,67.36554238833179,8,27093.5445642043,57.1689497716895,Significant_Damage_And_Serious_Injuries,3,0.416005048683736,4
1424,3,0.11128834238977199,81.03,79.7629899726527,14,22597.0959547712,38.310502283105,Significant_Damage_And_Serious_Injuries,0,0.289427335016228,3
7386,1,1.2398042612445601,81.86,67.4111212397448,11,33766.6231497173,33.2420091324201,Highly_Fatal_And_Damaging,1,0.368042553191489,3
5991,4,0.0599545335214721,79.75,60.07292616226071,9,32832.4176893392,39.8173515981735,Highly_Fatal_And_Damaging,1,0.36083014785430895,2
9338,4,0.0435364457252003,81.26,52.2333637192343,12,23701.007581183,30.7305936073059,Significant_Damage_And_Fatalities,0,0.23605553552109598,2
2368,2,0.533684621923382,78.52,78.714676390155,10,39506.6914240772,49.2694063926941,Significant_Damage_And_Serious_Injuries,0,0.449182113234764,3
194,1,0.9871838972247109,77.65,61.5770282588879,13,26762.071296217797,29.7260273972603,Highly_Fatal_And_Damaging,1,0.52599423007573,3
1962,4,0.0783387334083711,79.16,92.616226071103,17,42790.3357609339,26.438356164383602,Significant_Damage_And_Serious_Injuries,1,0.21117273710782503,3
11937,2,0.354201915427497,77.13,62.1239744758432,16,26266.1389809758,17.7168949771689,Highly_Fatal_And_Damaging,3,0.491014064190407,0
4288,6,0.00697645814427042,80.08,49.179580674567006,8,26005.3229868944,46.2100456621004,Highly_Fatal_And_Damaging,2,0.412759466282005,1
3403,5,0.0137472799987364,77.78,63.947128532361,14,20739.631879623703,49.04109589041099,Minor_Damage_And_Injuries,6,0.38751604760187497,3
8418,4,0.044082859659204,78.46,68.4594348222425,7,23692.097027919503,70.5022831050228,Minor_Damage_And_Injuries,0,0.42249621348719796,3
10422,2,0.335642631444626,74.85,61.5314494074749,17,25016.3637851441,36.8493150684931,Minor_Damage_And_Injuries,6,0.38102488279841296,1
6948,2,0.40440176208428597,82.56,61.212397447584294,11,30028.2840811135,46.5753424657534,Significant_Damage_And_Serious_Injuries,1,0.43042985935809597,1
3961,1,0.972402662659163,81.53,89.10665451230629,9,26572.9666742821,40.7305936073059,Highly_Fatal_And_Damaging,5,0.27536314460872696,1
5891,4,0.0614525873393909,75.25,56.608933454877004,18,33643.9887734499,9.31506849315068,Highly_Fatal_And_Damaging,4,0.273199423007573,2
12253,2,0.6557992780136329,82.71,56.517775752051,16,48162.872289348205,40.7762557077626,Highly_Fatal_And_Damaging,12,0.606412549585286,2
1202,3,0.16831461067345801,79.71,79.71741112123979,9,33701.3739418717,53.47031963470321,Significant_Damage_And_Serious_Injuries,1,0.297721601153985,2
9780,2,0.5505381337684561,79.21,55.834092980856894,12,40617.9788788948,56.4383561643835,Highly_Fatal_And_Damaging,0,0.363354489722322,1
8228,2,0.203715106441441,76.17,82.9535095715588,16,13214.8518929535,53.287671232876704,Significant_Damage_And_Fatalities,1,0.258774612333213,1
446,2,0.20078756321220004,77.69,69.8723792160438,11,12895.2925792209,60.136986301369895,Minor_Damage_And_Injuries,13,0.283296790479625,1
3796,4,0.0435847572179465,82.58,51.5952597994531,12,23999.441104421097,31.2328767123288,Significant_Damage_And_Fatalities,15,0.42285683375405697,2
5756,3,0.0941747741034185,79.22,58.38650865998179,15,18958.9284350624,42.8310502283105,Minor_Damage_And_Injuries,3,0.20432095203750503,0
6751,5,0.0240955544858232,78.46,32.7256153144941,14,36310.4576909527,35.0228310502283,Minor_Damage_And_Injuries,0,0.729744680851064,4
7685,7,0.0032646245817578,75.88,72.151321786691,16,33108.5121785402,19.041095890411,Highly_Fatal_And_Damaging,4,0.27969058781103495,3
8127,2,0.231292269047612,84.83,84.68550592525071,12,17287.255617720803,55.9360730593607,Minor_Damage_And_Injuries,1,0.151670393076091,1
200,4,0.0722610484320384,87.0,55.1504102096627,13,39646.0018104717,26.3470319634703,Significant_Damage_And_Fatalities,22,0.434396682293545,3
6888,2,0.5737489438521589,82.53,69.5077484047402,12,42416.270428752796,31.461187214611897,Highly_Fatal_And_Damaging,11,0.273560043274432,1
369,4,0.0224178241914354,75.5,51.1850501367366,18,11781.873626946299,11.0045662100457,Significant_Damage_And_Fatalities,2,0.763282365668951,3
11330,2,0.51978130044264,76.12,70.1458523245214,17,38288.4040060295,39.5890410958904,Minor_Damage_And_Injuries,3,0.31214641182834496,2
9103,4,0.0384089818644619,81.24,82.2242479489517,13,21156.477787046002,40.3196347031963,Significant_Damage_And_Serious_Injuries,4,0.318276956364948,2
8205,1,2.36537839986842,81.96,68.4138559708295,9,56326.3502441608,41.1872146118721,Highly_Fatal_And_Damaging,2,0.27752686620988104,3
2569,5,0.0165134897469149,79.66,70.8751139471286,12,25562.603471169303,55.5707762557078,Minor_Damage_And_Injuries,1,0.52238802740714,2
6891,1,1.2119543063583997,78.95,45.8067456700091,17,32718.3677403417,12.6027397260274,Significant_Damage_And_Fatalities,1,0.631295347998557,2
8879,6,0.00713918772315649,76.48,56.517775752051,10,30372.7583025121,40.091324200913206,Highly_Fatal_And_Damaging,5,0.45603389830508395,2
2721,3,0.18250220288498104,83.56,56.0619872379216,6,36837.9660008634,62.0091324200913,Significant_Damage_And_Serious_Injuries,0,0.546910205553552,2
5592,1,2.1169768440478602,80.19,56.0619872379216,17,55934.468569702,27.1232876712329,Minor_Damage_And_Injuries,2,0.46613126577713604,2
7233,1,1.04519049130943,79.58,71.19416590701921,14,28549.7555524629,23.6986301369863,Highly_Fatal_And_Damaging,15,0.273560043274432,1
4101,2,0.617744870168884,81.44,55.1504102096627,13,45020.554349611506,26.392694063926896,Significant_Damage_And_Fatalities,6,0.4185293905517489,3
4753,6,0.006512845219099271,77.03,73.2907930720146,12,27584.056491732,41.1415525114155,Significant_Damage_And_Serious_Injuries,2,0.34027479264334604,2
4587,4,0.0564238689532988,76.68,74.3391066545123,20,31531.7961960508,27.4885844748858,Minor_Damage_And_Injuries,1,0.305294626758024,2
1257,6,0.0064619822105722894,80.58,79.39835916134909,14,26266.3679590952,37.671232876712295,Significant_Damage_And_Serious_Injuries,4,0.322965019834114,2
4172,1,0.6601729640902421,85.75,65.8614402917047,15,16878.4843087957,20.2283105022831,Highly_Fatal_And_Damaging,5,0.19350234403173397,3
1301,7,0.0028541965446328603,79.38,71.8322698268004,13,31424.3927488377,62.6940639269406,Significant_Damage_And_Fatalities,29,0.183404976559682,2
7227,7,0.00171823991731958,77.05,61.485870556062004,10,19742.2730195278,75.5707762557078,Significant_Damage_And_Fatalities,13,0.300245943021998,1
6043,3,0.18710519224946104,79.57,73.9288969917958,12,37571.9051001859,44.7488584474886,Significant_Damage_And_Serious_Injuries,4,0.41384132708258203,1
1908,1,0.813088558799784,84.78,64.9954421148587,20,21997.4295032142,4.93150684931507,Highly_Fatal_And_Damaging,1,0.289427335016228,2
2632,2,0.441091386952033,76.02,75.75205104831359,12,32625.7179340323,30.1369863013699,Highly_Fatal_And_Damaging,2,0.265987017670393,3
6840,4,0.0382474902668748,81.27,73.60984503190521,11,21061.752434631202,33.7899543378995,Highly_Fatal_And_Damaging,2,0.404104579877389,0
479,3,0.17069849613110996,81.25,53.09936189608021,13,34172.776389764396,51.232876712328796,Minor_Damage_And_Injuries,3,0.325849981968986,1
9813,1,0.7905536062755699,78.66,62.351868732907896,9,21865.1119571099,40.5479452054794,Highly_Fatal_And_Damaging,13,0.375615578795528,3
3805,2,0.65347854608736,82.69,64.8131267092069,11,48274.055452493,58.0365296803653,Minor_Damage_And_Injuries,5,0.329095564370718,3
11807,2,0.47352544002111396,78.1,55.469462169553296,12,35070.3331931138,56.52968036529679,Highly_Fatal_And_Damaging,0,0.459279480706816,2
4850,2,0.441152689524508,79.12,84.0018231540565,13,32572.073153178702,52.2374429223744,Minor_Damage_And_Injuries,3,0.25985647313379,2
6283,1,1.01607221631166,79.17,75.34184138559709,12,27658.7234251664,65.296803652968,Significant_Damage_And_Fatalities,2,0.168258925351605,2
3343,1,1.66486418964678,82.75,48.31358249772101,14,45383.7009524717,24.7945205479452,Significant_Damage_And_Fatalities,4,0.592348359177785,3
698,7,0.00265756641815923,77.75,66.5451230628988,15,28891.498017638598,56.712328767123296,Significant_Damage_And_Fatalities,2,0.375615578795528,1
7655,4,0.0620379742960961,80.04,60.027347310847794,18,33944.6431410097,35.7077625570776,Minor_Damage_And_Injuries,14,0.46577064551027797,3
7052,7,0.00343974015422181,78.96,70.3281677301732,15,38924.6214354371,55.9360730593607,Significant_Damage_And_Fatalities,5,0.29231229715109996,0
10651,5,0.0309501756806459,81.91,46.03463992707379,14,45815.565530360494,23.7442922374429,Significant_Damage_And_Fatalities,0,0.409874504147133,1
10859,1,0.9979805744848821,83.36,64.9954421148587,20,27361.8000012909,0.0,Highly_Fatal_And_Damaging,7,0.549434547421565,0
4886,1,1.07868990698059,78.43,76.5268915223336,16,29801.506524573102,18.949771689497698,Highly_Fatal_And_Damaging,0,0.32765308330328097,2
9482,7,0.00412999471383646,76.96,71.1485870556062,16,42912.5244287391,41.324200913242,Minor_Damage_And_Injuries,5,0.42393869455463395,3
2960,2,0.627074277696416,83.84,69.4621695533273,9,46308.2439160623,66.25570776255711,Minor_Damage_And_Injuries,2,0.37958240173097707,2
8673,2,0.5510408050069999,79.6,51.9143117593437,13,40741.8822675604,50.86757990867579,Highly_Fatal_And_Damaging,3,0.556286332491886,0
3791,6,0.009828204709185741,79.49,59.480401093892496,14,39150.6721955048,24.8401826484018,Highly_Fatal_And_Damaging,21,0.584054093040028,3
10068,4,0.0713789477305042,77.6,75.432999088423,9,39024.0290886163,42.9680365296804,Highly_Fatal_And_Damaging,6,0.244349801658853,2
11553,3,0.17089911377233,78.21,85.5970829535096,11,34497.643982666,46.4840182648402,Significant_Damage_And_Serious_Injuries,1,0.259135232600072,3
5216,1,0.894482923105375,78.05,65.9981768459435,15,24554.5855122477,45.296803652967995,Minor_Damage_And_Injuries,8,0.28654237288135603,0
2208,2,0.493845717527548,79.62,65.5423883318141,13,36133.3387032021,51.6438356164384,Minor_Damage_And_Injuries,13,0.318276956364948,2
11839,2,0.389545009608015,80.92,58.979033728350004,9,28609.125976105497,64.1552511415525,Minor_Damage_And_Injuries,9,0.32368626036783194,3
2395,7,0.0023485546273337397,78.08,50.1823154056518,10,24626.2329864038,60.1826484018265,Significant_Damage_And_Serious_Injuries,2,0.484522899386945,3
4982,3,0.179528293028085,80.8,57.5660893345488,16,35862.1682875726,31.1872146118721,Significant_Damage_And_Serious_Injuries,5,0.328734944103858,2
3303,7,0.00300586985694696,80.02,64.2661804922516,13,35719.992068152795,62.4200913242009,Significant_Damage_And_Fatalities,22,0.339192931842769,4
5173,6,0.0104735164225717,83.37,85.8705560619873,10,39455.0809877443,47.71689497716889,Significant_Damage_And_Serious_Injuries,0,0.215500180310133,2
60,4,0.049707368124433,79.63,69.5533272561531,6,27431.082924383398,54.84018264840179,Highly_Fatal_And_Damaging,6,0.305294626758024,1
9203,4,0.0454098325116744,79.88,74.1567912488605,19,25245.6347673321,31.552511415525103,Minor_Damage_And_Injuries,9,0.23280995311936498,2
6506,2,0.48443043199403496,78.92,87.693710118505,10,35847.895873568,61.643835616438295,Minor_Damage_And_Injuries,12,0.253725928597187,3
1353,3,0.149641084203215,77.4,54.557885141294406,17,30063.405073106802,28.2191780821918,Minor_Damage_And_Injuries,22,0.27969058781103495,0
11053,1,1.27665927889249,79.81,43.5278030993619,17,34595.3633432901,16.0730593607306,Significant_Damage_And_Fatalities,3,0.47911359538406,2
169,3,0.22285938743790698,77.65,79.39835916134909,13,45239.9524774151,40.365296803653,Significant_Damage_And_Serious_Injuries,8,0.315752614496934,0
2696,2,0.391901325903437,77.41,72.0145852324522,12,28923.9002638104,55.5707762557078,Minor_Damage_And_Injuries,21,0.205042192571222,1
10161,5,0.0175108013766839,83.76,70.2825888787603,13,25562.603471169303,50.3196347031963,Minor_Damage_And_Injuries,0,0.5461889650198339,0