Accident_ID,Accident_Type_Code,Adverse_Weather_Metric,Cabin_Temperature,Control_Metric,Days_Since_Inspection,Max_Elevation,Safety_Score,Severity,Total_Safety_Complaints,Turbulence_In_gforces,Violations
7575,6,0.007972713793777321,83.11,63.8559708295351,18,31111.5384572407,24.383561643835602,Significant_Damage_And_Serious_Injuries,0,0.35361774251712896,3
7341,4,0.0324831783332799,86.98,54.968094804010896,13,17318.5484826987,30.1369863013699,Significant_Damage_And_Fatalities,0,0.240743598990263,2
2151,6,0.0117758107745166,89.51,68.6873290793072,13,46328.8706815311,38.8127853881278,Significant_Damage_And_Serious_Injuries,22,0.192059862964299,1
1884,3,0.142615982984133,83.36,69.1431175934367,8,28602.6042861829,56.7579908675799,Significant_Damage_And_Serious_Injuries,4,0.445215290299315,3
644,4,0.0558063494423823,81.21,62.853236098450296,9,30428.3031280998,43.0593607305936,Highly_Fatal_And_Damaging,22,0.350732780382257,1
5038,6,0.00539594244887619,76.98,59.6171376481313,20,23279.078346243703,16.986301369863,Significant_Damage_And_Serious_Injuries,6,0.322965019834114,0
5116,4,0.0454597222702216,77.3,80.6289881494986,15,25111.174904879503,21.1872146118721,Highly_Fatal_And_Damaging,0,0.308900829426614,2
1375,2,0.339886381510903,81.86,66.8641750227894,16,25419.8015193351,41.7351598173516,Minor_Damage_And_Injuries,6,0.251201586729174,1
10894,5,0.0227523182589593,85.87,55.6973564266181,15,34205.1278146446,22.7853881278539,Significant_Damage_And_Fatalities,6,0.411316985214569,1
2401,6,0.007547421130119441,84.01,63.126709206928,10,30147.9054384671,51.2785388127854,Significant_Damage_And_Serious_Injuries,13,0.46108258204110997,1
9502,6,0.010247915761715,77.92,52.3245214220602,13,41643.7682906453,38.310502283105,Minor_Damage_And_Injuries,1,0.33702921024161503,1
5570,1,0.9371474307712859,74.85,60.4375569735643,5,25598.804538292003,55.1141552511415,Highly_Fatal_And_Damaging,2,0.24290732059141698,1
2487,7,0.00493421862080108,82.93,66.9097538742024,21,49433.3029790945,1.14155251141552,Highly_Fatal_And_Damaging,14,0.35217526144969297,2
8037,4,0.0494697995302419,78.46,53.919781221513205,10,26685.296362782403,48.401826484018294,Minor_Damage_And_Injuries,1,0.315752614496934,1
3870,3,0.147509964610866,79.55,54.968094804010896,4,29734.4413363987,72.1004566210046,Minor_Damage_And_Injuries,3,0.300967183555716,2
10148,2,0.30682968039916897,78.52,48.222424794895204,15,22332.085688504198,44.4292237442922,Highly_Fatal_And_Damaging,3,0.660144969347277,2
4142,3,0.0789915262449856,78.12,71.2397447584321,7,16229.7283441618,61.232876712328796,Significant_Damage_And_Serious_Injuries,0,0.293754778218536,1
6860,1,0.8406949509490059,78.64,66.7730173199635,14,22550.623318695,48.8584474885845,Minor_Damage_And_Injuries,23,0.417808150018031,1
4107,5,0.0218634673868009,80.64,88.6052871467639,12,33268.4518194129,55.8447488584475,Minor_Damage_And_Injuries,2,0.207566534439235,3
2805,1,0.992974229396275,79.94,83.54603463992709,10,26920.037175243102,61.41552511415521,Minor_Damage_And_Injuries,0,0.24831662459430198,3
10909,4,0.0340977244601301,77.65,41.659070191431205,16,18491.7313994727,28.949771689497698,Minor_Damage_And_Injuries,2,0.462164442841687,4
3871,4,0.0586746001326933,79.94,88.2862351868733,18,32222.0358753946,33.7899543378995,Minor_Damage_And_Injuries,1,0.240382978723404,2
6004,2,0.37341368105690204,76.79,47.857793983591606,14,27506.848931160697,25.8904109589041,Significant_Damage_And_Fatalities,1,0.38210674359899,2
8011,2,0.67415476619384,83.15,69.91795806745671,12,49803.0831353689,55.7077625570776,Minor_Damage_And_Injuries,21,0.351454020915975,2
2047,2,0.341937267945787,86.08,83.8195077484048,17,25377.6648055458,27.4885844748858,Significant_Damage_And_Serious_Injuries,0,0.19278110349801603,2
7146,2,0.553097083571328,77.69,49.4530537830446,12,40813.3057574463,30.8219178082192,Highly_Fatal_And_Damaging,1,0.498947710061305,3
2965,3,0.146630034655966,75.95,79.03372835004559,13,29428.5998046567,40.6392694063927,Significant_Damage_And_Serious_Injuries,1,0.37273061666065604,4
5942,4,0.0528874696253254,79.31,65.587967183227,15,28976.8387515777,21.2328767123288,Highly_Fatal_And_Damaging,3,0.19350234403173397,2
11853,2,0.210346808285708,80.09,82.86235186873292,13,16008.7450906877,27.2602739726027,Highly_Fatal_And_Damaging,13,0.211893977641543,3
9827,4,0.0618281120215323,82.3,67.8213309024613,10,33921.7026214133,38.2648401826484,Highly_Fatal_And_Damaging,2,0.452067075369635,1
5233,1,1.0827906220613501,77.75,57.2926162260711,12,29601.0780584221,30.776255707762605,Highly_Fatal_And_Damaging,1,0.49353840605842003,1
6779,6,0.00831707573304156,87.72,88.0127620783956,14,36644.9561608933,36.8493150684931,Significant_Damage_And_Serious_Injuries,4,0.200354129102055,3
11928,3,0.0447153366816364,76.01,45.2142206016409,11,5142.286073104389,45.0684931506849,Minor_Damage_And_Injuries,6,0.63742589253516,3
8717,3,0.17151013393546302,77.29,67.5934366453965,16,34016.7896094001,30.6849315068493,Significant_Damage_And_Serious_Injuries,0,0.20828777497295398,1
6219,1,1.1071332294227298,80.52,62.625341841385605,13,30112.702080415802,28.2191780821918,Highly_Fatal_And_Damaging,3,0.480556076451497,2
12216,1,1.0371979078718199,82.31,48.49589790337279,18,28193.962254837003,34.0182648401826,Highly_Fatal_And_Damaging,1,0.44196970789758294,1
3089,2,0.262284440356596,77.9,45.8067456700091,11,19136.0861004631,34.337899543379,Significant_Damage_And_Fatalities,6,0.4567551388388029,2
4298,3,0.145406245169267,79.37,52.142206016408394,12,29224.022983143303,41.9178082191781,Minor_Damage_And_Injuries,0,0.510848178867652,0
2243,3,0.182025377886897,78.37,31.4949863263446,14,36376.498578342995,36.027397260274,Minor_Damage_And_Injuries,2,0.7777071763433109,5
6226,5,0.0294822052768993,81.78,67.18322698268001,12,43482.8520757632,44.5205479452055,Significant_Damage_And_Serious_Injuries,1,0.411316985214569,3
12131,4,0.0713728148247185,81.52,55.0592525068368,13,38896.1729120633,40.593607305936104,Minor_Damage_And_Injuries,10,0.5241911287414349,3
5282,1,1.29301476392542,76.28,67.7301731996354,19,35067.7050829379,7.99086757990868,Highly_Fatal_And_Damaging,0,0.20396033177064501,4
8229,4,0.0303895622038682,79.98,75.70647219690059,9,16209.2902996607,40.7762557077626,Highly_Fatal_And_Damaging,3,0.36984565452578405,2
8103,3,0.13476323643287402,78.04,71.0118505013674,10,26734.014032412597,50.50228310502279,Significant_Damage_And_Serious_Injuries,3,0.326931842769563,1
5779,1,1.22751849059637,78.93,88.24065633546041,8,33395.5017361782,44.84018264840179,Highly_Fatal_And_Damaging,2,0.212254597908403,2
10132,2,0.346527327910913,79.39,53.96536007292621,9,25642.1963410359,52.511415525114096,Minor_Damage_And_Injuries,5,0.461803822574828,1
8413,3,0.18710519224946104,80.59,65.1321786690975,16,37550.3987735086,31.1872146118721,Significant_Damage_And_Serious_Injuries,5,0.38282798413270797,1
4706,1,0.7410000858734129,89.51,71.8778486782133,16,20524.261656695802,18.2191780821918,Highly_Fatal_And_Damaging,4,0.253725928597187,0
386,4,0.076505897644789,82.15,29.8997265268915,19,41873.4884147618,7.44292237442922,Significant_Damage_And_Fatalities,7,0.606412549585286,2
6155,2,0.481719619088506,80.91,67.1376481312671,14,35676.3730916699,49.2237442922374,Minor_Damage_And_Injuries,6,0.417086909484313,2
11994,2,0.51228691784601,80.42,54.8313582497721,13,37853.1677471245,51.2785388127854,Highly_Fatal_And_Damaging,1,0.434396682293545,2
968,3,0.17762332482647303,79.69,57.520510483135794,11,35500.5630256623,34.3835616438356,Highly_Fatal_And_Damaging,5,0.328734944103858,2
11979,4,0.0623374264236487,78.87,61.5314494074749,18,34120.059024156,35.9817351598173,Minor_Damage_And_Injuries,6,0.38102488279841296,1
766,1,2.0484904799918704,77.44,54.4667274384686,19,55934.468569702,20.365296803653,Minor_Damage_And_Injuries,9,0.46937684817886705,2
10525,2,0.40359393619200296,78.93,64.6308113035552,15,29727.4972777029,45.9817351598173,Minor_Damage_And_Injuries,1,0.316473855030653,4
10418,1,1.14962907963072,78.59,66.40838650866,15,30966.1598251022,33.972602739726,Significant_Damage_And_Serious_Injuries,0,0.38751604760187497,3
6575,5,0.0227520656738623,81.81,62.351868732907896,12,34233.0433595664,66.4840182648402,Significant_Damage_And_Fatalities,2,0.40266209880995296,1
4118,7,0.0022456217739845303,79.48,56.8368277119417,18,24600.5650962669,23.8812785388128,Significant_Damage_And_Serious_Injuries,1,0.786362062747926,2
8352,3,0.130685044919669,76.41,79.39835916134909,14,26194.6862921461,37.85388127853879,Significant_Damage_And_Serious_Injuries,4,0.222351965380454,0
556,1,1.15647808158358,82.53,55.651777575205095,13,31571.3496204891,27.671232876712303,Significant_Damage_And_Fatalities,29,0.5382553191489361,2
4436,2,0.506902920654004,76.05,69.5989061075661,17,37626.225581993,38.0365296803653,Minor_Damage_And_Injuries,0,0.38751604760187497,1
10463,7,0.00277740022017135,79.6,55.6973564266181,15,31706.3038057388,57.899543378995396,Significant_Damage_And_Serious_Injuries,7,0.455673278038226,2
11584,4,0.0423891336784103,78.69,77.98541476754791,10,22834.1486913392,40.0456621004566,Highly_Fatal_And_Damaging,0,0.26815073927154703,4
1766,3,0.169435829021002,81.79,74.7037374658159,11,34481.225822636,47.5342465753425,Significant_Damage_And_Serious_Injuries,9,0.33702921024161503,0
7619,2,0.42435208330785296,78.5,61.485870556062004,15,31292.9574886337,46.1187214611872,Minor_Damage_And_Injuries,9,0.533927875946628,2
350,4,0.0760172273487276,78.62,73.70100273473109,7,41910.8098811917,48.81278538812779,Highly_Fatal_And_Damaging,2,0.203599711503786,3
11805,4,0.0865139983925863,87.86,73.70100273473109,12,47592.316643138,30.1369863013699,Highly_Fatal_And_Damaging,10,0.36948503425892504,2
3646,2,0.588559894511099,80.13,51.3673655423883,10,43203.9825103468,61.41552511415521,Highly_Fatal_And_Damaging,1,0.460361341507393,3
8447,1,1.21929907926779,80.15,66.0893345487694,17,33143.9853063049,12.9223744292237,Highly_Fatal_And_Damaging,34,0.41744752975117205,4
6366,7,0.00298099920855631,82.6,78.07657247037379,5,36493.1943544014,87.48858447488578,Significant_Damage_And_Fatalities,3,0.20432095203750503,3
11321,6,0.00720357970658475,86.8,41.066545123062895,17,28384.5263097579,24.657534246575302,Significant_Damage_And_Serious_Injuries,16,0.694764514965741,3
11365,5,0.00565999846684,83.76,62.2151321786691,13,8645.35570372917,51.232876712328796,Minor_Damage_And_Injuries,1,0.5523195095564369,1
7859,6,0.00497222435160952,78.58,68.7784867821331,21,20059.3847114503,4.29223744292237,Highly_Fatal_And_Damaging,4,0.19710854670032502,3
998,7,0.0041581241129062295,78.05,72.0145852324522,17,43767.580522752,16.1643835616438,Highly_Fatal_And_Damaging,12,0.26165957446808497,2
12078,4,0.0703800483391097,82.12,62.2607110300821,13,38271.1876810546,29.7260273972603,Highly_Fatal_And_Damaging,13,0.375615578795528,1
2678,4,0.0449289157473636,78.55,51.0483135824977,14,24188.3948414421,25.616438356164398,Significant_Damage_And_Fatalities,2,0.63021348719798,1
4290,6,0.00910625571870795,84.72,81.5861440291705,16,34431.918369792904,29.634703196346997,Significant_Damage_And_Serious_Injuries,0,0.4336754417598271,0
8704,7,0.0021852795760138,78.58,75.432999088423,15,24801.737975067797,23.378995433789896,Highly_Fatal_And_Damaging,5,0.24795600432744297,2
7959,6,0.008608154830671141,79.8,75.432999088423,12,34640.546869596605,33.470319634703195,Highly_Fatal_And_Damaging,1,0.31358889289578,1
1708,5,0.025816320539417997,80.92,59.161349134001796,11,40073.720174847,34.7488584474886,Highly_Fatal_And_Damaging,1,0.503996393797331,4
9614,7,0.00360683476794685,84.09,56.973564266180496,10,40277.3094684945,76.6666666666667,Significant_Damage_And_Serious_Injuries,10,0.448460872701046,3
10408,4,0.0488975818320902,78.28,70.1002734731085,16,27007.9663942613,18.310502283105,Highly_Fatal_And_Damaging,9,0.33811107104219196,1
4033,2,0.498504576895618,78.56,84.2752962625342,15,36834.7828425541,46.5753424657534,Minor_Damage_And_Injuries,7,0.263823296069239,3
3668,4,0.0661081166338039,76.06,66.7730173199635,17,36324.9430018409,13.698630136986301,Highly_Fatal_And_Damaging,0,0.38030364226469504,2
5397,4,0.0264588314136203,78.96,60.7110300820419,11,14874.3455650257,68.49315068493149,Significant_Damage_And_Fatalities,1,0.496423368193292,2
11814,4,0.0714856336544902,80.13,71.2397447584321,20,39215.0592883377,27.397260273972602,Minor_Damage_And_Injuries,4,0.438724125495853,2
6857,3,0.253342148267452,78.82,68.7784867821331,15,51678.284648488,33.7899543378995,Significant_Damage_And_Serious_Injuries,1,0.323325640100974,0
7220,5,0.0148082405234847,82.41,63.8559708295351,12,21402.760113738503,44.5205479452055,Significant_Damage_And_Serious_Injuries,0,0.27788748647674,3
8570,6,0.00832899694803638,81.46,69.1431175934367,13,36790.500809401696,41.1872146118721,Significant_Damage_And_Serious_Injuries,2,0.315752614496934,3
3634,3,0.149122605634599,76.8,66.2716499544212,13,30122.3193576333,27.7168949771689,Highly_Fatal_And_Damaging,5,0.22343382618103103,0
9556,6,0.00957553756891347,85.04,56.1531449407475,19,38703.1691908605,19.5433789954338,Minor_Damage_And_Injuries,0,0.313228272628922,0
10908,3,0.19890841544930998,82.36,72.8805834092981,11,39863.368315359905,45.79908675799089,Significant_Damage_And_Serious_Injuries,24,0.365157591056617,2
1742,6,0.0114943524785138,77.98,80.4466727438469,17,45239.9524774151,24.383561643835602,Significant_Damage_And_Serious_Injuries,4,0.30313090515687,3
9837,5,0.0302458106880006,78.47,58.2953509571559,13,43786.173360848,52.739726027397204,Minor_Damage_And_Injuries,3,0.46829498737829,1
11511,4,0.0435688687075891,82.97,89.1978122151322,16,23511.571145898397,18.949771689497698,Highly_Fatal_And_Damaging,1,0.27139632167327804,2
3903,6,0.00847670132384697,75.94,72.47037374658159,6,33573.269939903505,76.62100456620999,Minor_Damage_And_Injuries,0,0.38715542733501596,3
4132,1,0.8313007031938701,78.5,60.75660893345489,16,22550.623318695,54.109589041095894,Significant_Damage_And_Fatalities,20,0.419971871619185,3
3220,7,0.00166625715666245,80.71,62.351868732907896,9,19518.5621631503,41.1415525114155,Highly_Fatal_And_Damaging,11,0.314670753696357,1
3551,1,1.50398754286448,78.49,66.4995442114859,19,40347.886658032,18.7214611872146,Significant_Damage_And_Serious_Injuries,12,0.42177497295348,1
11793,6,0.00716896155939985,77.32,74.7948951686418,3,30445.167706483197,65.3424657534246,Highly_Fatal_And_Damaging,2,0.306015867291742,2
3480,1,1.11360026590412,76.89,45.3965360072927,17,30233.1910796089,15.8904109589041,Significant_Damage_And_Fatalities,2,0.514093761269383,3
9931,7,0.003992843623840021,83.33,59.0701914311759,10,41695.975178656,39.5433789954338,Highly_Fatal_And_Damaging,6,0.488850342589253,1
1273,4,0.0489849322409907,82.21,73.4731084776664,11,26674.9433945282,34.1095890410959,Highly_Fatal_And_Damaging,1,0.419971871619185,1
538,1,0.928160114062658,78.64,65.8158614402917,18,25276.601715896602,34.6575342465753,Minor_Damage_And_Injuries,5,0.282575549945907,3
2187,5,0.0185203892363935,81.56,72.4247948951687,9,27776.6103421415,53.74429223744289,Significant_Damage_And_Serious_Injuries,2,0.420332491886044,2
5921,3,0.140988659182671,78.28,77.848678213309,13,28154.280348006803,39.4977168949772,Significant_Damage_And_Serious_Injuries,1,0.399416516408222,2
7074,3,0.22568423147531,81.78,62.625341841385605,14,45341.2787914712,36.301369863013704,Significant_Damage_And_Serious_Injuries,3,0.325128741435269,2
9501,6,0.00575729159765092,83.39,52.18778486782129,9,21779.8358358126,53.7899543378995,Minor_Damage_And_Injuries,0,0.491735304724126,2
2747,7,0.0037500668344686897,82.5,70.60164083865091,16,42628.510405682006,54.2922374429224,Significant_Damage_And_Fatalities,0,0.29123043635052304,1
3750,1,1.4077552684157402,79.71,58.7967183226983,12,38518.047999664304,33.1963470319635,Highly_Fatal_And_Damaging,5,0.36443635052289897,3
9766,7,0.00460286344892508,80.7,67.36554238833179,16,47430.2732035325,40.9132420091324,Minor_Damage_And_Injuries,23,0.35217526144969297,3
6353,4,0.0800334853925099,84.48,58.7967183226983,11,43887.3019722406,36.62100456621,Highly_Fatal_And_Damaging,7,0.4120382257482871,0
3951,2,0.6903521328827961,81.28,65.4056517775752,11,51160.0188437154,36.62100456621,Highly_Fatal_And_Damaging,11,0.272478182473855,3
12258,7,0.00179714325210385,78.92,54.8313582497721,14,17216.4218876264,59.4520547945205,Significant_Damage_And_Serious_Injuries,0,0.45747637937252095,1
10314,2,0.44445203903850605,78.71,64.17502278942571,13,32739.2459757613,39.2694063926941,Significant_Damage_And_Serious_Injuries,1,0.330898665705012,2
3277,4,0.0888961552082543,77.55,50.86599817684589,13,47882.5666610854,41.2785388127854,Minor_Damage_And_Injuries,10,0.538976559682654,2
10825,3,0.16768334252490696,84.96,39.8814949863264,10,33576.0742769008,50.0913242009132,Minor_Damage_And_Injuries,3,0.585857194374324,1
5530,1,1.2129640235634098,82.3,57.611668185961705,14,32734.066163725096,37.671232876712295,Significant_Damage_And_Serious_Injuries,5,0.312507032095204,0
10344,2,0.254442294313853,77.91,44.758432087511395,15,19136.0861004631,22.7853881278539,Significant_Damage_And_Fatalities,4,0.45387017670393,2
11857,1,0.956826200797043,80.45,49.4530537830446,10,25958.1374625071,39.406392694063896,Significant_Damage_And_Fatalities,8,0.5310429138117561,4
5096,4,0.0593966255335747,84.03,59.0701914311759,16,32035.246211795296,19.1780821917808,Highly_Fatal_And_Damaging,10,0.514093761269383,2
11885,2,0.379276810633701,79.32,59.115770282588905,14,28208.2593702175,49.36073059360729,Minor_Damage_And_Injuries,2,0.375254958528669,2
11658,7,0.00258556122063918,79.58,74.06563354603459,15,31164.4523117872,20.1826484018265,Highly_Fatal_And_Damaging,0,0.42429931482149297,2
4466,7,0.00266007015636225,78.94,45.5332725615314,14,28287.9926044483,60.5479452054795,Significant_Damage_And_Serious_Injuries,2,0.35938766678687295,2
5518,2,0.397454927362596,81.56,66.7730173199635,14,29368.1675507863,48.9041095890411,Minor_Damage_And_Injuries,23,0.344602235845654,0
9041,3,0.15451742871291402,77.55,80.4922515952598,8,31035.6551968925,57.077625570776206,Significant_Damage_And_Serious_Injuries,9,0.5029145329967539,1
10413,4,0.0304735173357446,81.87,68.64175022789429,16,16238.5861110973,17.3972602739726,Highly_Fatal_And_Damaging,15,0.267429498737829,2
11169,3,0.15464832621369598,76.39,71.9234275296263,14,30830.394018745697,37.671232876712295,Significant_Damage_And_Serious_Injuries,5,0.27788748647674,2
9653,3,0.148832135405465,80.19,59.2069279854148,18,30056.898942430296,23.6529680365297,Significant_Damage_And_Serious_Injuries,0,0.518421204471691,2
9851,3,0.17089911377233,81.85,64.6763901549681,16,34255.7043624546,28.9041095890411,Significant_Damage_And_Serious_Injuries,3,0.34171727371078203,3
3509,4,0.0744832392429479,88.71,56.38103919781221,5,40646.9528251508,68.1278538812785,Minor_Damage_And_Injuries,7,0.276805625676163,1
8872,2,0.42347102398951597,82.91,67.0920692798541,20,31302.385119461498,17.351598173516,Significant_Damage_And_Serious_Injuries,7,0.46973746844572706,1
10482,4,0.0865139983925863,76.61,57.8851412944394,17,47507.7168742865,14.200913242009099,Highly_Fatal_And_Damaging,1,0.285821132347638,3
8732,3,0.194627896518072,78.67,54.4667274384686,12,39083.4123264333,53.8356164383562,Significant_Damage_And_Serious_Injuries,1,0.6049700685178511,2
7796,3,0.202628386150138,80.76,74.7948951686418,17,40230.3528397513,27.305936073059396,Significant_Damage_And_Serious_Injuries,2,0.45134583483591795,3
4582,5,0.0169084447733504,78.78,82.9079307201459,8,25298.9797853968,69.634703196347,Minor_Damage_And_Injuries,0,0.269953840605842,2
11841,7,0.0012985721361449699,83.08,75.38742023701,17,12800.2929710725,48.8584474885845,Significant_Damage_And_Fatalities,5,0.388597908402452,2
4116,1,1.2086516802079499,75.88,78.94257064721971,17,32625.7179340323,38.8584474885845,Minor_Damage_And_Injuries,4,0.278608727010458,4
3042,4,0.0612243728033003,84.51,69.1431175934367,10,33523.702338797404,37.5799086757991,Highly_Fatal_And_Damaging,6,0.289427335016228,2
2528,4,0.0639610596417436,77.4,48.040109389243405,19,34735.4582523127,30.7305936073059,Highly_Fatal_And_Damaging,0,0.510848178867652,2
5571,7,0.00141753325541133,83.82,66.1804922515953,17,12239.717286206398,48.8584474885845,Significant_Damage_And_Fatalities,5,0.37633681932924606,3
1575,4,0.0958258956683562,76.07,55.241567912488605,10,50314.7204576381,40.1826484018265,Significant_Damage_And_Fatalities,13,0.430790479624955,3
9357,3,0.23237659577897601,79.88,18.4594348222425,7,46291.3905755955,71.9178082191781,Highly_Fatal_And_Damaging,17,0.7715766318067071,2
3712,3,0.111428701057596,86.59,37.739288969918,15,22327.5246569269,22.648401826483997,Significant_Damage_And_Fatalities,6,0.571432383699964,3
3031,3,0.140626767258425,80.03,61.2579762989973,7,28156.6962344969,61.1872146118721,Significant_Damage_And_Serious_Injuries,10,0.4185293905517489,2
2968,7,0.00238118653379434,77.09,73.0628988149499,13,27612.5083782762,63.1963470319635,Significant_Damage_And_Fatalities,8,0.35217526144969297,2
4946,4,0.0740408070505912,77.51,78.0309936189608,17,40752.5345280167,14.8858447488584,Highly_Fatal_And_Damaging,24,0.352535881716553,3
9261,5,0.0245406632757047,82.14,68.869644484959,12,36790.500809401696,54.885844748858396,Minor_Damage_And_Injuries,1,0.28149368914533,2
7603,1,1.19895525832586,79.67,55.241567912488605,9,32919.0524774902,39.6803652968037,Significant_Damage_And_Fatalities,4,0.253004688063469,2
9506,6,0.00705230146184997,87.51,77.98541476754791,11,28520.1977697407,45.9817351598173,Significant_Damage_And_Serious_Injuries,2,0.421053732419762,0
1549,6,0.008608154830671141,76.13,68.64175022789429,12,33414.3928579992,29.7716894977169,Highly_Fatal_And_Damaging,2,0.25588965019834103,1
2297,4,0.0685852010451031,76.85,56.4721969006381,11,37177.378925325094,45.0684931506849,Minor_Damage_And_Injuries,2,0.319719437432383,1
11218,1,0.845845626344203,79.53,53.919781221513205,10,22938.177925299704,39.406392694063896,Significant_Damage_And_Fatalities,1,0.510848178867652,1
2497,5,0.00259797974810656,77.89,50.3190519598906,14,8981.315459517758,47.4885844748858,Highly_Fatal_And_Damaging,6,0.48596538045438104,2
5545,1,0.9938911411849691,80.54,56.9279854147676,18,26930.376234739502,33.013698630137,Minor_Damage_And_Injuries,7,0.231728092318788,1
5161,3,0.185100239617324,83.01,79.535095715588,12,37066.9622418898,30.593607305936104,Highly_Fatal_And_Damaging,0,0.228121889650198,3
5455,2,0.556483733711453,76.9,77.4384685505925,16,40987.1911745433,42.283105022831,Minor_Damage_And_Injuries,7,0.237858636855391,3
9457,4,0.0427864059446497,82.8,62.351868732907896,9,22999.9480219285,41.1872146118721,Highly_Fatal_And_Damaging,11,0.247234763793725,0
4155,1,0.8313007031938701,77.94,76.4813126709207,11,22834.1486913392,36.0730593607306,Highly_Fatal_And_Damaging,1,0.283296790479625,4
7891,6,0.0119468965853497,80.45,78.07657247037379,4,45294.83047061651,95.2511415525114,Significant_Damage_And_Fatalities,11,0.276084385142445,1
9917,7,0.00401669100153598,80.23,63.90154968094811,10,42297.736277418,72.87671232876708,Significant_Damage_And_Fatalities,7,0.448100252434187,1
10208,4,0.0785727187769532,78.97,66.5907019143118,14,42708.8544741583,37.7625570776256,Significant_Damage_And_Serious_Injuries,4,0.460000721240533,3
11161,1,0.9772734859342791,81.27,66.4539653600729,13,26622.291736018502,41.5525114155251,Significant_Damage_And_Serious_Injuries,4,0.36623945185719403,3
8651,7,0.00304457767393473,78.25,51.00273473108479,9,33076.7705547097,76.1187214611872,Significant_Damage_And_Serious_Injuries,1,0.5003901911287411,2
6664,4,0.0576727377660007,76.63,68.64175022789429,11,30918.2798878022,37.2146118721461,Highly_Fatal_And_Damaging,0,0.146261089073206,0
9499,7,0.00387886876565629,84.1,63.719234275296294,17,41724.5687249952,38.4931506849315,Minor_Damage_And_Injuries,2,0.335947349441038,1
6709,4,0.0527156406454591,81.27,74.88605287146758,11,29518.3315276388,34.6575342465753,Highly_Fatal_And_Damaging,5,0.31358889289578,2
11641,3,0.112198793945968,82.8,59.024612579763,6,22475.1258704004,52.739726027397204,Highly_Fatal_And_Damaging,0,0.42249621348719796,3
9042,6,0.00427834417018891,82.41,62.7164995442115,11,18411.0289640045,45.4794520547945,Significant_Damage_And_Serious_Injuries,1,0.293394157951677,3
113,5,0.0299674821819734,77.4,66.3172288058341,8,44143.735304861795,57.351598173515995,Significant_Damage_And_Serious_Injuries,11,0.46108258204110997,3
2627,4,0.0444837660915728,87.27,82.2242479489517,10,24295.595597748597,39.178082191780796,Highly_Fatal_And_Damaging,8,0.4340360620266861,4
4782,4,0.0435364457252003,78.74,73.5186873290793,10,23690.6304006591,38.2648401826484,Highly_Fatal_And_Damaging,1,0.30313090515687,1
9626,1,0.5894887082752671,77.22,66.22607110300821,8,16029.0812385471,46.027397260274,Highly_Fatal_And_Damaging,8,0.30637648755860103,2
1434,5,0.01851592253734,82.17,70.510483135825,7,27749.250888479703,72.5570776255708,Minor_Damage_And_Injuries,11,0.395449693472773,3
482,2,0.539780083967179,80.62,54.2844120328168,8,40177.3017762019,68.4018264840182,Highly_Fatal_And_Damaging,2,0.511930039668229,1
6782,6,0.00292043448980012,88.67,78.714676390155,10,831.6955534213299,50.273972602739704,Significant_Damage_And_Serious_Injuries,0,0.399416516408222,5
2726,6,0.00561003413808215,82.08,53.96536007292621,9,22381.0528939519,52.511415525114096,Minor_Damage_And_Injuries,5,0.312867652362062,3
4699,7,0.00198107194251065,84.4,65.1321786690975,16,21270.9086507751,31.1415525114155,Significant_Damage_And_Serious_Injuries,7,0.457115759105661,2
1895,1,1.2282281733603,76.95,59.6171376481313,16,33393.5930883868,18.310502283105,Highly_Fatal_And_Damaging,8,0.392204111071042,1
1656,4,0.0495178660399433,77.0,57.155879671832295,16,27007.9663942613,30.8219178082192,Minor_Damage_And_Injuries,6,0.34315975477821803,4
2566,2,0.37605712426733395,83.12,48.9061075660894,14,27716.3461658188,46.6666666666667,Highly_Fatal_And_Damaging,3,0.541140281283808,1
3106,7,0.00294921862398122,83.15,76.29899726526891,14,34239.8497938214,60.4109589041096,Significant_Damage_And_Fatalities,0,0.266347637937252,2
263,2,0.5462214868147041,80.55,52.68915223336371,11,40360.6120851516,46.894977168949794,Minor_Damage_And_Injuries,1,0.426823656689506,3
3298,4,0.0424140711996413,78.55,64.4484958979034,16,22736.3823339225,18.949771689497698,Highly_Fatal_And_Damaging,12,0.330898665705012,4
7250,4,0.040335527894257005,80.39,89.10665451230629,12,22068.2222270981,30.5022831050228,Highly_Fatal_And_Damaging,1,0.256971510998918,3
7969,3,0.23108754127155104,85.4,62.6709206927985,11,46847.45838576,32.8767123287671,Highly_Fatal_And_Damaging,9,0.443772809231878,0
1615,2,0.17603090511794,83.32,76.7092069279854,15,15282.224811991598,44.337899543379,Minor_Damage_And_Injuries,10,0.215500180310133,2
7389,3,0.20847582305067103,83.58,67.4111212397448,17,41920.2471614135,27.397260273972602,Significant_Damage_And_Serious_Injuries,0,0.414923187883159,2
4163,4,0.0498088897494593,75.71,67.18322698268001,11,27511.8404672498,34.429223744292194,Highly_Fatal_And_Damaging,5,0.330538045438154,2