Accident_ID,Accident_Type_Code,Adverse_Weather_Metric,Cabin_Temperature,Control_Metric,Days_Since_Inspection,Max_Elevation,Safety_Score,Severity,Total_Safety_Complaints,Turbulence_In_gforces,Violations
2939,1,1.4613482216058897,78.22,53.783044667274396,9,39565.8344826951,40.7305936073059,Significant_Damage_And_Fatalities,7,0.48812910205553495,1
11533,7,0.0035783671851997,83.07,64.0382862351869,16,38615.126561795696,51.917808219178106,Significant_Damage_And_Fatalities,3,0.32224377930039694,2
9649,6,0.00840433624604243,78.42,79.0793072014585,15,34929.7404234047,32.4657534246575,Significant_Damage_And_Serious_Injuries,2,0.26851135953840605,3
9306,3,0.159696995800694,80.52,72.8805834092981,11,32164.223066864703,45.0684931506849,Significant_Damage_And_Serious_Injuries,14,0.335947349441038,3
1477,7,0.00380218078016251,77.09,70.82953509571558,8,42627.7631749649,78.2191780821918,Significant_Damage_And_Fatalities,0,0.243989181391994,2
4606,2,0.7295762379724829,80.44,60.665451230628996,4,53831.738526699104,93.4703196347032,Significant_Damage_And_Fatalities,2,0.250119725928597,4
6604,7,0.00430015617015619,79.37,49.6353691886965,18,42628.3886404936,45.296803652967995,Significant_Damage_And_Serious_Injuries,21,0.696567616300036,3
1842,3,0.0653943422597568,77.82,68.9608021877849,12,13364.5100535046,42.8767123287671,Significant_Damage_And_Serious_Injuries,10,0.413120086548864,2
5442,1,0.6555001130072979,81.44,52.5524156791249,11,17712.9698025224,34.5662100456621,Significant_Damage_And_Fatalities,25,0.35938766678687295,0
2422,7,0.000763558904105058,76.89,68.003646308113,17,13790.8744728662,48.6301369863014,Significant_Damage_And_Fatalities,3,0.452067075369635,4
11677,6,0.00575729159765092,76.77,78.1677301731996,13,21554.55213466,39.4520547945205,Significant_Damage_And_Serious_Injuries,3,0.31214641182834496,2
3944,5,0.014990810229226001,77.78,60.6198723792161,15,24084.887315452,45.0684931506849,Minor_Damage_And_Injuries,1,0.510848178867652,1
643,3,0.0728513382155746,78.58,50.091157702825896,11,14353.584663068501,34.474885844748805,Highly_Fatal_And_Damaging,5,0.7546274792643342,2
3947,3,0.18927904197012,83.71,55.6973564266181,10,38011.0212226692,51.0502283105023,Significant_Damage_And_Serious_Injuries,16,0.5029145329967539,2
807,3,0.236948192249694,77.89,69.690063810392,14,47101.485751435706,49.4520547945205,Minor_Damage_And_Injuries,5,0.416005048683736,0
6817,4,0.0708873270749383,86.98,57.520510483135794,10,38817.0897087123,39.8173515981735,Highly_Fatal_And_Damaging,1,0.27752686620988104,3
9309,2,0.485968993616324,84.92,77.52962625341841,9,35956.3758124246,75.4337899543379,Significant_Damage_And_Fatalities,7,0.314670753696357,3
8529,1,1.21102426293125,81.63,78.80583409298092,14,32854.5589924577,34.703196347032,Significant_Damage_And_Serious_Injuries,4,0.363354489722322,1
5065,4,0.0798112391732618,80.06,73.1084776663628,17,43767.580522752,38.4474885844749,Minor_Damage_And_Injuries,18,0.29014857554994605,2
2,2,0.592637233865426,81.78,80.4010938924339,8,43912.8212802953,70.0,Minor_Damage_And_Injuries,7,0.293394157951677,2
11719,6,0.00866866493725363,76.85,57.155879671832295,11,37375.2237227186,45.4794520547945,Minor_Damage_And_Injuries,1,0.300606563288856,2
7957,5,0.0199959371191929,82.69,78.07657247037379,9,30882.7263765865,64.9315068493151,Minor_Damage_And_Injuries,0,0.207205914172377,2
6808,6,0.00833734110846063,80.61,62.07839562443029,15,36364.5237921726,32.0091324200913,Significant_Damage_And_Serious_Injuries,3,0.368763793725207,3
2648,7,0.00391332884816276,79.17,70.3281677301732,15,45795.5029606522,56.0730593607306,Significant_Damage_And_Fatalities,16,0.439805986296429,4
2804,7,0.00328719609481451,78.11,66.3172288058341,9,34641.5118628154,55.0228310502283,Significant_Damage_And_Serious_Injuries,10,0.28726361341507395,2
4314,1,1.2858791156290201,78.47,57.155879671832295,11,35207.228555631096,46.6666666666667,Minor_Damage_And_Injuries,1,0.399055896141363,2
4997,2,0.209602822932632,79.05,69.4165907019143,13,15883.299580204799,28.721461187214604,Highly_Fatal_And_Damaging,12,0.43944536602957107,1
9979,7,0.0036254721411716397,82.27,67.0464904284412,7,39269.0539266116,60.22831050228311,Significant_Damage_And_Serious_Injuries,11,0.293394157951677,2
8637,7,0.00307248713334016,82.11,52.7803099361896,16,33403.2551232866,28.9041095890411,Significant_Damage_And_Serious_Injuries,5,0.280411828344753,2
10609,5,0.0193428547975353,84.76,58.5232452142206,16,28509.759682248798,53.287671232876704,Significant_Damage_And_Fatalities,4,0.28726361341507395,1
9846,1,1.3256607819350301,79.92,44.758432087511395,12,36463.5453790652,29.7716894977169,Significant_Damage_And_Fatalities,2,0.687191489361702,2
10457,2,0.504117435127591,82.49,73.4731084776664,15,37236.7491118675,42.9680365296804,Minor_Damage_And_Injuries,8,0.338471691309052,1
26,3,0.136592250612013,80.34,41.6134913400182,18,27487.688802433197,12.4657534246575,Highly_Fatal_And_Damaging,9,0.47370429138117603,2
9796,4,0.0576230616227392,75.88,76.4357338195078,18,31531.7961960508,35.388127853881294,Minor_Damage_And_Injuries,0,0.278608727010458,3
9576,7,0.00346277084197133,87.34,51.3673655423883,9,38170.7498413797,78.44748858447491,Significant_Damage_And_Serious_Injuries,1,0.5238305084745759,2
3858,7,0.00316851867819873,76.33,73.0173199635369,14,33425.2255805168,59.8173515981735,Significant_Damage_And_Fatalities,0,0.29014857554994605,3
7145,2,0.39231983502980605,83.22,57.520510483135794,16,28957.808823458,42.0547945205479,Minor_Damage_And_Injuries,0,0.356502704652002,2
7721,2,0.170460593515575,78.48,65.22333637192351,11,12376.561373231201,57.4885844748858,Minor_Damage_And_Injuries,9,0.330898665705012,1
2418,1,1.7900741394391702,78.56,72.105742935278,9,48659.260048319695,40.7762557077626,Highly_Fatal_And_Damaging,1,0.42177497295348,2
6262,4,0.062507842180649,79.87,74.74931631722879,9,34007.0176462605,41.1415525114155,Highly_Fatal_And_Damaging,5,0.24110421925712197,3
9235,7,0.00365795623306935,77.67,53.327256153145,16,38050.786955545496,19.5433789954338,Significant_Damage_And_Fatalities,9,0.462164442841687,2
3161,2,0.44445203903850605,79.67,63.30902461257979,17,32729.7199588753,13.789954337899498,Highly_Fatal_And_Damaging,12,0.35614208438514205,2
6597,1,1.0963361566327,78.4,68.04922515952599,9,29763.1841640457,40.091324200913206,Highly_Fatal_And_Damaging,14,0.158882798413271,1
10370,3,0.107090687819435,82.08,77.073837739289,22,21852.7135965614,6.027397260273969,Significant_Damage_And_Serious_Injuries,2,0.32116191849982,1
10589,2,0.328620657287925,77.95,39.8814949863264,11,24285.8919300678,46.4840182648402,Minor_Damage_And_Injuries,6,0.725417237648755,1
5028,4,0.0481186113732843,80.9,62.944393801276206,14,25989.3630647294,37.5342465753425,Significant_Damage_And_Serious_Injuries,9,0.312507032095204,2
119,5,0.0230233855883476,78.47,64.1294439380128,12,35167.1709289219,55.7077625570776,Minor_Damage_And_Injuries,11,0.406268301478543,1
6424,3,0.10693906368161801,80.24,86.05287146763901,12,21790.7339062999,31.0958904109589,Highly_Fatal_And_Damaging,7,0.291951676884241,3
12203,6,0.0101249384175377,81.88,66.4995442114859,16,40101.9196560567,30.365296803653003,Significant_Damage_And_Serious_Injuries,12,0.256610890732059,3
8109,4,0.0599548194439076,78.46,67.36554238833179,13,32555.643829496203,28.721461187214604,Highly_Fatal_And_Damaging,12,0.298803461954562,1
7043,6,0.00341451541179736,87.11,20.966271649954397,11,15656.6371844094,45.4794520547945,Minor_Damage_And_Injuries,6,0.882647673999279,4
8481,4,0.0506515878177534,79.14,70.1458523245214,11,27619.7064200209,33.7899543378995,Highly_Fatal_And_Damaging,0,0.29123043635052304,1
3055,6,0.00644871247685485,80.89,51.0483135824977,10,28245.641261576002,50.7762557077626,Significant_Damage_And_Serious_Injuries,18,0.575759826902272,1
8701,3,0.0917011581917121,80.16,84.5487693710119,9,18059.2372512249,53.47031963470321,Significant_Damage_And_Serious_Injuries,4,0.27500252434186795,4
11519,4,0.0603659819363915,80.99,57.611668185961705,9,32578.594353098102,42.7853881278539,Highly_Fatal_And_Damaging,10,0.605691309051569,2
7951,6,0.00565273348216524,80.43,71.0118505013674,10,21674.7237723003,50.50228310502279,Significant_Damage_And_Serious_Injuries,0,0.326931842769563,4
5133,4,0.0572107838399182,77.82,62.5341841385597,13,31003.9110435795,28.675799086757998,Highly_Fatal_And_Damaging,1,0.3352261089073211,2
8000,3,0.12843906928274101,79.25,34.9134001823154,7,25644.4684192504,58.4931506849315,Minor_Damage_And_Injuries,3,0.668078615218175,0
11046,4,0.0645364140643536,78.69,40.2917046490429,14,35186.8752843927,25.296803652968002,Significant_Damage_And_Fatalities,8,0.42970861882437794,2
3172,4,0.0941830531015625,74.82,60.9845031905196,14,52783.6699929497,59.8173515981735,Significant_Damage_And_Fatalities,5,0.37092751532636103,1
9385,3,0.12079784811995199,82.03,57.4293527803099,11,23999.441104421097,34.7945205479452,Highly_Fatal_And_Damaging,10,0.440887847097007,2
6237,2,0.5536509097875649,77.92,49.4530537830446,15,41045.6940016465,44.4292237442922,Highly_Fatal_And_Damaging,2,0.526354850342589,3
4336,6,0.00686081877193683,76.19,38.149498632634504,7,26885.1576261271,58.8584474885845,Minor_Damage_And_Injuries,5,0.710992426974395,0
11237,7,0.00175499774738141,78.96,70.3281677301732,15,18298.756720459598,55.7534246575342,Significant_Damage_And_Fatalities,5,0.26346267580238,4
11924,2,0.37605712426733395,81.84,66.7730173199635,14,27758.7655828431,48.767123287671204,Minor_Damage_And_Injuries,35,0.417808150018031,1
4610,4,0.0697843616372638,83.58,68.3682771194166,8,37772.6897005185,43.287671232876704,Highly_Fatal_And_Damaging,3,0.255168409664623,4
6497,5,0.0215739524915231,76.95,64.9954421148587,12,33435.854173331805,55.5251141552511,Minor_Damage_And_Injuries,1,0.386434186801298,3
10386,2,0.44231497740864395,77.16,60.665451230628996,16,32682.9018146972,42.100456621004604,Minor_Damage_And_Injuries,5,0.33883231157591,2
8523,5,0.0215533582053583,86.51,60.483135824977204,13,32908.2936804925,52.511415525114096,Minor_Damage_And_Injuries,2,0.526354850342589,0
10851,4,0.0188905261278938,79.33,62.1239744758432,10,8706.41207763477,39.13242009132421,Highly_Fatal_And_Damaging,1,0.4444940497655971,3
828,1,1.2397692662318898,77.87,66.4539653600729,10,33745.4930288049,38.1278538812785,Highly_Fatal_And_Damaging,1,0.460721961774252,1
8035,2,0.6518135962767739,80.41,59.0701914311759,9,48457.376548809596,66.57534246575341,Minor_Damage_And_Injuries,9,0.6341803101334289,2
8670,7,0.00198107194251065,84.12,62.7164995442115,15,20862.6343445671,21.2785388127854,Highly_Fatal_And_Damaging,5,0.38030364226469504,2
477,6,0.00961789780026553,83.32,82.0875113947128,16,40413.038647419904,29.3607305936073,Significant_Damage_And_Serious_Injuries,10,0.262020194734944,3
4935,3,0.150293721810262,80.64,55.2871467639016,18,30364.8698905437,24.7945205479452,Minor_Damage_And_Injuries,10,0.219467003245582,1
485,6,0.00743860219406398,77.25,57.8851412944394,12,30147.9054384671,43.150684931506795,Significant_Damage_And_Serious_Injuries,13,0.426823656689506,2
8207,4,0.067196147915411,81.14,49.2707383773929,14,36789.6854758482,25.8904109589041,Significant_Damage_And_Fatalities,1,0.41348070681572296,3
9356,4,0.0643079310837254,76.99,51.8231540565178,12,35012.5425984798,41.1415525114155,Significant_Damage_And_Serious_Injuries,0,0.522748647673999,1
4141,6,0.00716115285602777,77.53,100.0,8,28890.1525672434,56.7579908675799,Significant_Damage_And_Serious_Injuries,4,0.212254597908403,3
5286,7,0.00436632490027057,78.23,73.9288969917958,14,47673.7542926758,25.9817351598173,Highly_Fatal_And_Damaging,1,0.37345185719437396,2
8470,5,0.0275610999374942,80.34,71.55879671832271,13,40360.2154058748,52.511415525114096,Minor_Damage_And_Injuries,0,0.273199423007573,3
10900,3,0.0124778111374111,76.07,52.0510483135825,10,9560.909439384692,50.50228310502279,Minor_Damage_And_Injuries,10,0.44773963216732793,1
44,4,0.0460458912336435,83.94,80.35551504102101,12,25119.2421101637,31.6438356164384,Highly_Fatal_And_Damaging,2,0.22920375045077498,2
10158,1,0.51302895528027,78.06,52.82588878760261,8,14840.465284894599,44.4748858447489,Significant_Damage_And_Fatalities,3,0.22379444644789004,2
5516,6,0.009234319901736971,77.18,66.1349134001823,7,34982.9927274348,82.2831050228311,Significant_Damage_And_Serious_Injuries,0,0.335586729174179,1
5402,4,0.0370683583090205,82.08,49.5442114858706,8,20108.8925524883,44.5205479452055,Significant_Damage_And_Fatalities,3,0.4567551388388029,4
9656,2,0.533890828441657,84.92,62.0328167730173,21,39366.3183285366,0.9132420091324208,Highly_Fatal_And_Damaging,14,0.401219617742517,0
6483,2,0.389545009608015,77.81,76.8915223336372,11,28671.295422820498,48.1735159817352,Significant_Damage_And_Serious_Injuries,3,0.38174612333213104,2
5785,4,0.0723885206448047,81.78,60.665451230628996,8,39462.109578302596,43.972602739726,Highly_Fatal_And_Damaging,1,0.476228633249188,2
9486,2,0.42344167829548096,76.48,56.107566089334604,10,31318.386111058902,36.8036529680365,Significant_Damage_And_Fatalities,5,0.43944536602957107,3
11631,3,0.18705950079338501,77.26,79.2160437556974,17,37623.173029289,26.575342465753398,Significant_Damage_And_Serious_Injuries,9,0.21766390191128698,3
3081,2,0.8365817969425409,80.42,73.33637192342749,15,59108.8771655082,45.9817351598173,Minor_Damage_And_Injuries,2,0.458197619906239,3
418,7,0.00397778701683289,78.57,41.066545123062895,18,45599.3677907389,24.657534246575302,Significant_Damage_And_Serious_Injuries,16,0.47370429138117603,2
2580,2,0.5147322431834871,77.08,79.8997265268915,9,38210.2878344268,52.9223744292237,Significant_Damage_And_Serious_Injuries,0,0.23425243418680103,1
12041,3,0.15070771210342498,82.64,68.9608021877849,8,30479.980245267798,68.7671232876712,Minor_Damage_And_Injuries,21,0.192059862964299,4
9800,3,0.133339847407303,76.1,64.8131267092069,6,26733.763247326002,76.6666666666667,Minor_Damage_And_Injuries,29,0.399055896141363,2
5512,2,0.416258197098539,76.85,70.6472196900638,12,30684.6725583661,64.88584474885839,Significant_Damage_And_Fatalities,1,0.35866642625315504,3
6314,3,0.200329336130819,75.41,78.3956244302644,11,40645.7172863603,45.79908675799089,Significant_Damage_And_Serious_Injuries,2,0.331980526505589,2
3630,4,0.0377994193715539,88.57,66.362807657247,9,20721.9313806503,76.1643835616438,Significant_Damage_And_Fatalities,5,0.298803461954562,1
7485,4,0.0665145741903083,80.98,78.1221513217867,12,36315.727010331604,30.1826484018265,Highly_Fatal_And_Damaging,1,0.390401009736747,2
3105,2,0.503651281263565,81.37,70.9206927985415,13,37236.7491118675,29.4977168949772,Highly_Fatal_And_Damaging,10,0.351454020915975,1
8223,4,0.0915074626693022,79.71,65.9981768459435,15,49288.6355066503,20.2739726027397,Highly_Fatal_And_Damaging,2,0.553401370357014,2
1963,2,0.34492667419949397,78.73,91.11212397447581,15,25487.6050171112,43.8812785388128,Minor_Damage_And_Injuries,0,0.282936170212766,2
1260,3,0.19483461206238398,81.37,67.7301731996354,12,39176.7609148741,42.4200913242009,Significant_Damage_And_Serious_Injuries,3,0.33811107104219196,2
5934,2,0.47830603239079794,77.93,88.0127620783956,12,35183.5773073215,42.4200913242009,Significant_Damage_And_Serious_Injuries,9,0.222351965380454,3
9722,2,0.44158952267315904,79.65,75.38742023701,7,32584.014607908903,69.7260273972603,Minor_Damage_And_Injuries,3,0.354699603317706,1
12403,7,0.0021741484203101,79.31,74.4302643573382,17,26764.9951679242,50.22831050228311,Significant_Damage_And_Fatalities,6,0.24759538406058398,2
7334,4,0.0895323319881988,81.33,80.7657247037375,17,48711.982238157194,14.5205479452055,Highly_Fatal_And_Damaging,1,0.269953840605842,3
1004,5,0.024495461619962,82.19,74.88605287146758,11,37628.465829345696,47.899543378995396,Significant_Damage_And_Serious_Injuries,0,0.325489361702128,0
2998,6,0.007224741596042371,88.01,37.8304466727438,18,28645.185920645,23.8812785388128,Minor_Damage_And_Injuries,1,0.5425827623512439,2
1117,2,0.6951722586792091,87.51,79.03372835004559,12,51368.7499996858,67.21461187214611,Minor_Damage_And_Injuries,3,0.39076163000360603,4
9938,2,0.414941704093137,77.6,88.24065633546041,8,30587.569384463597,45.0228310502283,Highly_Fatal_And_Damaging,6,0.212254597908403,1
2168,4,0.0665314538675571,79.4,56.8824065633546,12,35888.9398852774,29.7716894977169,Highly_Fatal_And_Damaging,0,0.378139920663541,2
6297,1,1.4613482216058897,87.0,58.4776663628077,13,39741.3462846585,28.4018264840183,Highly_Fatal_And_Damaging,29,0.434396682293545,3
10334,5,0.0156792923406637,77.77,65.31449407474929,2,23099.2468389868,77.3059360730594,Minor_Damage_And_Injuries,19,0.557368193292463,2
3498,6,0.0129833111717393,75.81,76.4357338195078,13,49341.22322086179,39.4977168949772,Significant_Damage_And_Serious_Injuries,6,0.421053732419762,3
9462,4,0.0640529720617364,78.65,75.38742023701,10,34758.9344410775,37.3972602739726,Highly_Fatal_And_Damaging,0,0.325849981968986,1
10913,6,0.00597247383359291,83.01,66.9097538742024,21,25720.916407571804,0.9132420091324208,Highly_Fatal_And_Damaging,14,0.39833465560764497,2
820,4,0.0388307713777085,81.91,45.8067456700091,15,20862.6343445671,20.5479452054795,Significant_Damage_And_Fatalities,2,0.409874504147133,2
4910,4,0.0497643329463912,76.61,70.7383773928897,17,27398.9877717438,13.789954337899498,Highly_Fatal_And_Damaging,5,0.267429498737829,1
3655,4,0.0588715558622953,76.93,70.6472196900638,13,32364.3522171259,62.328767123287705,Significant_Damage_And_Fatalities,0,0.462525063108547,2
9153,7,0.00232829982073789,79.7,74.0200546946217,15,24205.224332628397,56.712328767123296,Significant_Damage_And_Fatalities,2,0.18520807789397797,2
1983,5,0.0267894186959753,80.78,29.443938012762104,19,39488.301465335695,20.410958904109602,Minor_Damage_And_Injuries,14,0.774822214208438,2
9048,2,0.256113629626921,78.47,79.03372835004559,15,19380.3444367151,45.433789954337904,Minor_Damage_And_Injuries,31,0.40374395961053006,2
11905,2,0.5672011325946911,81.32,55.788514129443904,14,41817.980603858596,24.748858447488605,Significant_Damage_And_Fatalities,1,0.311425171294627,2
2457,2,0.280042859677686,76.96,69.64448495897899,16,20815.9142089448,42.0547945205479,Minor_Damage_And_Injuries,6,0.37273061666065604,2
3475,3,0.18887123504990302,77.11,76.02552415679129,13,37862.9199927159,40.7762557077626,Significant_Damage_And_Serious_Injuries,17,0.4340360620266861,1
5022,6,0.00985570910807226,80.41,70.1914311759344,21,38605.8448723499,4.29223744292237,Highly_Fatal_And_Damaging,2,0.23100685178507,4
2409,1,1.1843343933899901,82.66,61.485870556062004,9,32176.8739290162,53.74429223744289,Significant_Damage_And_Serious_Injuries,17,0.387876667868734,1
1161,4,0.0705271027139023,77.74,67.50227894257071,15,38472.6989638762,21.5981735159817,Highly_Fatal_And_Damaging,12,0.272838802740714,2
3607,4,0.0232000007272091,80.15,82.3609845031905,9,12666.7712047322,42.9680365296804,Highly_Fatal_And_Damaging,4,0.44341218896502005,2
1537,3,0.18651198807322197,81.37,70.1914311759344,13,37438.206200471,26.7123287671233,Highly_Fatal_And_Damaging,2,0.358305805986296,2
429,3,0.167321669948203,80.54,76.5724703737466,6,33701.3739418717,63.4246575342466,Significant_Damage_And_Serious_Injuries,0,0.243989181391994,2
10524,1,0.9459169716377109,77.93,55.0136736554239,18,25739.384677142203,33.7442922374429,Highly_Fatal_And_Damaging,5,0.547270825820411,2
12314,7,0.00223908837002849,77.18,68.7329079307201,7,23245.342341186402,83.6529680365297,Significant_Damage_And_Fatalities,1,0.254086548864046,1
54,4,0.045618295027618,75.2,53.327256153145,14,24892.556125965697,24.1552511415525,Significant_Damage_And_Fatalities,3,0.395449693472773,1
9832,4,0.0717190222705393,88.71,66.5907019143118,10,39242.3743782701,39.8173515981735,Highly_Fatal_And_Damaging,4,0.460721961774252,4
3321,7,0.00170172802667714,81.27,70.7839562443026,15,20358.3291608289,22.7397260273973,Highly_Fatal_And_Damaging,18,0.207205914172377,4
3575,2,0.511651064252089,81.73,65.2689152233364,11,37749.2312463216,70.0456621004566,Minor_Damage_And_Injuries,1,0.339553552109629,2
4177,6,0.00861070374879613,81.61,73.2907930720146,8,34032.0959991224,54.5205479452055,Significant_Damage_And_Serious_Injuries,0,0.27788748647674,0
3472,4,0.0547403831070529,78.31,64.2661804922516,12,29944.115484551003,43.8356164383562,Significant_Damage_And_Serious_Injuries,3,0.243628561125135,2
4144,4,0.0926302253351654,78.46,76.7547857793984,7,50950.7851616493,48.6301369863014,Highly_Fatal_And_Damaging,1,0.3352261089073211,2
4395,2,0.488682348438616,80.19,57.155879671832295,15,36490.5371102771,33.1050228310502,Minor_Damage_And_Injuries,15,0.509045077533357,1
9698,4,0.0679180602164867,76.98,70.1914311759344,10,36742.4965923887,51.0502283105023,Significant_Damage_And_Serious_Injuries,16,0.395449693472773,2
9702,4,0.0514662385219508,85.1,44.712853236098496,16,28384.5263097579,19.4063926940639,Significant_Damage_And_Fatalities,16,0.6341803101334289,2
4202,1,1.11357000206576,80.09,54.649042844120295,16,30380.8615154131,30.776255707762605,Minor_Damage_And_Injuries,3,0.372009376126938,3
3447,3,0.146736433115703,83.07,55.0592525068368,14,29541.1841118771,37.077625570776206,Minor_Damage_And_Injuries,5,0.44485467003245505,3
1390,5,0.0237990658424012,82.53,74.7948951686418,12,34239.8497938214,66.8036529680365,Significant_Damage_And_Fatalities,3,0.28509989181392,3
7428,2,0.48165277330588796,79.61,56.9279854147676,14,35540.869061732796,36.9406392694064,Minor_Damage_And_Injuries,9,0.48596538045438104,2
3683,6,0.00608880394708359,79.17,72.0145852324522,10,23733.486318278,39.2694063926941,Highly_Fatal_And_Damaging,8,0.28221492967904804,0
11653,4,0.058088147653132007,81.86,65.587967183227,14,30752.093089437996,27.1232876712329,Highly_Fatal_And_Damaging,0,0.4257417958889289,1
11811,4,0.0714234557381285,79.88,60.9845031905196,22,39366.3183285366,1.4155251141552498,Highly_Fatal_And_Damaging,4,0.34532347637937205,2
12219,5,0.0215975928521873,79.56,57.9307201458523,10,33373.0269272214,38.8584474885845,Highly_Fatal_And_Damaging,1,0.43006923909123707,1
2803,3,0.131340504997494,81.04,75.38742023701,8,26266.3679590952,58.1278538812785,Significant_Damage_And_Serious_Injuries,1,0.24579228272628895,3
2951,7,0.00507361124995632,82.27,50.6381039197812,4,48388.150295775995,65.4337899543379,Significant_Damage_And_Fatalities,17,0.438002884962135,2
7809,2,0.346527327910913,78.56,84.2752962625342,15,25487.6050171112,46.4840182648402,Minor_Damage_And_Injuries,9,0.255529029931482,3
3048,3,0.166305014653227,78.55,32.7256153144941,15,33315.568355075,34.8401826484018,Minor_Damage_And_Injuries,0,0.640310854670032,3
11336,2,0.5147322431834871,80.95,53.00820419325439,16,37999.3671044333,39.726027397260296,Highly_Fatal_And_Damaging,11,0.334865488640461,2
10663,4,0.0941830531015625,78.16,59.845031905196,15,51330.728192905895,21.461187214611897,Highly_Fatal_And_Damaging,9,0.392204111071042,1
12169,1,1.1843958018508403,80.96,62.7164995442115,11,32094.804180156403,45.5251141552511,Significant_Damage_And_Serious_Injuries,3,0.23461305445365999,0
3949,2,0.41211713113219395,79.22,60.75660893345489,12,30232.1460175973,42.283105022831,Significant_Damage_And_Serious_Injuries,18,0.366960692390912,3
7032,4,0.068210006095578,79.42,62.57976298997271,8,37353.2152049364,44.4292237442922,Highly_Fatal_And_Damaging,2,0.423578074287775,2
3659,6,0.007780240486374891,82.45,55.2871467639016,13,33095.9115787169,51.7351598173516,Highly_Fatal_And_Damaging,15,0.378139920663541,3
10925,2,0.439042374653745,77.93,50.957155879671895,12,32349.295378312203,54.794520547945204,Minor_Damage_And_Injuries,2,0.6266072845293901,3
4514,7,0.00307677052811736,87.23,55.0592525068368,11,36489.111114402,70.63926940639271,Significant_Damage_And_Fatalities,14,0.439805986296429,4
10548,6,0.008633994577262391,76.33,80.08204193254329,9,34687.307415452,43.0593607305936,Highly_Fatal_And_Damaging,22,0.39472845293905495,1
7398,5,0.01851592253734,79.63,80.6745670009116,5,26659.235168351097,54.703196347032005,Highly_Fatal_And_Damaging,3,0.37597619906238705,3
1467,5,0.0268038442368048,86.13,66.4995442114859,16,40169.155474508,30.776255707762605,Significant_Damage_And_Serious_Injuries,16,0.417808150018031,2
6463,3,0.145942988462053,82.08,71.8778486782133,15,29267.164873459904,31.278538812785396,Significant_Damage_And_Serious_Injuries,2,0.438002884962135,2
4077,3,0.152337945102486,81.56,64.35733819507749,19,30477.319081756603,19.3607305936073,Significant_Damage_And_Serious_Injuries,0,0.272838802740714,1
4138,7,0.0031312676073089,79.94,89.334548769371,13,32397.802856372597,62.511415525114096,Significant_Damage_And_Fatalities,0,0.21766390191128698,2
6357,3,0.145497843024578,79.23,49.6809480401094,14,29290.6148321627,36.62100456621,Minor_Damage_And_Injuries,2,0.357223945185719,3
59,7,0.00346583847527643,78.33,52.461257976299,6,37447.461911082995,87.48858447488578,Significant_Damage_And_Serious_Injuries,21,0.475868012982329,1
8263,1,1.2255432423531898,83.52,60.57429352780311,16,33105.8525511885,18.310502283105,Highly_Fatal_And_Damaging,3,0.39508907320591397,2
8794,4,0.0763693670508144,77.3,90.29170464904291,15,41770.8047803057,22.1917808219178,Highly_Fatal_And_Damaging,1,0.28690299314821505,0
6570,2,0.349246882159703,82.2,53.5095715587967,19,25824.953927838902,19.5433789954338,Minor_Damage_And_Injuries,5,0.7178442120447159,2
10630,3,0.167165430554854,83.72,44.3938012762078,20,33551.9758348096,28.675799086757998,Highly_Fatal_And_Damaging,1,0.339192931842769,1
8197,6,0.0116764435606435,90.87,64.35733819507749,15,46572.4825389388,32.100456621004604,Significant_Damage_And_Serious_Injuries,4,0.330538045438154,1
4723,7,0.00425968616006219,78.23,50.1823154056518,11,45004.00139822019,34.7488584474886,Significant_Damage_And_Fatalities,8,0.448460872701046,2
9789,6,0.00950376333512928,84.82,58.38650865998179,18,38457.3958857102,22.3744292237443,Significant_Damage_And_Serious_Injuries,0,0.34568409664623106,2
980,1,0.7410000858734129,77.42,71.9690063810392,7,20400.0810537287,48.2648401826484,Highly_Fatal_And_Damaging,18,0.37850054093040003,3
7383,3,0.12054126112241302,76.39,69.0519598906108,13,24295.595597748597,38.767123287671204,Significant_Damage_And_Serious_Injuries,6,0.428266137756942,0
459,4,0.0442690631810244,78.46,49.179580674567006,14,24188.3948414421,25.570776255707802,Significant_Damage_And_Fatalities,2,0.5822509917057329,2
5694,6,0.00292043448980012,79.16,63.6736554238833,13,8706.41207763477,29.406392694063896,Highly_Fatal_And_Damaging,0,0.43259358095925005,4
1475,2,0.27577871914119106,77.07,74.9772105742936,14,20374.9875573108,47.899543378995396,Minor_Damage_And_Injuries,19,0.38823728813559294,2
3731,3,0.11189706282859697,78.61,78.9881494986326,7,22331.875125169503,47.899543378995396,Highly_Fatal_And_Damaging,11,0.17943815362423302,2
7429,4,0.08203656049267301,82.13,49.4530537830446,10,44552.868826659294,39.4977168949772,Significant_Damage_And_Fatalities,8,0.47839235485034204,2
6278,1,1.10726459904649,80.65,68.4138559708295,14,30098.5723888406,48.8584474885845,Minor_Damage_And_Injuries,1,0.24110421925712197,1