Accident_ID,Accident_Type_Code,Adverse_Weather_Metric,Cabin_Temperature,Control_Metric,Days_Since_Inspection,Max_Elevation,Safety_Score,Severity,Total_Safety_Complaints,Turbulence_In_gforces,Violations
4961,4,0.0344048446195062,77.99,45.8067456700091,11,19093.0822520948,34.5662100456621,Significant_Damage_And_Fatalities,6,0.388597908402452,1
1622,1,1.1424194449443998,77.29,73.2452142206017,16,30938.8209970298,19.2237442922374,Highly_Fatal_And_Damaging,3,0.26815073927154703,1
11846,7,0.00147995965828901,78.67,75.8432087511395,13,13696.9970624703,63.9269406392694,Significant_Damage_And_Fatalities,4,0.28149368914533,2
6413,4,0.0560106003796652,76.0,74.61257976299,18,30384.1142456733,12.4657534246575,Highly_Fatal_And_Damaging,3,0.316113234763794,4
11740,4,0.0379859608192468,80.5,76.7547857793984,7,20432.2797281007,48.81278538812779,Highly_Fatal_And_Damaging,1,0.305294626758024,3
12254,4,0.08632702221355,75.25,70.5560619872379,23,47141.2263132954,7.945205479452059,Significant_Damage_And_Serious_Injuries,2,0.189535521096285,1
10823,2,0.678555591591014,80.85,67.6845943482224,15,49516.4424657654,21.2328767123288,Highly_Fatal_And_Damaging,3,0.505078254597908,3
5477,7,0.00270472976860055,77.1,62.8988149498633,13,28967.635325761403,38.0365296803653,Significant_Damage_And_Serious_Injuries,1,0.381385503065272,1
11922,1,1.2684727108881002,77.28,67.7757520510483,8,34302.7258502924,43.6529680365297,Highly_Fatal_And_Damaging,5,0.26274143526866195,3
4629,4,0.0757777229810722,86.57,82.2242479489517,13,41770.8047803057,29.223744292237395,Highly_Fatal_And_Damaging,1,0.28762423368193296,2
8173,2,0.551381417627301,80.45,49.2707383773929,9,40580.5502390022,64.8401826484018,Highly_Fatal_And_Damaging,9,0.687191489361702,1
1219,2,0.598166042993753,86.13,55.0592525068368,12,44377.591545762596,42.8310502283105,Minor_Damage_And_Injuries,10,0.410595744680851,1
905,2,0.40308632064362293,79.4,59.89061075660889,18,29818.3011307671,33.1050228310502,Minor_Damage_And_Injuries,12,0.46577064551027797,2
8677,1,1.29384557291003,77.52,86.64539653600728,15,35147.785367077406,20.958904109589,Highly_Fatal_And_Damaging,1,0.24831662459430198,4
3940,5,0.0227514745473042,78.04,71.55879671832271,14,34687.307415452,48.8584474885845,Minor_Damage_And_Injuries,23,0.331980526505589,3
48,6,0.00806007658873008,82.36,73.1540565177758,6,31484.436643812598,63.4246575342466,Significant_Damage_And_Serious_Injuries,4,0.29014857554994605,2
8333,3,0.17762332482647303,82.64,71.55879671832271,9,35684.882769847594,54.4748858447489,Significant_Damage_And_Serious_Injuries,23,0.17330760908763,3
9763,5,0.0239597925051858,80.9,42.616226071103,17,36061.4324647463,24.8858447488584,Minor_Damage_And_Injuries,0,0.6637511720158671,2
9878,5,0.0245030952312339,77.22,77.52962625341841,13,37388.6897063868,51.5525114155251,Minor_Damage_And_Injuries,11,0.298082221420844,2
1498,2,0.31726463837149105,80.22,63.9927073837739,14,23362.5382988508,25.616438356164398,Highly_Fatal_And_Damaging,8,0.20143598990263198,4
6843,2,0.600390476471675,81.89,56.517775752051,16,44363.1891191291,40.7762557077626,Highly_Fatal_And_Damaging,6,0.404104579877389,0
11819,4,0.0378292648966444,79.32,74.61257976299,16,20146.9172518634,19.1324200913242,Highly_Fatal_And_Damaging,6,0.222351965380454,2
10162,3,0.23646452524774,80.12,41.5679124886053,6,47433.0162389743,98.40182648401829,Significant_Damage_And_Serious_Injuries,0,0.6349015506671469,2
4586,6,0.009779936787891871,74.74,39.7447584320875,7,38880.4007290491,59.04109589041099,Minor_Damage_And_Injuries,5,0.417808150018031,1
3411,7,0.00288440827898333,82.49,81.26709206927991,14,31529.762323460698,58.9041095890411,Significant_Damage_And_Fatalities,8,0.289427335016228,1
2975,4,0.0686361610266386,76.48,56.1531449407475,10,37570.1218919881,36.7579908675799,Significant_Damage_And_Fatalities,4,0.453509556437072,3
2468,7,0.0020724634618585103,79.85,73.70100273473109,9,22336.4072040184,76.8493150684932,Significant_Damage_And_Fatalities,0,0.20143598990263198,2
11911,3,0.199990448988869,76.53,45.7611668185962,11,40296.8160759999,46.4840182648402,Minor_Damage_And_Injuries,0,0.37489433826181,2
1209,6,0.0110880611110665,88.4,73.1540565177758,8,43611.8162404295,57.1232876712329,Significant_Damage_And_Serious_Injuries,19,0.29014857554994605,3
4380,2,0.48294237169226506,76.67,61.212397447584294,10,35679.215713339705,62.0091324200913,Minor_Damage_And_Injuries,0,0.46108258204110997,3
1777,3,0.128303571276887,79.62,55.19598906107571,9,25562.603471169303,52.3744292237443,Minor_Damage_And_Injuries,1,0.45459141723764895,1
685,1,1.2324414802485901,76.44,75.6608933454877,16,33393.5930883868,17.077625570776302,Highly_Fatal_And_Damaging,15,0.39436783267219605,1
10492,4,0.041745066790575,83.42,56.8824065633546,10,23157.2982287448,37.4885844748858,Significant_Damage_And_Fatalities,1,0.52960043274432,2
9976,4,0.0384089818644619,76.86,69.5533272561531,11,20937.170511046497,33.8812785388128,Highly_Fatal_And_Damaging,3,0.368042553191489,0
9881,3,0.16875836276271,85.04,80.4466727438469,18,33656.0464667578,22.9680365296804,Significant_Damage_And_Serious_Injuries,3,0.31358889289578,2
6249,4,0.0384517831023515,76.43,55.9708295350957,15,20993.9622286411,22.1917808219178,Significant_Damage_And_Fatalities,1,0.552680129823296,1
5176,5,0.026380928931565,78.78,68.4138559708295,12,38735.751340973504,30.593607305936104,Highly_Fatal_And_Damaging,5,0.377058059862964,4
7013,4,0.0839917945185517,78.37,56.2898814949863,12,45399.1945658495,31.415525114155198,Significant_Damage_And_Fatalities,2,0.276805625676163,2
2929,2,0.254442294313853,78.46,70.0546946216956,7,19380.3444367151,72.9680365296803,Minor_Damage_And_Injuries,1,0.439805986296429,3
11482,7,0.0036728152125378296,80.58,72.6526891522334,12,40780.2734645167,68.2648401826484,Significant_Damage_And_Fatalities,35,0.296639740353408,1
12103,2,0.47830603239079794,81.81,78.07657247037379,11,35354.6491535324,58.082191780821894,Minor_Damage_And_Injuries,9,0.34388099531193606,3
3441,1,0.5637375037832261,83.19,60.483135824977204,14,16391.201556306,22.922374429223698,Highly_Fatal_And_Damaging,2,0.36623945185719403,1
8249,1,1.5073458936192399,78.13,68.003646308113,8,41060.4258734818,69.4520547945205,Minor_Damage_And_Injuries,0,0.36984565452578405,0
2338,4,0.0490314461556636,77.48,69.18869644484961,16,26748.207021477596,17.077625570776302,Highly_Fatal_And_Damaging,6,0.455673278038226,1
8634,7,0.00198107194251065,84.27,56.9279854147676,12,18272.7284846477,42.283105022831,Minor_Damage_And_Injuries,8,0.47190119004688,2
4237,6,0.00638052631766798,78.91,72.926162260711,15,24530.3568280106,45.7534246575342,Minor_Damage_And_Injuries,0,0.38607356653443897,1
5295,4,0.0638479625702225,88.39,58.4776663628077,8,35254.4934875509,79.4063926940639,Significant_Damage_And_Fatalities,13,0.5436646231518211,3
9568,3,0.236847335689612,82.19,89.24339106654509,8,48141.3485544039,57.3972602739726,Significant_Damage_And_Serious_Injuries,2,0.29447601875225393,1
1513,3,0.163199733689906,77.95,82.0875113947128,9,32880.837576059,55.15981735159821,Significant_Damage_And_Serious_Injuries,18,0.22848250991705701,2
5130,2,0.279249740703571,78.09,74.52142206016408,12,20683.2245157714,42.4200913242009,Significant_Damage_And_Serious_Injuries,4,0.40013775694194004,1
383,2,0.5274874105426011,79.3,60.1640838650866,17,38976.3406797894,36.4383561643836,Minor_Damage_And_Injuries,1,0.302409664623152,0
5331,4,0.0692368044281072,81.15,49.4530537830446,11,38055.690377959705,36.8036529680365,Significant_Damage_And_Fatalities,5,0.526354850342589,2
10762,1,1.10131814762192,82.21,73.33637192342749,12,29989.0265842119,30.776255707762605,Highly_Fatal_And_Damaging,0,0.43259358095925005,2
1087,3,0.12514403561123,81.18,47.9033728350046,15,25131.3222040264,32.4657534246575,Minor_Damage_And_Injuries,7,0.42970861882437794,1
840,4,0.0697843616372638,76.3,49.863263445761206,9,37915.6428001746,40.6392694063927,Significant_Damage_And_Fatalities,1,0.36155138838802703,1
7945,5,0.0207209616607708,86.47,75.47857793983592,13,29518.3315276388,29.4977168949772,Highly_Fatal_And_Damaging,13,0.27103570140641897,2
531,4,0.0566664273024785,76.89,79.2160437556974,13,31758.9281763219,27.305936073059396,Highly_Fatal_And_Damaging,9,0.28365741074648404,3
473,3,0.160237023074609,80.61,68.1403828623519,13,32374.9519273225,41.0045662100457,Significant_Damage_And_Serious_Injuries,21,0.21297583844211998,4
5426,5,0.0183562908562267,79.98,75.38742023701,9,28024.976307959198,40.365296803653,Highly_Fatal_And_Damaging,1,0.293394157951677,3
3952,3,0.22782938917797302,76.49,59.024612579763,16,45972.13597876769,29.634703196346997,Significant_Damage_And_Serious_Injuries,12,0.219106382978723,2
195,7,0.0023405869934339397,79.24,59.2980856882407,13,26226.1962177896,39.4520547945205,Significant_Damage_And_Serious_Injuries,3,0.316834475297511,2
8443,6,0.007160405857059979,80.46,72.0145852324522,17,29519.010231283,24.9315068493151,Significant_Damage_And_Serious_Injuries,4,0.31214641182834496,2
8926,4,0.0723253469968561,76.95,56.1531449407475,13,39740.0201192797,40.821917808219204,Minor_Damage_And_Injuries,2,0.34532347637937205,0
6746,7,0.00165483628932035,78.5,59.799453053783104,16,21725.9744764813,50.0456621004566,Significant_Damage_And_Fatalities,7,0.46577064551027797,0
10773,2,0.548030970801103,78.91,76.8915223336372,11,40494.3158720077,58.1278538812785,Minor_Damage_And_Injuries,5,0.491014064190407,4
7626,7,0.00197907711742809,79.94,78.6235186873291,12,22248.3350362665,66.2100456621004,Significant_Damage_And_Fatalities,0,0.326210602235846,4
8174,4,0.0449289157473636,85.24,53.3728350045579,15,24506.969736081202,32.648401826484,Minor_Damage_And_Injuries,4,0.23425243418680103,2
9730,5,0.0216865530062197,78.52,66.0893345487694,10,33228.462133580295,60.5479452054795,Minor_Damage_And_Injuries,19,0.530321673278038,2
1295,7,0.0038321396521750297,79.37,50.1823154056518,18,47232.0210882522,48.9041095890411,Significant_Damage_And_Serious_Injuries,22,0.505799495131626,0
10717,2,0.47337143651023106,75.9,54.922515952598,10,35000.8621054718,61.41552511415521,Highly_Fatal_And_Damaging,2,0.496423368193292,4
9151,2,0.384350598455968,77.0,60.665451230628996,13,28456.00736787,39.726027397260296,Significant_Damage_And_Serious_Injuries,2,0.526354850342589,2
2854,3,0.22148127256992198,78.03,58.4776663628077,14,43915.3628054386,34.474885844748805,Significant_Damage_And_Serious_Injuries,0,0.404465200144248,3
8686,7,0.00419055705033447,83.45,62.7620783956244,11,43296.0711451878,70.5022831050228,Significant_Damage_And_Fatalities,5,0.315391994230076,4
10167,7,0.00276350539336952,78.27,72.8350045578852,16,29289.651761483197,53.74429223744289,Significant_Damage_And_Fatalities,20,0.39112225027046504,2
153,3,0.134484836771453,78.09,62.6709206927985,15,26989.614643587203,32.8767123287671,Significant_Damage_And_Serious_Injuries,7,0.30781896862603697,1
7300,3,0.12221944716711698,79.28,49.8176845943483,14,24563.9883018573,46.894977168949794,Highly_Fatal_And_Damaging,21,0.34748719798052696,2
10067,1,1.2858791156290201,83.74,76.7547857793984,16,35006.6478704957,17.442922374429198,Highly_Fatal_And_Damaging,2,0.28437865128020196,1
1204,3,0.17069849613110996,76.48,70.464904284412,16,34255.7043624546,30.3196347031963,Significant_Damage_And_Serious_Injuries,5,0.382467363865849,2
2159,4,0.05298780403596,76.93,59.6171376481313,14,28921.617649279702,24.383561643835602,Highly_Fatal_And_Damaging,6,0.267429498737829,2
1383,2,0.411158531593447,79.94,83.54603463992709,16,30415.652244997997,17.9908675799087,Highly_Fatal_And_Damaging,14,0.23064623151821104,2
4881,4,0.070322073016045,78.73,58.7511394712853,20,38630.4756847112,4.65753424657534,Highly_Fatal_And_Damaging,8,0.360108907320591,2
2167,6,0.007265612433068979,80.03,66.4539653600729,7,28426.2598561677,61.1872146118721,Significant_Damage_And_Serious_Injuries,10,0.41095636494771004,3
1601,1,2.05771410396436,76.75,75.75205104831359,12,55683.7444753324,29.7260273972603,Highly_Fatal_And_Damaging,17,0.38174612333213104,0
4382,3,0.189062380253031,76.1,60.75660893345489,16,38011.0212226692,53.74429223744289,Significant_Damage_And_Fatalities,13,0.385352326000721,2
2665,3,0.17142642739135902,82.23,61.7593436645397,11,34132.2412197546,33.7442922374429,Highly_Fatal_And_Damaging,2,0.36732131265777096,2
9108,2,0.404577060303128,79.93,71.1030082041933,10,29887.8059671659,63.6529680365297,Minor_Damage_And_Injuries,1,0.375254958528669,2
1264,4,0.0830454489098009,82.02,65.1321786690975,12,45769.7818318359,32.8767123287671,Highly_Fatal_And_Damaging,9,0.43908474576271206,0
6875,4,0.0255489502130423,80.8,73.2907930720146,17,13953.656602481498,15.707762557077599,Highly_Fatal_And_Damaging,3,0.315391994230076,3
6969,5,0.025353860841502998,79.6,60.483135824977204,10,36323.6029675182,61.2785388127854,Minor_Damage_And_Injuries,3,0.505799495131626,1
1795,7,0.00226741238790717,78.58,70.0091157702826,16,26697.1750912641,50.22831050228311,Significant_Damage_And_Fatalities,9,0.5735961053011179,2
8359,7,0.00391760256780998,77.78,58.6599817684595,19,47156.9384261401,43.2420091324201,Significant_Damage_And_Fatalities,19,0.784558961413632,4
1986,3,0.1545353277621,79.78,83.2725615314494,15,31091.676652706697,34.7488584474886,Significant_Damage_And_Serious_Injuries,3,0.346405337179949,0
10835,4,0.0585884246430177,84.8,56.8368277119417,19,31812.003986549502,30.776255707762605,Highly_Fatal_And_Damaging,2,0.378139920663541,1
3390,7,0.00268595996374477,81.8,49.6809480401094,18,30664.9684488475,45.2511415525114,Significant_Damage_And_Serious_Injuries,4,0.499308330328164,2
11258,2,0.339470394778478,80.06,68.1403828623519,14,25093.1260664619,48.9954337899543,Minor_Damage_And_Injuries,3,0.21297583844211998,2
7627,4,0.0728604655906755,83.28,55.9708295350957,14,39521.7363015936,46.8036529680365,Highly_Fatal_And_Damaging,4,0.28690299314821505,3
6931,7,0.00396141086736455,75.96,87.83044667274392,4,43717.2844019346,70.5479452054795,Significant_Damage_And_Serious_Injuries,14,0.18088063469167,3
6666,3,0.19247728400988298,82.38,57.247037374658206,19,38671.1085004594,30.776255707762605,Minor_Damage_And_Injuries,3,0.4261024161557879,2
9021,2,0.576823927713424,78.99,68.003646308113,18,42760.6401322885,13.37899543379,Highly_Fatal_And_Damaging,17,0.254447169130905,2
1027,3,0.19958939823117397,78.09,58.7967183226983,8,39848.6893071312,46.0730593607306,Highly_Fatal_And_Damaging,0,0.417086909484313,2
8168,5,0.014990810229226001,84.4,74.29352780309941,11,22918.5602543458,35.9817351598173,Highly_Fatal_And_Damaging,7,0.263823296069239,1
7486,3,0.151672484406703,77.96,76.6180492251596,18,30176.470252091,23.6529680365297,Significant_Damage_And_Serious_Injuries,7,0.27031446087270106,1
73,7,0.00148033397409175,76.99,72.97174111212401,12,15180.0317902949,68.03652968036529,Significant_Damage_And_Fatalities,1,0.49281716552470295,2
12304,2,0.321668685211402,78.9,32.4977210574293,9,23758.6115451918,41.1415525114155,Highly_Fatal_And_Damaging,11,0.729744680851064,2
1665,6,0.00600909810519402,79.52,82.2242479489517,16,24686.4675183425,29.1324200913242,Significant_Damage_And_Serious_Injuries,2,0.17655319148936105,2
7062,1,0.7887980227176491,78.47,82.9535095715588,7,21595.6871451792,47.9908675799087,Highly_Fatal_And_Damaging,6,0.484522899386945,3
2813,5,0.00985436488531033,77.53,61.850501367365595,13,17011.9552427058,28.8584474885845,Highly_Fatal_And_Damaging,0,0.30709772809231894,5
6896,4,0.0471095016808403,82.09,67.4567000911577,14,25419.8015193351,58.9954337899543,Significant_Damage_And_Fatalities,4,0.245071042192571,2
11167,7,0.00278932339913356,79.01,58.20419325433001,20,31812.003986549502,40.4109589041096,Significant_Damage_And_Fatalities,2,0.4145625676163,3
1083,3,0.164634007734505,77.82,66.3172288058341,8,33284.9308408919,57.4885844748858,Significant_Damage_And_Serious_Injuries,11,0.46108258204110997,2
6145,4,0.0484508667497566,87.97,53.281677301731996,12,26355.2604438277,32.4200913242009,Significant_Damage_And_Fatalities,8,0.24579228272628895,3
5649,2,0.443808474464164,76.68,62.07839562443029,15,32682.9018146972,46.027397260274,Minor_Damage_And_Injuries,0,0.346405337179949,0
8697,1,1.06635953548775,82.17,63.172288058340904,14,28921.5486997521,26.2100456621005,Highly_Fatal_And_Damaging,2,0.482359177785791,4
9995,3,0.19846802436901603,84.51,71.285323609845,13,39835.7183100935,38.0365296803653,Significant_Damage_And_Serious_Injuries,0,0.246874143526866,0
799,7,0.00256162599965324,76.52,54.649042844120295,14,31280.7641019388,59.634703196347,Significant_Damage_And_Serious_Injuries,8,0.458558240173098,2
10793,3,0.114217417558227,81.1,67.2743846855059,15,23078.099717215802,33.7442922374429,Significant_Damage_And_Serious_Injuries,6,0.41636566895059496,0
4733,4,0.0532825062350489,83.19,76.9371011850502,7,29261.0724381254,49.4520547945205,Highly_Fatal_And_Damaging,8,0.38174612333213104,3
5707,2,0.49053399377869106,80.25,60.027347310847794,19,36657.8455729123,32.8767123287671,Minor_Damage_And_Injuries,9,0.30854020915975394,2
935,7,0.00203640341836576,86.36,62.351868732907896,12,19398.1511532957,68.03652968036529,Significant_Damage_And_Fatalities,2,0.38210674359899,1
8550,2,0.627545993999708,75.4,72.4247948951687,11,46273.2400084029,48.1735159817352,Significant_Damage_And_Serious_Injuries,0,0.41672628921745397,2
763,3,0.223008337378143,82.66,85.8705560619873,10,45176.8326191203,47.71689497716889,Significant_Damage_And_Serious_Injuries,4,0.25985647313379,3
8137,4,0.0905402526442483,77.2,69.0975387420237,12,49951.1427599292,32.8767123287671,Highly_Fatal_And_Damaging,1,0.428626758023801,3
6649,7,0.00329233679584091,80.25,44.8951686417502,10,34034.0610333629,50.365296803653,Minor_Damage_And_Injuries,10,0.705583122971511,2
11645,4,0.100579962364862,81.73,86.64539653600728,15,53915.3329941275,20.958904109589,Highly_Fatal_And_Damaging,0,0.22848250991705701,0
12381,5,0.0244090469441248,81.31,65.22333637192351,7,36056.3247444592,47.9908675799087,Highly_Fatal_And_Damaging,18,0.36623945185719403,2
9097,5,0.020054275742136002,79.53,76.4357338195078,13,29216.4159909021,39.3607305936073,Significant_Damage_And_Serious_Injuries,5,0.304573386224305,3
11738,3,0.1151390279243,76.04,55.651777575205095,17,23099.2468389868,47.9908675799087,Significant_Damage_And_Serious_Injuries,19,0.5681868012982328,4
222,1,0.7218484758610161,80.82,43.072014585232495,11,19507.2239268193,35.0228310502283,Significant_Damage_And_Fatalities,5,0.558089433826181,2
6944,7,0.0042971745609235,75.29,73.2907930720146,15,45795.5029606522,56.0730593607306,Significant_Damage_And_Fatalities,16,0.35217526144969297,0
1066,7,0.00373408886789247,78.4,50.5469462169553,10,39029.8335148224,60.5479452054795,Significant_Damage_And_Serious_Injuries,2,0.329095564370718,4
3227,4,0.0600821670394064,81.53,73.4275296262534,14,32729.3914910183,23.1050228310502,Highly_Fatal_And_Damaging,15,0.311064551027768,2
9404,5,0.0227523182589593,86.43,76.253418413856,16,34687.307415452,41.9178082191781,Minor_Damage_And_Injuries,22,0.38066426253155394,1
9077,2,0.21080944488171202,76.3,49.9544211485871,7,15521.185500598602,59.77168949771689,Minor_Damage_And_Injuries,19,0.35433898305084705,2
4417,6,0.00539594244887619,77.4,50.957155879671895,19,22131.7362773227,31.9178082191781,Highly_Fatal_And_Damaging,0,0.527076090876307,2
5894,2,0.352422365698257,77.18,64.1294439380128,11,26040.2990908391,57.71689497716889,Minor_Damage_And_Injuries,1,0.414923187883159,1
11455,3,0.152337945102486,81.89,51.640838650866,15,30205.1411058189,33.5616438356164,Minor_Damage_And_Injuries,10,0.3936465921384779,2
9946,3,0.185100239617324,84.14,57.2014585232452,12,36949.1736877732,44.1552511415525,Significant_Damage_And_Serious_Injuries,14,0.366960692390912,1
2583,2,0.41782792833696497,78.52,65.587967183227,15,30826.090107085,21.2785388127854,Highly_Fatal_And_Damaging,7,0.362272628921745,3
4021,4,0.0707412082678978,85.04,56.973564266180496,21,38703.1691908605,19.5433789954338,Minor_Damage_And_Injuries,1,0.313228272628922,0
5213,3,0.12133221349238699,80.13,56.2898814949863,20,24371.5142179798,30.6392694063927,Highly_Fatal_And_Damaging,2,0.47911359538406,1
2407,5,0.0195516826413514,76.75,72.24247948951691,16,31335.4768243775,42.100456621004604,Minor_Damage_And_Injuries,15,0.27788748647674,2
11790,1,1.5073458936192399,76.35,66.0893345487694,8,41060.4258734818,69.7260273972603,Minor_Damage_And_Injuries,2,0.346405337179949,2
1304,3,0.15796767996914401,81.48,80.4466727438469,14,31398.4115377294,35.7077625570776,Significant_Damage_And_Serious_Injuries,8,0.30313090515687,2
5491,4,0.0670328004795129,79.56,65.2689152233364,8,37065.4837499923,45.0228310502283,Highly_Fatal_And_Damaging,0,0.250119725928597,3
2972,2,0.32343757098837606,80.33,72.33363719234279,15,24487.7919532445,46.1187214611872,Minor_Damage_And_Injuries,3,0.240743598990263,3
11165,3,0.17688336838481103,75.27,67.6845943482224,10,35598.8461311814,50.0456621004566,Significant_Damage_And_Serious_Injuries,7,0.314310133429499,2
9951,2,0.366224285097702,79.94,87.693710118505,10,26920.037175243102,61.643835616438295,Minor_Damage_And_Injuries,0,0.21766390191128698,1
333,7,0.00229414110951528,79.74,73.6554238833182,20,24905.0619902748,27.397260273972602,Minor_Damage_And_Injuries,1,0.39472845293905495,1
10124,2,0.40791045331298403,86.52,32.4977210574293,9,30393.236609017596,42.648401826484,Highly_Fatal_And_Damaging,22,0.7777071763433109,2
1799,6,0.00611916350952947,78.03,86.64539653600728,15,25111.174904879503,20.5479452054795,Highly_Fatal_And_Damaging,2,0.31935881716552506,3
10470,7,0.0038358663612205897,80.66,80.9024612579763,11,45302.303706689694,70.6849315068493,Significant_Damage_And_Fatalities,0,0.23425243418680103,4
3320,2,0.627545993999708,79.26,47.4020054694622,7,45903.4682004767,72.9680365296803,Highly_Fatal_And_Damaging,5,0.487768481788677,1
8330,4,0.0792995204396203,77.53,74.74931631722879,14,43023.0169934209,23.150684931506802,Highly_Fatal_And_Damaging,9,0.302770284890011,4
10437,1,1.04371906696974,78.18,67.6845943482224,18,28202.759653544,35.5251141552511,Minor_Damage_And_Injuries,8,0.255529029931482,2
693,7,0.0033047001729781,88.71,66.9097538742024,11,32301.4341762744,45.0684931506849,Significant_Damage_And_Serious_Injuries,20,0.298803461954562,1
7746,2,0.279249740703571,78.03,68.2771194165907,6,20751.8870444696,72.9680365296803,Minor_Damage_And_Injuries,2,0.324046880634692,1
9830,1,1.38064271264044,83.72,57.0191431175934,21,37496.2410972152,19.1780821917808,Highly_Fatal_And_Damaging,2,0.378139920663541,2
4458,4,0.007273312783394371,81.93,45.8067456700091,10,10864.378153367099,49.9086757990868,Minor_Damage_And_Injuries,4,0.40807140281283794,1
12251,3,0.13743580153221802,81.02,73.9288969917958,12,27584.056491732,44.703196347032005,Significant_Damage_And_Serious_Injuries,3,0.38174612333213104,3
8506,4,0.0517797336074063,86.96,68.9608021877849,12,28510.1224862741,32.557077625570805,Highly_Fatal_And_Damaging,0,0.151670393076091,1
1003,4,0.055051130714473,87.97,54.3755697356427,11,29638.263973482797,34.6575342465753,Significant_Damage_And_Fatalities,8,0.20468157230436299,1
1253,6,0.00989361030881823,82.66,66.9553327256153,19,39901.6054859658,7.85388127853881,Highly_Fatal_And_Damaging,12,0.46973746844572706,2
8639,2,0.52274965233139,77.4,67.86690975387421,13,38666.0454138036,61.872146118721396,Significant_Damage_And_Fatalities,11,0.452067075369635,2
348,1,0.691594571833008,86.96,69.64448495897899,14,18897.2774645504,23.9269406392694,Highly_Fatal_And_Damaging,0,0.33702921024161503,4
6340,3,0.107983120434988,79.07,71.42206016408392,18,21536.2194666649,9.68036529680365,Highly_Fatal_And_Damaging,2,0.29014857554994605,0
6135,4,0.0703800483391097,78.42,86.2351868732908,15,38631.0171950936,32.8310502283105,Significant_Damage_And_Serious_Injuries,1,0.28005120807789396,3
12071,2,0.545307675232046,79.72,67.6845943482224,15,40332.3363229316,44.3835616438356,Minor_Damage_And_Injuries,5,0.33811107104219196,1
8029,4,0.0645381425247153,77.35,49.5442114858706,12,35012.5425984798,32.6940639269406,Significant_Damage_And_Fatalities,0,0.526354850342589,2
10704,4,0.0709905354811421,78.37,47.9033728350046,15,38800.9673142313,32.8310502283105,Minor_Damage_And_Injuries,0,0.6587024882798411,2
7273,3,0.182930118985126,83.22,47.9945305378305,16,36789.6854758482,28.8127853881279,Minor_Damage_And_Injuries,1,0.40771078254597903,1
3831,2,0.440110495001411,77.53,65.49680948040111,9,32592.490029437,64.337899543379,Minor_Damage_And_Injuries,0,0.35686332491885997,3
9225,5,0.0331635429635031,81.43,58.5232452142206,13,48525.1107104034,40.821917808219204,Significant_Damage_And_Serious_Injuries,0,0.39112225027046504,1
9031,4,0.0455923069020736,78.73,76.5268915223336,16,25245.6347673321,19.1780821917808,Highly_Fatal_And_Damaging,15,0.23894049765596803,1
9547,2,0.405852963176552,82.36,74.4758432087512,11,30068.578732487596,58.675799086758005,Minor_Damage_And_Injuries,22,0.36443635052289897,2
12422,6,0.00609428775687228,83.24,71.0118505013674,14,25740.8803418544,48.9954337899543,Minor_Damage_And_Injuries,4,0.52238802740714,2
4103,3,0.13145313384967902,82.45,61.212397447584294,15,26459.332730401602,33.9269406392694,Significant_Damage_And_Serious_Injuries,2,0.34496285611251304,0
3647,1,1.54692480033966,81.81,48.222424794895204,11,41729.040724099905,37.077625570776206,Significant_Damage_And_Fatalities,4,0.6803397042913809,3
7832,2,0.47410975241859993,76.63,56.7000911577028,17,35012.6011594488,36.7579908675799,Highly_Fatal_And_Damaging,11,0.293033537684818,2
3661,3,0.0945616410103572,76.35,76.7547857793984,20,19201.5021304644,15.205479452054801,Significant_Damage_And_Serious_Injuries,31,0.32765308330328097,3
4473,2,0.504117435127591,79.71,73.4731084776664,10,37297.0932027602,60.5479452054795,Minor_Damage_And_Injuries,10,0.334144248106743,1
11971,1,1.3753055765073898,76.86,52.3245214220602,15,37249.520086068,43.47031963470321,Highly_Fatal_And_Damaging,4,0.311064551027768,0
4354,7,0.00230284346998378,79.64,74.06563354603459,12,24205.224332628397,66.25570776255711,Significant_Damage_And_Fatalities,15,0.232449332852506,1
8248,4,0.0637233304662383,83.54,80.21877848678221,17,34977.6810000549,15.8904109589041,Highly_Fatal_And_Damaging,12,0.32368626036783194,2
1148,4,0.0722540767650013,81.27,64.4484958979034,11,39913.6727017382,33.7442922374429,Highly_Fatal_And_Damaging,7,0.29014857554994605,0
4851,4,0.0692368044281072,77.34,77.073837739289,13,37964.288088699905,37.7625570776256,Significant_Damage_And_Serious_Injuries,7,0.24218608005769898,3
5968,5,0.0184283725792126,83.57,48.49589790337279,17,27012.0015458188,35.7077625570776,Highly_Fatal_And_Damaging,0,0.692240173097728,0
277,6,0.0090676683776277,80.07,73.5186873290793,12,35460.2652816768,32.100456621004604,Highly_Fatal_And_Damaging,8,0.388958528669311,0
8583,3,0.144784763505103,80.76,71.19416590701921,19,29061.3146985624,20.8675799086758,Significant_Damage_And_Serious_Injuries,1,0.438724125495853,2
2976,3,0.135825197385825,79.85,99.95442114858709,13,27433.255869225697,28.4018264840183,Highly_Fatal_And_Damaging,0,0.37092751532636103,3
7974,4,0.05721778810187,77.28,38.149498632634504,18,31006.5572504406,12.694063926940599,Significant_Damage_And_Fatalities,12,0.612543094121889,3