Accident_ID,Accident_Type_Code,Adverse_Weather_Metric,Cabin_Temperature,Control_Metric,Days_Since_Inspection,Max_Elevation,Safety_Score,Severity,Total_Safety_Complaints,Turbulence_In_gforces,Violations
10756,1,1.56591013730234,83.94,81.4038286235187,11,42820.7213445713,57.44292237442921,Minor_Damage_And_Injuries,7,0.23425243418680103,2
12296,3,0.184654979230829,82.38,71.19416590701921,19,36967.4489018541,20.410958904109602,Significant_Damage_And_Serious_Injuries,4,0.438002884962135,1
9186,7,0.0019527384636911199,85.08,72.2880583409298,16,20217.165694795,51.5525114155251,Significant_Damage_And_Fatalities,0,0.337750450775333,1
5611,4,0.0660248869185695,85.9,53.2360984503191,20,35893.876808940804,30.776255707762605,Highly_Fatal_And_Damaging,2,0.273199423007573,1
1870,3,0.0772169276038119,76.11,88.0583409298086,3,16149.317703506398,65.296803652968,Significant_Damage_And_Serious_Injuries,8,0.29700036062026697,0
7434,3,0.170265585090925,79.78,47.17411121239739,9,34143.6751620819,43.2420091324201,Significant_Damage_And_Fatalities,0,0.6330984493328521,2
4220,6,0.0109841088913092,77.09,74.7948951686418,13,43023.0169934209,29.5433789954338,Highly_Fatal_And_Damaging,3,0.265626397403534,3
1758,5,0.026380928931565,81.85,51.1850501367366,13,39871.186072916404,63.698630136986296,Significant_Damage_And_Serious_Injuries,10,0.5404190407500901,3
7610,3,0.224922205425169,78.03,72.60711030082041,9,45351.5663157796,52.9223744292237,Significant_Damage_And_Serious_Injuries,3,0.2061240533718,3
6995,1,1.03274750346758,82.53,75.38742023701,15,28433.3299479963,43.1963470319635,Minor_Damage_And_Injuries,8,0.336307969707898,0
2579,3,0.136592250612013,77.95,70.7383773928897,20,27496.6930634184,28.630136986301398,Minor_Damage_And_Injuries,1,0.44665777136675106,2
12006,5,0.0282456403562167,83.57,54.4667274384686,7,41870.0262217125,59.04109589041099,Minor_Damage_And_Injuries,0,0.45459141723764895,3
10308,3,0.18156561790013,83.81,48.7693710118505,17,36350.8751542663,12.694063926940599,Significant_Damage_And_Fatalities,3,0.641753335737468,2
12465,4,0.0531772420885427,79.79,57.4293527803099,11,29061.3146985624,36.2557077625571,Highly_Fatal_And_Damaging,1,0.46649188604399605,3
11509,1,0.9371474307712859,84.3,74.06563354603459,13,25758.1197982121,29.3607305936073,Highly_Fatal_And_Damaging,14,0.23280995311936498,2
9393,4,0.0491943253022702,75.78,54.32999088422971,10,26972.5039664084,38.9041095890411,Significant_Damage_And_Fatalities,12,0.466852506310854,3
10757,3,0.13646185388676402,78.46,88.6052871467639,12,27353.2011034988,55.9817351598173,Minor_Damage_And_Injuries,1,0.27500252434186795,4
12050,6,0.00348349072368721,79.69,68.7329079307201,13,15509.434504814699,64.20091324200911,Significant_Damage_And_Fatalities,9,0.335586729174179,2
4960,3,0.15210902545666,86.09,72.4247948951687,7,30360.2984407479,60.821917808219204,Significant_Damage_And_Serious_Injuries,10,0.442330328164443,2
6090,2,0.519355070097568,82.38,56.0619872379216,6,38406.931881458,62.3744292237443,Significant_Damage_And_Serious_Injuries,0,0.45639451857194396,2
537,5,0.0179458235336835,88.67,78.7602552415679,12,27237.906313955496,54.794520547945204,Minor_Damage_And_Injuries,2,0.39076163000360603,2
9284,3,0.0578625828464421,79.55,58.979033728350004,7,12320.283534369199,61.232876712328796,Significant_Damage_And_Serious_Injuries,1,0.34027479264334604,2
8982,4,0.0505054542970095,76.48,69.1431175934367,15,27780.2101903398,31.8721461187215,Significant_Damage_And_Serious_Injuries,7,0.336307969707898,1
5667,4,0.0604039658593619,79.62,78.4867821330902,17,32560.290115505897,37.85388127853879,Minor_Damage_And_Injuries,16,0.329816804904435,1
5947,7,0.00327020645071185,79.45,67.4567000911577,10,35320.9454536098,72.32876712328759,Significant_Damage_And_Fatalities,3,0.377779300396682,2
1354,3,0.224922205425169,80.16,41.659070191431205,16,45075.2781182304,29.223744292237395,Minor_Damage_And_Injuries,0,0.43223296069239103,3
6725,4,0.0902752849258249,79.94,69.4165907019143,16,49422.6277653414,42.0091324200913,Minor_Damage_And_Injuries,1,0.19133862243058,4
2491,7,0.0029602454265384,77.25,58.7511394712853,13,32677.2060754324,62.511415525114096,Significant_Damage_And_Fatalities,3,0.482359177785791,2
9190,6,0.00265777562407155,84.87,54.7402005469462,13,3855.7438170101,39.4520547945205,Minor_Damage_And_Injuries,0,0.45603389830508395,2
2276,4,0.0558847376979447,88.47,55.3783044667274,12,30162.7965041591,32.4200913242009,Significant_Damage_And_Fatalities,2,0.321883159033537,2
6720,4,0.0468091662274168,79.64,53.2360984503191,20,25762.3181919827,28.675799086757998,Highly_Fatal_And_Damaging,0,0.5425827623512439,0
2879,4,0.0384517831023515,81.27,73.60984503190521,11,21061.752434631202,33.9269406392694,Highly_Fatal_And_Damaging,2,0.388958528669311,2
7040,1,0.8268004341671209,79.42,73.60984503190521,9,22474.765959585297,43.4246575342466,Highly_Fatal_And_Damaging,7,0.412398846015146,3
11659,4,0.0801631199888322,80.24,58.7055606198724,17,43915.3628054386,39.8173515981735,Minor_Damage_And_Injuries,0,0.42898737829066,2
771,6,0.00608157992115948,78.47,88.4685505925251,7,24609.0335512452,58.4474885844749,Significant_Damage_And_Serious_Injuries,5,0.253725928597187,2
5248,4,0.0714058753183895,78.25,71.1030082041933,20,39215.0592883377,27.2602739726027,Minor_Damage_And_Injuries,3,0.480556076451497,4
11799,4,0.0528517114582186,80.92,52.3245214220602,11,28930.360746821898,35.1141552511415,Significant_Damage_And_Fatalities,10,0.41636566895059496,2
4337,4,0.0431418920641042,82.85,39.7447584320875,10,23588.118797977404,48.3561643835616,Minor_Damage_And_Injuries,3,0.585857194374324,2
10178,2,0.405852963176552,81.35,81.3582497721058,11,29887.8059671659,59.4063926940639,Minor_Damage_And_Injuries,9,0.365157591056617,3
7805,3,0.205384016763677,79.39,53.6463081130356,18,41232.8372944868,34.3835616438356,Highly_Fatal_And_Damaging,11,0.334865488640461,2
10590,6,0.0067058787859423,76.4,62.625341841385605,14,26890.6802773688,37.5342465753425,Significant_Damage_And_Serious_Injuries,3,0.325128741435269,2
10497,4,0.055051130714473,83.9,51.1850501367366,18,30068.6765992829,12.694063926940599,Significant_Damage_And_Fatalities,6,0.63021348719798,2
738,1,1.2581610297204,82.26,74.7948951686418,8,34239.8497938214,78.675799086758,Significant_Damage_And_Fatalities,1,0.274641904075009,2
1547,1,0.588928819781827,79.3,62.1695533272562,12,16023.964437864499,31.1872146118721,Highly_Fatal_And_Damaging,5,0.49389902632527904,3
8401,1,1.01607221631166,88.39,62.853236098450296,9,27823.0505835169,42.9680365296804,Highly_Fatal_And_Damaging,12,0.29519725928597196,1
8299,1,1.7395281798603202,80.47,80.21877848678221,17,47235.0426420563,16.0730593607306,Highly_Fatal_And_Damaging,5,0.304573386224305,2
2219,3,0.128573249180056,82.13,82.3609845031905,16,25949.100339733,29.406392694063896,Significant_Damage_And_Serious_Injuries,20,0.462885683375405,2
1034,2,0.341937267945787,80.98,62.07839562443029,14,25365.633647101098,46.6666666666667,Minor_Damage_And_Injuries,2,0.37597619906238705,2
8022,4,0.0616426529691811,79.45,59.89061075660889,15,33553.4782836866,31.9178082191781,Significant_Damage_And_Serious_Injuries,6,0.36119076812116796,1
8987,3,0.12191753721542099,77.54,55.6061987237922,4,24792.9284845235,71.689497716895,Minor_Damage_And_Injuries,0,0.34892967904796196,2
2224,4,0.0696918142662149,81.82,83.68277119416591,11,38002.035429626405,35.205479452054796,Highly_Fatal_And_Damaging,1,0.18196249549224697,0
7399,7,0.0023049277255230397,83.85,62.1695533272562,14,23770.0939561432,36.027397260274,Significant_Damage_And_Serious_Injuries,3,0.232088712585647,1
10916,6,0.00522411044585368,80.14,57.474931631722896,15,22841.7634088089,42.8767123287671,Minor_Damage_And_Injuries,9,0.309622069960331,1
6066,3,0.159286052499828,78.97,59.6171376481313,14,32002.9157562489,25.9817351598173,Highly_Fatal_And_Damaging,7,0.39076163000360603,1
6427,3,0.135850462114308,77.44,65.8614402917047,15,27496.6930634184,31.689497716894998,Significant_Damage_And_Serious_Injuries,0,0.438724125495853,1
6887,1,1.24112616899926,80.85,71.7866909753874,15,33737.3071201569,20.2283105022831,Highly_Fatal_And_Damaging,2,0.388958528669311,2
1681,2,0.3100966719209,78.42,71.0118505013674,14,23026.629664007203,48.9954337899543,Minor_Damage_And_Injuries,1,0.38607356653443897,1
5188,5,0.036830045683054,78.24,74.65815861440291,8,49986.899410661,69.634703196347,Minor_Damage_And_Injuries,2,0.338471691309052,2
7130,7,0.0040045627353063,76.59,45.62443026435739,13,46418.3805063549,62.3744292237443,Significant_Damage_And_Serious_Injuries,0,0.52238802740714,4
1585,3,0.0430780415831567,79.25,72.8805834092981,11,3470.00217523393,45.205479452054796,Significant_Damage_And_Serious_Injuries,29,0.336668589974756,3
3350,5,0.0152037981933412,76.53,49.6809480401094,12,23159.6988748288,45.0228310502283,Significant_Damage_And_Serious_Injuries,3,0.36732131265777096,3
8368,6,0.008699993303870921,80.03,64.17502278942571,6,33892.7702492079,52.1461187214612,Significant_Damage_And_Serious_Injuries,9,0.34532347637937205,3
3051,1,1.14962907963072,81.3,69.4165907019143,19,30966.1598251022,20.136986301369898,Significant_Damage_And_Serious_Injuries,17,0.37597619906238705,1
5674,3,0.172818256004364,76.96,54.7857793983592,11,34830.5139974385,46.3470319634703,Significant_Damage_And_Serious_Injuries,1,0.46721312657771297,1
12496,5,0.0283280931345818,76.71,71.9690063810392,13,42771.4992003673,41.598173515981706,Significant_Damage_And_Serious_Injuries,8,0.326931842769563,0
1993,7,0.00279373923729723,79.76,53.96536007292621,9,31170.986487461698,52.4657534246575,Minor_Damage_And_Injuries,6,0.312867652362062,2
551,2,0.5924212664245411,80.84,72.8350045578852,13,44036.814661343094,50.4109589041096,Minor_Damage_And_Injuries,54,0.319719437432383,3
10333,2,0.37567404024528006,76.62,46.718322698268004,13,27933.3453552046,28.4018264840183,Significant_Damage_And_Fatalities,12,0.560253155427335,2
6322,3,0.174775775733067,76.11,71.05742935278029,14,34921.555305988,37.351598173516,Significant_Damage_And_Serious_Injuries,7,0.37236999639379703,1
12445,2,0.37803672053927295,80.25,56.517775752051,16,27850.9170757979,40.7762557077626,Highly_Fatal_And_Damaging,7,0.315031373963217,1
11528,1,1.16677479820232,79.94,71.8778486782133,16,31944.001266817202,18.538812785388103,Highly_Fatal_And_Damaging,7,0.253725928597187,3
11201,2,0.404577060303128,77.79,74.1567912488605,18,30017.310608521402,12.1004566210046,Highly_Fatal_And_Damaging,4,0.285821132347638,1
12449,7,0.0033047001729781,78.37,76.5268915223336,16,32967.032046657405,18.1735159817352,Highly_Fatal_And_Damaging,1,0.335947349441038,2
1956,3,0.0941747741034185,79.21,59.024612579763,15,18958.9284350624,33.3333333333333,Significant_Damage_And_Serious_Injuries,2,0.278608727010458,4
5259,4,0.0515852646711956,79.64,52.871467639015506,9,28377.249938145098,52.511415525114096,Minor_Damage_And_Injuries,0,0.22379444644789004,2
149,7,0.00229566364108262,76.33,71.8322698268004,13,24423.5752794527,63.1963470319635,Significant_Damage_And_Fatalities,19,0.388958528669311,1
10503,1,1.62375240575535,79.72,64.2661804922516,11,43459.9317547451,34.337899543379,Highly_Fatal_And_Damaging,9,0.29014857554994605,0
810,4,0.0654085850714836,78.4,66.5451230628988,16,35728.3005695812,16.4840182648402,Highly_Fatal_And_Damaging,5,0.47370429138117603,2
1196,6,0.010247915761715,77.74,45.3965360072927,8,38888.753009181804,55.433789954337904,Minor_Damage_And_Injuries,4,0.63742589253516,2
3019,4,0.0320805077660302,83.21,45.5332725615314,12,17343.6622157536,55.2511415525114,Highly_Fatal_And_Damaging,2,0.49678398846015104,1
4277,2,0.372844371101317,79.92,66.40838650866,15,27448.2763828229,33.9269406392694,Significant_Damage_And_Serious_Injuries,0,0.502193292463036,4
2260,4,0.0620699590838415,76.79,61.440291704649105,10,34120.059024156,36.62100456621,Highly_Fatal_And_Damaging,10,0.474064911648034,3
1901,6,0.006788015161854379,79.66,35.6882406563355,15,26706.8543840839,32.648401826484,Minor_Damage_And_Injuries,1,0.705583122971511,2
1719,7,0.00316791802409073,79.38,71.3764813126709,13,35684.882769847594,62.511415525114096,Significant_Damage_And_Fatalities,29,0.17330760908763,2
5988,4,0.0342021971190433,79.65,76.5724703737466,6,18887.316157966598,54.794520547945204,Highly_Fatal_And_Damaging,9,0.374533717994951,1
2711,2,0.20078756321220004,76.58,70.1002734731085,12,14865.9056452982,53.5616438356164,Minor_Damage_And_Injuries,5,0.42141435268662103,2
8176,3,0.23987657036110102,79.09,69.5077484047402,15,47572.0590615232,32.9223744292237,Significant_Damage_And_Serious_Injuries,2,0.23064623151821104,2
7979,3,0.16748783052277696,80.7,71.2397447584321,19,33896.0232636711,30.593607305936104,Minor_Damage_And_Injuries,9,0.328734944103858,2
7638,1,1.01036207837383,81.26,75.75205104831359,14,27752.8670889775,36.5753424657534,Significant_Damage_And_Serious_Injuries,3,0.33306238730616605,3
6582,6,0.0082036562864502,87.05,65.0865998176846,9,31541.6998361538,54.2922374429224,Significant_Damage_And_Serious_Injuries,23,0.293394157951677,2
7113,2,0.5158514319144729,76.12,70.0091157702826,11,38183.1809071596,36.392694063926896,Highly_Fatal_And_Damaging,2,0.368042553191489,2
2539,2,0.513030099886614,76.46,79.99088422971741,14,37853.2560286298,58.7214611872146,Significant_Damage_And_Fatalities,9,0.34965091958168,2
2713,4,0.0515805396340857,85.1,48.5870556061987,15,28126.4685617393,22.1004566210046,Significant_Damage_And_Fatalities,7,0.850913090515687,3
3511,7,0.00314344715318344,81.37,60.5287146763902,13,36324.4375831292,64.0182648401826,Significant_Damage_And_Fatalities,0,0.220548864046159,3
11005,4,0.0589535428536337,79.15,76.5268915223336,16,31988.019805266602,18.310502283105,Highly_Fatal_And_Damaging,1,0.23894049765596803,3
7519,3,0.168586748894355,87.62,79.2160437556974,14,33656.0464667578,36.164383561643795,Significant_Damage_And_Serious_Injuries,1,0.26851135953840605,2
10521,1,1.09257988690076,79.77,51.276207839562396,13,29133.3615239579,28.538812785388103,Significant_Damage_And_Fatalities,6,0.23605553552109598,1
8162,7,0.00469611599491054,76.3,65.0865998176846,17,47964.94338904019,48.538812785388096,Significant_Damage_And_Fatalities,1,0.40302271907681203,2
5949,4,0.0338942196143558,81.68,57.155879671832295,15,18917.972732299,31.1872146118721,Minor_Damage_And_Injuries,0,0.28221492967904804,2
2376,3,0.141000605097377,78.68,59.2980856882407,13,28183.3231299795,38.0821917808219,Significant_Damage_And_Serious_Injuries,3,0.31863757663180603,1
7943,7,0.00309622031037902,84.49,71.19416590701921,12,33311.1730562469,66.4840182648402,Significant_Damage_And_Fatalities,4,0.297721601153985,2
7669,6,0.00544196944099981,78.64,64.2206016408387,12,22277.1986501207,41.8264840182648,Significant_Damage_And_Serious_Injuries,0,0.4902928236566889,2
2501,2,0.438728976114531,81.19,54.2844120328168,15,32417.9301673667,20.5479452054795,Significant_Damage_And_Fatalities,14,0.40013775694194004,3
11777,1,1.5224826267586002,81.24,74.7037374658159,11,41468.3975005761,47.5342465753425,Significant_Damage_And_Serious_Injuries,9,0.28509989181392,2
3465,1,1.65646494997323,75.58,58.8422971741112,13,45416.582515986505,41.7351598173516,Significant_Damage_And_Serious_Injuries,9,0.492456545257843,0
3037,4,0.053751422666227004,80.43,62.944393801276206,12,28809.1051846816,32.4200913242009,Highly_Fatal_And_Damaging,7,0.328734944103858,3
7954,4,0.0517797336074063,78.28,71.64995442114859,16,28549.7555524629,17.1689497716895,Highly_Fatal_And_Damaging,19,0.306737107825459,2
664,6,0.00376153914630119,76.17,85.5970829535096,11,14582.4606952481,46.2100456621004,Significant_Damage_And_Serious_Injuries,1,0.27031446087270106,1
9305,2,0.38116484962130603,79.58,76.6180492251596,5,28259.6806196274,78.4018264840183,Minor_Damage_And_Injuries,23,0.28726361341507395,1
1914,7,0.00238458772839743,88.93,78.5323609845032,14,27720.603925686402,58.9954337899543,Significant_Damage_And_Fatalities,7,0.20828777497295398,5
9039,4,0.0796140496419091,81.37,73.0628988149499,13,43635.754690978596,30.0,Highly_Fatal_And_Damaging,10,0.37850054093040003,2
9605,2,0.42818228607728004,81.78,57.247037374658206,13,31748.2529497146,27.8995433789954,Highly_Fatal_And_Damaging,3,0.438724125495853,2
4545,7,0.00346277084197133,80.55,79.17046490428442,13,37614.5594211291,61.461187214611904,Significant_Damage_And_Fatalities,2,0.272838802740714,2
10494,2,0.633815557320407,83.97,69.91795806745671,13,46608.2720139824,52.3744292237443,Minor_Damage_And_Injuries,15,0.369124413992066,4
11517,3,0.124631110425203,80.13,60.1640838650866,23,24998.0502221417,18.8127853881278,Minor_Damage_And_Injuries,2,0.639589614136314,3
5857,3,0.160120932295153,81.3,74.3391066545123,18,32328.2199170687,24.8858447488584,Significant_Damage_And_Serious_Injuries,16,0.37345185719437396,2
6928,3,0.0901334616176345,81.17,46.03463992707379,14,18247.3728312848,46.9406392694064,Highly_Fatal_And_Damaging,3,0.484522899386945,3
11701,5,0.0324373855024073,76.18,82.3154056517776,12,48820.2733551817,54.794520547945204,Minor_Damage_And_Injuries,1,0.26815073927154703,3
460,4,0.083610549525106,87.72,82.0875113947128,14,45712.5484301237,26.3013698630137,Highly_Fatal_And_Damaging,2,0.199993508835196,3
276,3,0.16082128754966898,81.8,57.8395624430264,11,32108.8944544788,37.2146118721461,Highly_Fatal_And_Damaging,3,0.29591849981969,1
11980,7,0.00329338480002912,81.04,86.2351868732908,17,35719.992068152795,50.7762557077626,Significant_Damage_And_Fatalities,7,0.33378362783988397,0
3560,2,0.448870281573947,83.71,52.3245214220602,13,33167.2769169269,51.598173515981706,Highly_Fatal_And_Damaging,13,0.579366029570862,2
9509,4,0.0453323988881035,82.93,72.8805834092981,15,24906.7451617412,22.648401826483997,Highly_Fatal_And_Damaging,8,0.27428128380815,2
10136,3,0.14297429508679,75.68,91.3855970829535,14,28801.5388967117,37.5342465753425,Significant_Damage_And_Serious_Injuries,1,0.21117273710782503,3
1548,2,0.357126172144394,81.62,41.5223336371923,9,26385.9208020125,64.8401826484018,Highly_Fatal_And_Damaging,15,0.438724125495853,1
5274,3,0.149122605634599,78.48,73.4731084776664,17,30017.310608521402,36.0730593607306,Minor_Damage_And_Injuries,0,0.29736098088712604,2
38,6,0.0113283291184958,84.56,61.89608021877849,13,47495.6595147704,40.3196347031963,Significant_Damage_And_Serious_Injuries,0,0.26346267580238,0
3589,5,0.0157543917646869,82.19,66.8185961713765,15,23157.2982287448,20.4566210045662,Highly_Fatal_And_Damaging,1,0.553401370357014,3
790,4,0.0553718382352327,78.05,68.7784867821331,10,30307.857269128,49.5890410958904,Significant_Damage_And_Serious_Injuries,5,0.19891164803461897,2
79,7,0.00469390067071004,86.43,54.7857793983592,14,47946.3125870917,25.296803652968002,Significant_Damage_And_Fatalities,22,0.5382553191489361,3
8212,4,0.0692154391987707,78.52,68.7784867821331,15,38081.2358451794,22.7397260273973,Highly_Fatal_And_Damaging,7,0.399777136675081,0
3182,4,0.0482607690783199,79.73,72.97174111212401,13,26248.7929504245,62.3744292237443,Significant_Damage_And_Fatalities,0,0.364796970789758,3
5211,5,0.025353860841502998,77.02,57.8851412944394,13,36594.4894820802,51.461187214611904,Minor_Damage_And_Injuries,3,0.414923187883159,2
8473,6,0.0092353588658826,78.78,71.6955332725615,12,35906.4415472225,43.7899543378995,Significant_Damage_And_Serious_Injuries,3,0.31358889289578,2
1071,6,0.00831707573304156,86.13,66.4995442114859,16,33567.8763125468,30.7305936073059,Significant_Damage_And_Serious_Injuries,16,0.346765957446808,2
10010,7,0.00307677052811736,79.77,70.4193254329991,12,35561.5648695679,66.25570776255711,Significant_Damage_And_Fatalities,11,0.39148287053732395,2
5354,2,0.538862339469786,76.2,70.6927985414767,13,39850.2140336444,40.091324200913206,Significant_Damage_And_Serious_Injuries,2,0.28149368914533,1
1479,4,0.0387908818557251,77.08,72.06016408386509,14,21101.5489464311,24.1552511415525,Highly_Fatal_And_Damaging,3,0.27896934727731704,3
9038,3,0.187016357171913,83.19,62.07839562443029,15,37550.3987735086,31.9634703196347,Significant_Damage_And_Serious_Injuries,2,0.34496285611251304,3
4576,4,0.0678905095124799,80.71,37.283500455788605,15,36889.7195181602,22.648401826483997,Significant_Damage_And_Fatalities,8,0.6803397042913809,2
11462,3,0.20047717765955703,76.21,64.3117593436645,17,40282.3364101982,26.575342465753398,Significant_Damage_And_Serious_Injuries,14,0.3352261089073211,1
5392,1,0.894409699247168,79.64,53.5095715587967,10,24506.969736081202,39.726027397260296,Significant_Damage_And_Fatalities,1,0.24579228272628895,3
7960,4,0.0850182295154255,77.89,80.0364630811304,11,45972.622537935094,35.205479452054796,Highly_Fatal_And_Damaging,1,0.36083014785430895,3
11972,5,0.0183426417789464,81.78,68.3682771194166,11,26852.6964035447,48.3561643835616,Significant_Damage_And_Serious_Injuries,3,0.39797403534078596,4
205,6,0.00303189200401893,79.05,68.7784867821331,23,16238.5861110973,1.14155251141552,Highly_Fatal_And_Damaging,4,0.19710854670032502,3
2576,7,0.00203640341836576,79.23,60.1640838650866,19,21725.9744764813,41.5068493150685,Significant_Damage_And_Fatalities,8,0.39184349080418296,2
12295,6,0.00699570467874823,80.77,63.4457611668186,11,27665.299840044903,45.296803652967995,Significant_Damage_And_Serious_Injuries,1,0.33270176703930704,0
7257,1,0.9785787680736759,79.46,82.3609845031905,9,26565.0475824998,42.9680365296804,Highly_Fatal_And_Damaging,4,0.44341218896502005,2
4509,2,0.42435208330785296,77.69,54.69462169553329,15,31292.9574886337,46.027397260274,Highly_Fatal_And_Damaging,3,0.5032751532636129,0
11425,4,0.0573884601721742,82.02,65.0865998176846,10,31728.6566869053,36.986301369863,Highly_Fatal_And_Damaging,6,0.37092751532636103,4
12325,4,0.0615388804407856,77.0,63.90154968094811,12,33607.4557979406,56.027397260274,Minor_Damage_And_Injuries,18,0.39400721240533704,2
7758,1,0.8524335058162921,75.8,66.0893345487694,12,22950.581016018703,31.369863013698602,Highly_Fatal_And_Damaging,11,0.38679480706815705,1
8885,3,0.0753155639194272,79.85,79.85414767547859,15,14519.2418896442,31.278538812785396,Significant_Damage_And_Serious_Injuries,1,0.19638730616660602,1
10914,6,0.0100809469366386,80.92,52.5524156791249,18,38630.4756847112,24.063926940639302,Minor_Damage_And_Injuries,8,0.382467363865849,2
4762,4,0.0592496949826449,79.36,47.7666362807658,18,32187.543777080897,11.826484018264802,Significant_Damage_And_Fatalities,7,0.48488351965380394,3
853,5,0.0183988257543123,79.14,38.331814038286204,15,28579.1660477413,44.0639269406393,Highly_Fatal_And_Damaging,4,0.710992426974395,2
1392,2,0.49053399377869106,77.05,69.8723792160438,11,36247.5362907565,60.5479452054795,Minor_Damage_And_Injuries,25,0.335586729174179,3
10500,2,0.314050656397823,85.92,69.91795806745671,15,23214.4912184096,46.1187214611872,Minor_Damage_And_Injuries,11,0.46432816444284203,0
3628,3,0.112551766589855,79.58,65.0865998176846,6,22450.266342530602,76.6666666666667,Minor_Damage_And_Injuries,23,0.37128813559322,1
6863,2,0.510880290268532,79.21,49.6353691886965,11,37871.0557631729,58.310502283105,Highly_Fatal_And_Damaging,5,0.336668589974756,1
9577,6,0.0059310930744335,82.93,54.649042844120295,23,25720.916407571804,0.9132420091324208,Highly_Fatal_And_Damaging,14,0.532846015146051,2
6383,7,0.0034191797135848102,75.34,70.3281677301732,15,40401.4218160128,22.0091324200913,Highly_Fatal_And_Damaging,5,0.276084385142445,2
2720,2,0.48312521539373704,76.17,73.2907930720146,13,35535.2005207219,41.1872146118721,Significant_Damage_And_Serious_Injuries,2,0.246874143526866,3
4952,2,0.40130981931802706,77.19,73.746581586144,17,29821.782357109503,26.3470319634703,Significant_Damage_And_Serious_Injuries,0,0.36984565452578405,1
11721,1,1.41869503093969,82.43,66.8641750227894,12,38719.6875106846,43.607305936073,Significant_Damage_And_Serious_Injuries,3,0.251201586729174,0
1626,5,0.0262202357668089,78.17,63.719234275296294,7,38281.2923716348,71.689497716895,Minor_Damage_And_Injuries,0,0.498947710061305,2
3492,6,0.0101020846763771,79.31,79.03372835004559,12,38623.3910253659,30.6392694063927,Highly_Fatal_And_Damaging,3,0.3936465921384779,3
1009,2,0.33562780893799105,83.38,56.9279854147676,14,24744.1584157867,37.4885844748858,Minor_Damage_And_Injuries,13,0.48632600072124,2
1737,6,0.005098132215622,82.19,76.6180492251596,11,20406.491789574,48.4474885844749,Significant_Damage_And_Serious_Injuries,1,0.293033537684818,1
870,7,0.00231036898663625,82.8,58.7967183226983,8,24973.6836872682,47.3059360730593,Highly_Fatal_And_Damaging,0,0.44485467003245505,2
4291,6,0.0093983482120637,79.89,35.5059252506837,8,39453.1956384473,44.794520547945204,Highly_Fatal_And_Damaging,13,0.705583122971511,2
11920,6,0.008505971183399871,77.16,63.90154968094811,11,37065.4837499923,45.2511415525114,Significant_Damage_And_Serious_Injuries,16,0.24615290299314802,3
7729,4,0.0884973764056748,80.15,42.0692798541477,6,48400.6194864647,87.48858447488578,Significant_Damage_And_Serious_Injuries,1,0.538615939415795,1
10356,7,0.00510546972779216,79.22,69.5077484047402,15,49422.6277653414,57.4885844748858,Significant_Damage_And_Fatalities,7,0.29231229715109996,3
874,2,0.48771365612333,81.43,49.31631722880589,12,36037.4356530986,54.109589041095894,Minor_Damage_And_Injuries,3,0.421053732419762,3
8392,4,0.0495178660399433,78.21,65.8614402917047,15,27035.8387936996,20.2739726027397,Highly_Fatal_And_Damaging,3,0.236776776054814,3
3802,1,0.936641790738993,81.74,52.643573381950794,10,25631.3457142277,39.13242009132421,Significant_Damage_And_Fatalities,2,0.45603389830508395,3
89,2,0.0595076217413258,78.47,81.0391978122151,16,9023.69269986881,41.7351598173516,Minor_Damage_And_Injuries,20,0.365157591056617,3
4618,2,0.577208625420804,80.34,66.6362807657247,13,42621.8436108,51.917808219178106,Minor_Damage_And_Injuries,8,0.37273061666065604,2
8161,1,1.15647808158358,79.61,42.9808568824066,6,31618.5684248395,52.6940639269406,Significant_Damage_And_Fatalities,15,0.578644789037144,1
1801,3,0.128453568773262,79.85,72.0145852324522,13,25889.5343997223,27.8995433789954,Highly_Fatal_And_Damaging,2,0.522748647673999,2
3345,7,0.00228638425828823,79.6,82.9535095715588,16,27550.591374385098,53.74429223744289,Significant_Damage_And_Fatalities,0,0.248677244861161,1
10829,3,0.13209095278572802,78.23,89.1978122151322,16,26623.2048805474,18.7214611872146,Highly_Fatal_And_Damaging,2,0.27103570140641897,0
812,1,1.2229712083589799,79.8,62.944393801276206,15,33313.7192567944,22.9680365296804,Highly_Fatal_And_Damaging,1,0.5764810674359899,2
4338,7,0.0032192666671433104,81.11,82.13309024612579,20,32708.139141712403,15.753424657534199,Significant_Damage_And_Serious_Injuries,7,0.245071042192571,3
7102,1,1.56124667254123,78.33,47.0829535095716,16,42902.3849751326,40.7762557077626,Highly_Fatal_And_Damaging,9,0.495702127659574,1
6616,3,0.125660881272039,80.22,63.719234275296294,15,25474.308316526698,31.9178082191781,Significant_Damage_And_Serious_Injuries,3,0.22595816804904398,3
12081,1,0.7233556815504879,78.4,88.0583409298086,9,19700.9554497443,54.0639269406393,Highly_Fatal_And_Damaging,10,0.26815073927154703,2