Accident_ID,Accident_Type_Code,Adverse_Weather_Metric,Cabin_Temperature,Control_Metric,Days_Since_Inspection,Max_Elevation,Safety_Score,Severity,Total_Safety_Complaints,Turbulence_In_gforces,Violations
11824,3,0.20312108342873397,83.24,60.4375569735643,11,40979.5754532752,46.894977168949794,Significant_Damage_And_Serious_Injuries,0,0.517339343671114,2
9227,6,0.0119400602625915,79.64,42.5706472196901,16,45760.7560852147,42.5114155251142,Highly_Fatal_And_Damaging,7,0.6082156509195811,2
2989,1,1.3583961336022699,83.34,54.4667274384686,21,37120.1716684666,1.14155251141552,Significant_Damage_And_Fatalities,4,0.48416227912008597,1
12036,4,0.0592112001916615,84.4,66.2716499544212,15,32472.0736609725,31.5981735159817,Significant_Damage_And_Serious_Injuries,13,0.42213559322033894,2
4844,4,0.0385759451956623,77.37,56.563354603464,13,21179.1038747685,27.8082191780822,Significant_Damage_And_Fatalities,13,0.505078254597908,3
1138,3,0.160110192147785,78.44,60.5287146763902,19,32275.9088048593,32.8767123287671,Minor_Damage_And_Injuries,3,0.368763793725207,3
377,7,0.00243243998136578,86.09,68.64175022789429,7,27762.7996722579,82.23744292237441,Significant_Damage_And_Fatalities,11,0.262020194734944,3
2304,7,0.0028125247804077,87.1,57.520510483135794,10,30951.0633871869,73.607305936073,Significant_Damage_And_Fatalities,22,0.47370429138117603,3
10476,7,0.0033140906062656,82.16,32.7256153144941,6,32628.399491092,91.2328767123288,Significant_Damage_And_Serious_Injuries,0,0.7347933645870891,3
2933,7,0.00290087927234828,79.19,73.1540565177758,6,31290.5115253014,62.6940639269406,Significant_Damage_And_Serious_Injuries,2,0.260938333934367,2
9142,4,0.0198346999706244,86.96,68.64175022789429,12,831.6955534213299,30.1369863013699,Highly_Fatal_And_Damaging,1,0.4120382257482871,2
9163,2,0.37489100786849,77.79,56.6545123062899,14,27702.6663148683,25.251141552511395,Significant_Damage_And_Fatalities,13,0.430790479624955,1
2201,4,0.0639057568277937,77.69,68.9608021877849,14,35154.727264940804,58.1278538812785,Significant_Damage_And_Fatalities,4,0.413120086548864,1
10752,6,0.0065120821981488,83.07,87.693710118505,10,26959.581905196203,49.726027397260296,Significant_Damage_And_Serious_Injuries,10,0.28726361341507395,3
353,6,0.00446187925089134,83.21,64.4484958979034,20,18089.7766828856,16.986301369863,Significant_Damage_And_Serious_Injuries,3,0.337389830508475,2
7676,3,0.18564707587063,79.64,65.1321786690975,12,37318.5134929379,44.657534246575295,Significant_Damage_And_Serious_Injuries,3,0.265265777136675,2
10271,3,0.0993228008242308,79.85,56.9279854147676,17,19949.517832695,28.2191780821918,Minor_Damage_And_Injuries,11,0.32368626036783194,1
4718,3,0.20988934904073603,78.43,56.7456700091158,13,42190.154354331,38.4474885844749,Minor_Damage_And_Injuries,22,0.49462026685899696,3
9558,4,0.0604794899831926,83.29,82.2242479489517,13,33053.916313277005,28.9954337899543,Highly_Fatal_And_Damaging,0,0.33234114677244897,3
7490,3,0.164857538935295,77.42,75.11394712853242,7,33257.595187085695,47.9908675799087,Highly_Fatal_And_Damaging,6,0.312867652362062,2
4332,7,0.0032192666671433104,81.78,58.8422971741112,12,34233.0433595664,65.7077625570776,Significant_Damage_And_Fatalities,2,0.4145625676163,1
2207,4,0.0608856857112103,78.84,84.8678213309025,21,33146.070029033304,19.5433789954338,Minor_Damage_And_Injuries,1,0.245071042192571,1
5877,4,0.044555720248319004,79.71,67.7757520510483,13,24262.8963865492,52.8767123287671,Minor_Damage_And_Injuries,4,0.37489433826181,4
5698,3,0.10117521906412599,79.99,69.9635369188697,13,20402.772536801298,39.6803652968037,Significant_Damage_And_Serious_Injuries,30,0.249759105661738,2
8566,1,1.27665927889249,78.0,87.2835004557885,9,34684.7064974376,54.657534246575295,Significant_Damage_And_Serious_Injuries,0,0.40374395961053006,0
12076,3,0.10639403449074698,81.63,49.6353691886965,12,21287.7996759686,56.25570776255711,Highly_Fatal_And_Damaging,13,0.465049404976559,2
734,6,0.005557064300178999,76.2,72.0145852324522,11,20938.3572458028,45.2511415525114,Significant_Damage_And_Serious_Injuries,16,0.442330328164443,2
9290,2,0.21080944488171202,81.15,56.38103919781221,21,15521.145219850901,1.14155251141552,Significant_Damage_And_Fatalities,1,0.313228272628922,0
8757,4,0.0569905136266613,80.35,70.9206927985415,14,31335.4768243775,26.2557077625571,Highly_Fatal_And_Damaging,10,0.273560043274432,0
7207,6,0.00707625704504583,77.11,74.7948951686418,13,30077.4161879637,29.5433789954338,Highly_Fatal_And_Damaging,4,0.20143598990263198,2
3328,3,0.12376105756485901,77.65,74.9772105742936,10,24946.531467819103,37.5799086757991,Highly_Fatal_And_Damaging,10,0.368403173458348,2
922,7,0.00216645188959327,77.53,65.9070191431176,10,26248.7929504245,74.2009132420091,Significant_Damage_And_Fatalities,0,0.339914172376487,3
9354,2,0.514265510989051,76.2,66.04375569735639,15,38079.8427477091,33.6529680365297,Significant_Damage_And_Serious_Injuries,11,0.354699603317706,2
3394,7,0.00359083469130035,79.51,50.091157702825896,18,39152.9933728058,46.1643835616438,Significant_Damage_And_Serious_Injuries,19,0.7524637576631801,1
11858,6,0.00649134340495729,77.98,59.3892433910666,7,27518.7235157539,82.7853881278539,Significant_Damage_And_Fatalities,1,0.28906671474936896,3
12410,1,0.9201955634107042,76.96,82.4065633546035,18,25251.212043966603,11.5068493150685,Highly_Fatal_And_Damaging,0,0.219827623512441,1
9445,7,0.0046095259518669105,78.56,77.4384685505925,9,52054.3002379775,55.0228310502283,Significant_Damage_And_Serious_Injuries,10,0.18556869816083602,2
10566,4,0.0695073447784336,80.4,72.4247948951687,17,38168.2845511766,15.4337899543379,Highly_Fatal_And_Damaging,29,0.35542084385142403,1
5222,3,0.086846843745868,79.56,65.9981768459435,10,17267.0045345224,51.1872146118721,Significant_Damage_And_Serious_Injuries,6,0.38174612333213104,0
8832,6,0.0127192033069789,77.13,57.474931631722896,10,50122.019751680804,38.9954337899543,Highly_Fatal_And_Damaging,2,0.304573386224305,2
4341,1,0.819092324798317,74.85,64.17502278942571,19,22265.2378232954,42.0547945205479,Significant_Damage_And_Fatalities,5,0.44593653083303203,2
5668,4,0.0575557829885468,79.4,70.60164083865091,19,31041.738511205698,31.415525114155198,Minor_Damage_And_Injuries,11,0.382467363865849,2
1462,4,0.0639026705133312,77.83,49.4530537830446,12,35084.3986653576,30.9132420091324,Highly_Fatal_And_Damaging,0,0.491014064190407,2
12112,7,0.00222971733346745,77.2,71.3764813126709,15,26112.881093622003,56.4840182648402,Significant_Damage_And_Fatalities,7,0.362272628921745,1
697,1,0.394750463991409,76.62,67.50227894257071,15,11268.2935055275,21.2785388127854,Highly_Fatal_And_Damaging,11,0.505078254597908,2
10072,6,0.00265777562407155,80.55,60.027347310847794,14,10829.379248585501,34.7488584474886,Significant_Damage_And_Serious_Injuries,22,0.26274143526866195,2
8285,4,0.0958258956683562,82.07,71.4676390154968,11,51143.5391676143,33.972602739726,Highly_Fatal_And_Damaging,14,0.237858636855391,2
7157,2,0.34398585055344105,80.58,55.651777575205095,14,25365.633647101098,47.899543378995396,Highly_Fatal_And_Damaging,20,0.48993220338983,4
7730,7,0.00314676670034171,78.73,85.18687329079309,8,33395.5017361782,44.0639269406393,Highly_Fatal_And_Damaging,5,0.264183916336098,1
12334,6,0.005389074790336929,83.84,60.027347310847794,8,23360.58611145,54.5205479452055,Significant_Damage_And_Serious_Injuries,0,0.44413342949873796,2
6519,2,0.653014214204056,76.35,76.4813126709207,12,48882.9969470896,30.9132420091324,Highly_Fatal_And_Damaging,3,0.27103570140641897,2
11503,3,0.0900111876406189,78.96,41.659070191431205,16,18491.7313994727,29.8173515981735,Minor_Damage_And_Injuries,3,0.45603389830508395,2
3862,6,0.00720357970658475,81.09,56.7000911577028,9,28535.262401524702,65.4337899543379,Significant_Damage_And_Serious_Injuries,2,0.5425827623512439,3
10841,3,0.0782363458011667,83.58,77.6663628076573,8,16327.599748526101,56.894977168949794,Significant_Damage_And_Serious_Injuries,12,0.350372160115398,3
8578,3,0.0476009651917602,89.19,73.9744758432088,9,831.6955534213299,41.643835616438295,Highly_Fatal_And_Damaging,1,0.4145625676163,2
5515,6,0.00566656035545686,77.94,76.8915223336372,12,21154.8577344722,41.415525114155294,Significant_Damage_And_Serious_Injuries,14,0.396892174540209,2
12485,5,0.0248181588117236,78.64,60.1640838650866,11,36656.5473460937,46.62100456620999,Significant_Damage_And_Serious_Injuries,2,0.32152253876667897,1
656,7,0.00460286344892508,87.1,53.96536007292621,9,48569.5562852462,77.76255707762559,Significant_Damage_And_Serious_Injuries,14,0.439805986296429,4
2394,1,1.66486418964678,78.04,54.4667274384686,8,45741.2045089614,56.8493150684931,Minor_Damage_And_Injuries,1,0.34892967904796196,2
5582,7,0.0042971745609235,78.97,61.6681859617138,14,44552.868826659294,37.3059360730594,Significant_Damage_And_Serious_Injuries,10,0.45603389830508395,3
8681,3,0.156222076352634,78.06,52.68915223336371,8,31500.179331516803,56.301369863013704,Minor_Damage_And_Injuries,1,0.328374323837,1
10827,2,0.46676164314786206,80.24,79.03372835004559,12,34640.546869596605,30.776255707762605,Highly_Fatal_And_Damaging,5,0.32116191849982,1
2885,4,0.0701249966785418,76.61,66.0893345487694,17,38394.5509317175,13.789954337899498,Highly_Fatal_And_Damaging,4,0.26815073927154703,1
11640,7,0.00555060260851531,79.71,79.3527803099362,12,60869.7486975738,67.6712328767123,Significant_Damage_And_Fatalities,0,0.231728092318788,2
5533,6,0.0053353160716145,83.29,82.3154056517776,13,23086.022694090698,29.1780821917808,Highly_Fatal_And_Damaging,3,0.17438946988820703,1
7727,4,0.0406300528515001,84.43,64.4940747493163,16,22044.0205627516,41.5525114155251,Minor_Damage_And_Injuries,0,0.255168409664623,2
10336,3,0.165002363929807,77.16,60.027347310847794,8,33372.8197860987,54.4748858447489,Significant_Damage_And_Serious_Injuries,0,0.639950234403173,1
6541,2,0.35017958188076004,81.76,74.29352780309941,11,25758.1197982121,36.62100456621,Highly_Fatal_And_Damaging,7,0.207205914172377,3
3476,6,0.00989361030881823,77.27,64.767547857794,17,38914.2802256648,25.570776255707802,Significant_Damage_And_Serious_Injuries,15,0.5515982690227189,1
1231,5,0.0273062158003251,79.22,72.0145852324522,14,41247.2138694394,49.315068493150704,Minor_Damage_And_Injuries,6,0.315752614496934,3
1108,6,0.007811180941728159,80.53,68.8240656335461,10,31719.308363428598,50.821917808219204,Significant_Damage_And_Serious_Injuries,0,0.282575549945907,1
7243,7,0.00315344106974265,78.56,61.485870556062004,8,36384.8862884969,42.648401826484,Highly_Fatal_And_Damaging,22,0.41961125135232596,2
3257,3,0.17306668059365998,78.72,58.6144029170465,16,34800.646575157,17.5799086757991,Highly_Fatal_And_Damaging,3,0.491014064190407,1
9150,6,0.00412461905272143,79.22,60.300820419325504,11,13364.5100535046,45.15981735159821,Significant_Damage_And_Serious_Injuries,6,0.409874504147133,2
11435,4,0.0628086341822525,81.23,71.8778486782133,16,34397.7574159421,18.0365296803653,Highly_Fatal_And_Damaging,5,0.224876307248467,2
6778,3,0.202628386150138,79.45,60.2552415679125,14,40394.144525374504,37.7625570776256,Significant_Damage_And_Serious_Injuries,18,0.35361774251712896,2
10015,4,0.0694785537644393,78.32,74.9772105742936,15,37949.724386183996,23.150684931506802,Highly_Fatal_And_Damaging,15,0.37345185719437396,2
4739,1,1.42252211161246,80.45,46.718322698268004,13,38783.3566123134,28.4018264840183,Significant_Damage_And_Fatalities,12,0.6038882077172739,3
5178,4,0.0690777355402737,79.31,56.1531449407475,10,38050.4413138882,38.4474885844749,Significant_Damage_And_Fatalities,2,0.34568409664623106,0
11048,7,0.00311936075575471,79.86,70.8751139471286,15,35460.2652816768,33.8812785388128,Significant_Damage_And_Serious_Injuries,8,0.363715109989181,1
4557,4,0.0466439852917615,78.23,76.6180492251596,14,25770.4611825875,23.561643835616398,Highly_Fatal_And_Damaging,1,0.202157230436351,3
3508,4,0.0677898381193723,79.54,54.2844120328168,15,36626.3024878979,21.8721461187215,Significant_Damage_And_Fatalities,13,0.392564731337901,2
5987,3,0.0860681777332208,79.83,80.2643573381951,3,17582.7396691811,95.2511415525114,Significant_Damage_And_Fatalities,11,0.48308041831950893,1
4227,4,0.0640170538543537,85.58,47.17411121239739,8,34985.7217148431,42.4657534246575,Significant_Damage_And_Fatalities,10,0.606773169852146,3
5456,3,0.17929137110584603,78.56,73.88331814038291,11,35902.3547465078,45.9817351598173,Significant_Damage_And_Serious_Injuries,5,0.365878831590335,1
3268,4,0.0431418920641042,85.98,66.4995442114859,13,23998.3048588661,62.328767123287705,Significant_Damage_And_Fatalities,0,0.317916336098088,1
65,4,0.0691843136690765,79.23,75.8887876025524,14,38068.5442522449,24.9771689497717,Highly_Fatal_And_Damaging,5,0.24290732059141698,3
1397,5,0.0112049590659801,78.67,73.6554238833182,9,15414.099017896298,64.5662100456621,Minor_Damage_And_Injuries,11,0.47370429138117603,2
9468,3,0.14155543765951903,80.09,54.69462169553329,16,28716.275457879103,30.7305936073059,Minor_Damage_And_Injuries,3,0.38318860439956703,3
359,7,0.0016033383209366199,82.72,62.1239744758432,12,17869.2712881728,30.3196347031963,Highly_Fatal_And_Damaging,6,0.4185293905517489,3
9265,2,0.6285743195653721,75.35,68.5961713764813,14,46273.2400084029,46.894977168949794,Minor_Damage_And_Injuries,17,0.507241976199062,0
378,7,0.0025664153520502803,79.51,56.9279854147676,13,32058.503196196,28.264840182648395,Significant_Damage_And_Fatalities,0,0.409153263613415,3
6236,4,0.0742383861271261,81.32,49.31631722880589,14,40296.8160759999,23.4703196347032,Significant_Damage_And_Fatalities,0,0.34965091958168,2
11520,6,0.006857542219663879,81.98,67.50227894257071,12,26859.1915363265,42.283105022831,Significant_Damage_And_Serious_Injuries,0,0.251922827262892,1
11867,6,0.00800039792039299,75.14,71.05742935278029,14,31316.6296278677,36.9406392694064,Significant_Damage_And_Serious_Injuries,7,0.20143598990263198,2
4868,7,0.00387029016150172,77.33,77.3473108477666,7,43755.472224552796,48.2648401826484,Highly_Fatal_And_Damaging,18,0.262020194734944,2
11008,7,0.00349390200818882,81.55,60.80218778486779,13,38395.8727285611,52.511415525114096,Minor_Damage_And_Injuries,2,0.34027479264334604,0
6554,4,0.0740408460528916,79.28,69.64448495897899,14,40401.4218160128,24.063926940639302,Highly_Fatal_And_Damaging,1,0.30313090515687,2
4951,3,0.17874729903316897,83.58,74.7948951686418,16,36075.491073082405,54.885844748858396,Significant_Damage_And_Fatalities,2,0.298442841687703,0
2093,6,0.009514099172600541,81.11,85.6882406563355,17,40645.7172863603,27.4885844748858,Significant_Damage_And_Serious_Injuries,5,0.33306238730616605,0
4824,7,0.00322758081539916,82.88,77.4384685505925,10,34747.026456126405,72.32876712328759,Significant_Damage_And_Fatalities,12,0.314670753696357,3
5042,2,0.595092388856474,77.22,56.9279854147676,21,43590.4452092247,1.4155251141552498,Significant_Damage_And_Fatalities,2,0.375615578795528,3
10918,5,0.0219848426435965,77.45,69.4165907019143,6,32161.148977895202,76.62100456620999,Minor_Damage_And_Injuries,12,0.462885683375405,1
4904,2,0.542719185044541,82.49,73.746581586144,14,39875.6120144522,48.4474885844749,Minor_Damage_And_Injuries,8,0.29483663901911306,2
2076,4,0.0664714737763402,81.76,66.3172288058341,11,36445.5066953549,33.2420091324201,Highly_Fatal_And_Damaging,1,0.5130119004688061,0
7913,2,0.577778976533685,81.82,85.9617137648131,11,42885.390681345896,35.9817351598173,Highly_Fatal_And_Damaging,6,0.26021709340064897,1
7924,3,0.179246049162375,76.82,63.6736554238833,15,36159.9008773321,32.8310502283105,Significant_Damage_And_Serious_Injuries,8,0.59415146051208,0
7393,6,0.0075034789920839905,85.02,75.25068368277121,15,29975.6162301416,21.2785388127854,Highly_Fatal_And_Damaging,17,0.494980887125856,3
3531,7,0.00246153031373213,78.47,68.003646308113,17,24370.2265407342,48.8584474885845,Significant_Damage_And_Fatalities,3,0.452067075369635,2
11190,3,0.160069959821759,78.91,79.71741112123979,10,32254.0720662131,50.7762557077626,Significant_Damage_And_Serious_Injuries,5,0.234973674720519,1
5901,6,0.007581612352230821,86.1,65.4512306289882,13,28609.125976105497,61.872146118721396,Significant_Damage_And_Fatalities,20,0.323325640100974,2
4642,6,0.0031625042767745603,77.83,54.8313582497721,13,15949.8073396295,28.264840182648395,Significant_Damage_And_Fatalities,5,0.481277316985214,3
10133,5,0.0194629461559457,83.85,59.115770282588905,15,30477.319081756603,22.1917808219178,Highly_Fatal_And_Damaging,27,0.269953840605842,2
3635,4,0.0677114487516343,77.29,58.158614402917,13,36560.9267531553,29.1780821917808,Highly_Fatal_And_Damaging,1,0.404465200144248,2
11670,6,0.00566656035545686,80.2,78.3956244302644,12,22597.0959547712,42.3744292237443,Significant_Damage_And_Serious_Injuries,4,0.24579228272628895,1
4615,2,0.17603090511794,79.17,72.0145852324522,15,14348.077504495,44.337899543379,Minor_Damage_And_Injuries,10,0.37958240173097707,2
1266,4,0.0591195118912739,78.32,75.25068368277121,14,31864.7898725408,25.1141552511416,Highly_Fatal_And_Damaging,5,0.36119076812116796,3
4720,4,0.031134858517971997,75.31,69.73564266180489,13,16841.768807767,30.1826484018265,Highly_Fatal_And_Damaging,3,0.314310133429499,2
1464,7,0.00243360517719337,79.54,38.9699179580674,14,25814.8468749981,59.8173515981735,Significant_Damage_And_Serious_Injuries,7,0.654375045077533,1
5941,3,0.17236187533891498,78.47,57.611668185961705,11,34761.3720323749,46.894977168949794,Significant_Damage_And_Serious_Injuries,0,0.47045870897944503,3
10395,3,0.175707515440699,80.74,58.8422971741112,15,35285.2690352296,34.0639269406393,Significant_Damage_And_Serious_Injuries,18,0.35938766678687295,1
7137,7,0.00417783879488169,84.1,68.003646308113,17,41724.5687249952,38.7214611872146,Minor_Damage_And_Injuries,2,0.36984565452578405,2
7934,6,0.00735262148760746,84.8,59.6627164995442,12,28815.427261791203,43.607305936073,Significant_Damage_And_Serious_Injuries,1,0.46721312657771297,4
10930,6,0.0101185628153381,81.21,82.4521422060164,14,38002.035429626405,26.1643835616438,Highly_Fatal_And_Damaging,0,0.19710854670032502,2
3287,5,0.0199701051798232,78.52,48.9061075660894,14,30889.1456903206,36.027397260274,Significant_Damage_And_Serious_Injuries,4,0.687191489361702,1
6132,4,0.0398611264038201,82.19,66.9097538742024,15,21564.025038108997,20.2283105022831,Highly_Fatal_And_Damaging,2,0.460361341507393,2
11699,4,0.08255825168227701,77.38,47.9489516864175,14,44914.369149254904,26.2557077625571,Significant_Damage_And_Fatalities,9,0.49389902632527904,4
4921,2,0.431251474752445,79.53,40.2917046490429,13,31925.2755538881,41.0502283105023,Minor_Damage_And_Injuries,6,0.6413927154706089,4
3491,6,0.00497222435160952,76.11,88.4685505925251,4,16837.0598386233,77.3059360730594,Significant_Damage_And_Serious_Injuries,2,0.18556869816083602,3
9155,4,0.0452453456509353,81.85,73.70100273473109,15,24784.663871210498,55.0228310502283,Significant_Damage_And_Fatalities,1,0.29519725928597196,3
1384,4,0.0350890825621048,75.7,58.979033728350004,7,18869.5876217835,61.232876712328796,Significant_Damage_And_Serious_Injuries,1,0.42249621348719796,2
2862,2,0.664582259241775,84.94,64.2661804922516,16,48162.872289348205,40.1369863013699,Minor_Damage_And_Injuries,0,0.439805986296429,3
1973,6,0.00747668731654312,79.6,67.8213309024613,12,30528.1424459409,31.2328767123288,Highly_Fatal_And_Damaging,5,0.362272628921745,1
9785,3,0.133534621747045,78.2,63.90154968094811,11,27123.0765132282,45.79908675799089,Significant_Damage_And_Serious_Injuries,29,0.24579228272628895,2
5420,4,0.0557625104986608,77.94,73.1996353691887,11,30349.9564226895,34.474885844748805,Highly_Fatal_And_Damaging,11,0.33450486837360305,1
10017,4,0.0563295397232032,79.33,76.8915223336372,10,30843.079330967998,38.3561643835616,Highly_Fatal_And_Damaging,8,0.28437865128020196,0
7231,6,0.00815007856852143,79.45,69.2342752962625,12,31651.9369994542,31.5981735159817,Highly_Fatal_And_Damaging,12,0.388597908402452,2
8592,4,0.0437840696939847,77.22,58.6144029170465,16,24079.5906676941,17.8538812785388,Highly_Fatal_And_Damaging,5,0.28221492967904804,1
7517,6,0.0101249384175377,84.41,74.2023701002735,10,42282.7920364201,51.6438356164384,Significant_Damage_And_Serious_Injuries,0,0.26490515686981597,3
387,1,0.898387825256726,81.15,73.60984503190521,10,24420.713003042,36.4383561643836,Highly_Fatal_And_Damaging,13,0.388958528669311,2
11092,3,0.0538389856628405,86.43,75.47857793983592,14,10571.2705834972,24.8401826484018,Highly_Fatal_And_Damaging,22,0.532124774612333,3
512,4,0.0710959797816375,76.8,51.1850501367366,17,38484.6290564965,14.5205479452055,Significant_Damage_And_Fatalities,2,0.584054093040028,1
9129,4,0.0502148785850208,75.2,84.1841385597083,14,27179.0519600046,24.748858447488605,Highly_Fatal_And_Damaging,3,0.296279120086549,1
7842,2,0.25328347095111703,77.26,65.4512306289882,11,18980.6198635016,34.474885844748805,Highly_Fatal_And_Damaging,8,0.25084096646231496,1
9339,4,0.067847155870399,82.02,65.4056517775752,10,36687.8536553496,36.62100456621,Highly_Fatal_And_Damaging,11,0.54763144608727,1
975,4,0.0664203667642382,80.84,62.2607110300821,8,36008.6822689946,44.794520547945204,Highly_Fatal_And_Damaging,6,0.330898665705012,3
204,3,0.155972033378461,79.35,43.072014585232495,13,31528.093859114502,51.0502283105023,Highly_Fatal_And_Damaging,0,0.727941579516768,2
11047,2,0.33659510505908197,76.58,70.1914311759344,11,25019.9299511302,59.13242009132421,Minor_Damage_And_Injuries,1,0.38174612333213104,1
1730,3,0.0847354723615849,79.26,53.783044667274396,10,16378.756366728201,61.5068493150685,Highly_Fatal_And_Damaging,0,0.511930039668229,2
4797,3,0.155473833405764,82.23,72.5159525979946,12,31526.6329253501,44.5205479452055,Significant_Damage_And_Serious_Injuries,0,0.41672628921745397,4
1869,7,0.00201815311776992,79.01,68.003646308113,17,20597.3890625274,49.2237442922374,Significant_Damage_And_Fatalities,9,0.527436711143166,1
10066,4,0.0718018696549619,83.64,59.2069279854148,16,39034.3704321108,42.0091324200913,Minor_Damage_And_Injuries,13,0.40807140281283794,3
1436,4,0.0714234557381285,77.26,65.67912488605289,11,39103.4153008276,33.2420091324201,Highly_Fatal_And_Damaging,4,0.269953840605842,3
2371,3,0.15451742871291402,82.07,69.1431175934367,8,31143.0404321038,56.7579908675799,Significant_Damage_And_Serious_Injuries,6,0.350011539848539,0
3251,2,0.3116315447563,78.37,66.4995442114859,6,22913.2170491522,75.296803652968,Minor_Damage_And_Injuries,9,0.338471691309052,0
3093,2,0.5019027365220821,81.76,64.5852324521422,11,36844.4611648139,58.0365296803653,Minor_Damage_And_Injuries,9,0.36263324918860396,4
4097,1,0.7424356054558209,79.39,66.5451230628988,10,20142.4706831629,37.2146118721461,Highly_Fatal_And_Damaging,2,0.460721961774252,2
2367,4,0.0562028167670757,81.73,73.33637192342749,12,30528.1424459409,31.278538812785396,Highly_Fatal_And_Damaging,2,0.342799134511359,2
4527,2,0.45369397511610404,81.03,72.151321786691,16,33596.650764813996,41.9178082191781,Minor_Damage_And_Injuries,22,0.272117562206996,2
4669,1,1.37759041351401,82.19,63.810391978122205,15,37265.2725889536,21.5981735159817,Highly_Fatal_And_Damaging,0,0.591627118644068,2
9904,4,0.0765923031796364,83.82,82.3609845031905,9,41920.2471614135,43.0593607305936,Highly_Fatal_And_Damaging,1,0.358305805986296,2
4820,2,0.348598243853363,83.19,84.2752962625342,10,25814.2775225024,62.1461187214612,Minor_Damage_And_Injuries,15,0.346405337179949,1
10257,2,0.37489100786849,80.01,59.9817684594348,17,27823.0505835169,38.4931506849315,Minor_Damage_And_Injuries,13,0.28365741074648404,3
5797,7,0.00299716120370222,80.55,72.2880583409298,17,32183.3988569363,51.3698630136986,Significant_Damage_And_Fatalities,1,0.25625027046520005,2
9745,3,0.157172393214529,80.49,62.944393801276206,14,31461.125638474303,36.5753424657534,Significant_Damage_And_Serious_Injuries,10,0.38066426253155394,1
3803,6,0.0115453696276444,77.11,72.1969006381039,13,47430.2732035325,39.8173515981735,Significant_Damage_And_Serious_Injuries,15,0.442330328164443,2
3254,2,0.372844371101317,77.92,49.4530537830446,15,27506.848931160697,44.4748858447489,Highly_Fatal_And_Damaging,2,0.526354850342589,4
12057,3,0.12443500146802301,84.75,73.70100273473109,12,25080.5824492383,41.1415525114155,Significant_Damage_And_Serious_Injuries,3,0.28149368914533,1
10791,7,0.0032192666671433104,82.17,75.38742023701,19,33740.8858200893,42.0547945205479,Significant_Damage_And_Fatalities,9,0.388597908402452,1
8915,4,0.0806638923240863,74.95,40.4740200546946,5,43447.1518302216,65.7534246575342,Minor_Damage_And_Injuries,3,0.445215290299315,3
233,2,0.27763754271505103,83.28,50.7748404740201,12,20204.6489775497,54.4292237442922,Highly_Fatal_And_Damaging,4,0.618313018391633,2
573,6,0.00720357970658475,79.17,78.1677301731996,13,30586.407239901,39.4520547945205,Significant_Damage_And_Serious_Injuries,4,0.27644500540930395,3
10034,7,0.0032646245817578,81.62,76.02552415679129,20,34338.5188608788,42.0547945205479,Significant_Damage_And_Fatalities,12,0.298803461954562,1
1653,2,0.278497327206072,82.32,46.171376481312706,13,20799.925591698302,64.6575342465753,Significant_Damage_And_Fatalities,17,0.5371734583483591,1
3883,3,0.17962058111522197,84.62,75.8432087511395,11,36269.6801583076,45.1141552511415,Significant_Damage_And_Serious_Injuries,2,0.293394157951677,1
2503,6,0.00526925718600814,78.43,82.9079307201459,16,22408.050422766803,30.3196347031963,Significant_Damage_And_Serious_Injuries,0,0.337750450775333,2
948,3,0.170645148830517,80.31,69.4165907019143,13,34207.9443786107,38.8127853881278,Significant_Damage_And_Serious_Injuries,30,0.215860800576992,0
4559,4,0.0604465525608029,76.04,60.1640838650866,9,33080.0431427359,40.273972602739704,Highly_Fatal_And_Damaging,1,0.313228272628922,1
5794,2,0.40440176208428597,77.04,58.8422971741112,19,29969.886886305,7.85388127853881,Highly_Fatal_And_Damaging,12,0.4087926433465561,1
4343,1,0.56145735508579,79.3,68.1403828623519,9,16112.697780768998,77.4885844748858,Significant_Damage_And_Fatalities,1,0.21297583844211998,3
1080,2,0.387005034583961,79.3,79.17046490428442,11,28658.6331440388,59.4063926940639,Minor_Damage_And_Injuries,16,0.317555715831229,2
10397,2,0.420569864297446,78.87,54.7857793983592,17,31075.0293884329,51.41552511415521,Significant_Damage_And_Serious_Injuries,7,0.45062459430220003,3
11986,7,0.0021179586552055396,83.08,56.38103919781221,7,23861.037409217002,79.7260273972603,Significant_Damage_And_Serious_Injuries,0,0.365878831590335,2
10345,6,0.0121672842334221,81.06,56.563354603464,12,52015.794424162596,44.4292237442922,Minor_Damage_And_Injuries,14,0.350011539848539,3
4664,7,0.0022016488687736603,78.27,67.228805834093,6,27520.75175597,52.1461187214612,Highly_Fatal_And_Damaging,1,0.32765308330328097,1
6505,2,0.178843572386274,80.16,55.241567912488605,16,14836.3056854253,42.5570776255708,Minor_Damage_And_Injuries,3,0.647523260007212,2
11696,1,0.999891644482845,77.25,52.5979945305378,8,26949.9557733894,44.566210045662096,Significant_Damage_And_Fatalities,3,0.417808150018031,2
9060,7,0.00490041074442536,79.17,60.1640838650866,20,50314.7204576381,40.5479452054794,Significant_Damage_And_Fatalities,11,0.352535881716553,4