Accident_ID,Accident_Type_Code,Adverse_Weather_Metric,Cabin_Temperature,Control_Metric,Days_Since_Inspection,Max_Elevation,Safety_Score,Severity,Total_Safety_Complaints,Turbulence_In_gforces,Violations
7562,6,0.00309338983224626,76.74,70.4193254329991,11,15560.247426871001,35.4794520547945,Highly_Fatal_And_Damaging,9,0.518421204471691,2
4719,3,0.20906521480786897,79.03,74.52142206016408,12,41991.870913776,42.100456621004604,Significant_Damage_And_Serious_Injuries,2,0.26490515686981597,2
10979,4,0.0679180602164867,78.04,70.9206927985415,8,37043.2919553417,44.84018264840179,Highly_Fatal_And_Damaging,4,0.25841399206635396,3
8214,3,0.119606400550729,76.95,46.171376481312706,14,24295.595597748597,38.219178082191796,Minor_Damage_And_Injuries,22,0.448460872701046,2
12174,2,0.37242542413145796,75.51,47.128532360984494,15,27506.848931160697,44.566210045662096,Highly_Fatal_And_Damaging,7,0.351454020915975,5
1137,3,0.15070771210342498,77.62,74.9772105742936,18,30476.691698662,23.607305936073104,Significant_Damage_And_Serious_Injuries,15,0.296639740353408,1
1122,2,0.569213825805112,82.46,78.669097538742,15,42329.0179287936,42.8310502283105,Minor_Damage_And_Injuries,18,0.237858636855391,3
10677,7,0.00277618537959387,78.87,57.5660893345488,18,28354.1216769969,45.5707762557078,Significant_Damage_And_Fatalities,7,0.579366029570862,2
2469,4,0.0657919157803562,81.53,69.18869644484961,8,36281.1594419216,45.5251141552511,Highly_Fatal_And_Damaging,2,0.40807140281283794,2
1612,1,1.29520155662408,77.53,88.24065633546041,9,34954.8947262851,41.0958904109589,Highly_Fatal_And_Damaging,1,0.18088063469167,3
3407,1,0.9791787218930771,79.24,68.9608021877849,10,26600.528829705097,48.81278538812779,Significant_Damage_And_Serious_Injuries,1,0.41384132708258203,4
9446,4,0.0558847376979447,80.83,69.37101185050139,11,30307.857269128,59.315068493150704,Minor_Damage_And_Injuries,3,0.29447601875225393,2
9476,7,0.0028429851654431697,79.06,67.1376481312671,15,28559.6591388298,45.4794520547945,Minor_Damage_And_Injuries,10,0.414923187883159,1
765,3,0.17415341436218398,82.69,52.9626253418414,20,34985.7217148431,16.1187214611872,Minor_Damage_And_Injuries,7,0.6385077533357371,2
6983,3,0.17976101112300102,79.03,70.464904284412,18,36002.5313878639,24.2465753424658,Significant_Damage_And_Serious_Injuries,1,0.39472845293905495,2
8458,2,0.415749786415761,78.69,47.265268915223395,14,30701.4903580148,25.479452054794503,Significant_Damage_And_Fatalities,11,0.42934799855751904,2
12028,3,0.11013412211354302,81.08,48.9061075660894,12,22169.208595891498,32.4200913242009,Highly_Fatal_And_Damaging,5,0.42249621348719796,3
8640,6,0.0074307343167388405,89.19,73.9744758432088,10,29078.857107262298,51.0502283105023,Significant_Damage_And_Serious_Injuries,1,0.40374395961053006,0
4991,1,0.747757022448862,82.97,74.1567912488605,16,20313.4761672518,19.2237442922374,Highly_Fatal_And_Damaging,0,0.27031446087270106,3
3702,1,0.9710988332523001,86.58,59.4348222424795,15,26432.644878515897,21.2785388127854,Highly_Fatal_And_Damaging,7,0.39076163000360603,2
7549,4,0.0610195919364493,81.24,83.59161349134,13,33137.9077443779,40.7762557077626,Significant_Damage_And_Serious_Injuries,10,0.28726361341507395,3
11974,7,0.00175499774738141,87.1,58.4776663628077,9,21530.9638754351,76.62100456620999,Significant_Damage_And_Fatalities,10,0.46721312657771297,0
8191,3,0.125660881272039,81.1,72.7438468550593,14,25252.7452231213,36.164383561643795,Significant_Damage_And_Serious_Injuries,1,0.231728092318788,1
10135,2,0.590221750336164,78.09,59.0701914311759,11,44097.24315896651,34.9315068493151,Highly_Fatal_And_Damaging,9,0.36732131265777096,1
2114,3,0.20952488990761897,80.79,73.1996353691887,16,42076.998636432996,29.3607305936073,Significant_Damage_And_Serious_Injuries,20,0.33306238730616605,2
8546,3,0.142409709799009,79.06,60.300820419325504,16,28547.658421272998,28.493150684931503,Significant_Damage_And_Serious_Injuries,17,0.5822509917057329,3
3029,4,0.0713728148247185,79.31,67.00091157702829,14,39230.7767992872,37.671232876712295,Significant_Damage_And_Serious_Injuries,4,0.419971871619185,2
15,7,0.00325551820679858,76.3,68.64175022789429,17,36324.9430018409,48.1278538812785,Significant_Damage_And_Fatalities,0,0.40482582041110704,3
2327,4,0.0382112476922794,77.74,52.82588878760261,17,20993.9622286411,14.703196347032002,Significant_Damage_And_Fatalities,0,0.449542733501623,2
4455,4,0.0430629446815057,82.25,68.6873290793072,16,23720.178932652598,51.3698630136986,Significant_Damage_And_Fatalities,2,0.404465200144248,3
10902,4,0.0577524992640029,82.53,73.1084776663628,21,31526.6329253501,12.648401826484001,Significant_Damage_And_Serious_Injuries,0,0.327292463036423,1
6776,6,0.0109988106068976,79.17,72.0145852324522,15,42771.4992003673,44.337899543379,Minor_Damage_And_Injuries,14,0.377058059862964,0
5414,7,0.00265908783298855,80.16,54.1932543299909,17,31006.5572504406,27.1689497716895,Significant_Damage_And_Serious_Injuries,6,0.5995607645149661,3
10063,4,0.0466821769632099,81.03,74.61257976299,12,25934.118494204704,29.8630136986301,Highly_Fatal_And_Damaging,0,0.337750450775333,2
4646,1,1.27724201743561,75.58,62.1695533272562,10,34809.4451899238,38.9954337899543,Highly_Fatal_And_Damaging,4,0.49389902632527904,2
4620,2,0.42540098154406897,79.26,65.6335460346399,7,31503.4535809663,59.4063926940639,Highly_Fatal_And_Damaging,9,0.267790119004688,3
4335,5,0.0125144123549024,78.48,76.8915223336372,11,18965.2829541948,58.0365296803653,Minor_Damage_And_Injuries,7,0.426823656689506,3
6103,5,0.0123379841602936,81.36,80.2643573381951,11,15748.134143673899,60.5479452054795,Minor_Damage_And_Injuries,9,0.32368626036783194,2
10050,5,0.0143207282477566,77.95,30.7201458523245,11,20785.9376416058,45.4794520547945,Minor_Damage_And_Injuries,6,0.729744680851064,3
3828,4,0.0462843448938988,81.91,79.535095715588,14,24926.7672088726,23.561643835616398,Highly_Fatal_And_Damaging,7,0.199993508835196,2
10091,4,0.0553078262715637,77.13,55.6973564266181,15,30363.140751845698,20.5479452054795,Significant_Damage_And_Fatalities,2,0.311425171294627,1
303,4,0.045220799930327994,77.27,50.3646308113035,20,25229.7819974548,40.5479452054794,Significant_Damage_And_Fatalities,1,0.329095564370718,3
6775,1,0.8902819480198572,79.2,60.07292616226071,17,24135.4433661131,27.8538812785388,Significant_Damage_And_Serious_Injuries,8,0.50796321673278,4
12237,7,0.0044289702451501,78.5,60.5287146763902,15,52249.610146137195,43.3333333333333,Minor_Damage_And_Injuries,15,0.52960043274432,4
5390,4,0.0499952747001813,79.89,54.876937101185,11,27350.129916002403,34.0182648401826,Significant_Damage_And_Fatalities,7,0.256971510998918,1
6878,5,0.0184283725792126,79.56,59.9817684594348,14,27686.2413636474,49.315068493150704,Minor_Damage_And_Injuries,6,0.409874504147133,3
4626,5,0.0214331948421762,81.49,69.5533272561531,16,32502.6493865327,29.4977168949772,Significant_Damage_And_Serious_Injuries,4,0.255529029931482,1
7387,4,0.057671471877196005,76.8,65.4512306289882,11,31610.955605815,34.3835616438356,Highly_Fatal_And_Damaging,8,0.274641904075009,2
10009,7,0.0034339365830663897,75.35,57.8395624430264,8,37326.303342005296,44.885844748858396,Highly_Fatal_And_Damaging,22,0.43656040389469897,2
1073,1,1.3155144772374399,82.45,72.5615314494075,20,35760.8188803756,27.4885844748858,Minor_Damage_And_Injuries,13,0.39292535160476,2
4575,4,0.0593813308679131,79.89,53.96536007292621,11,31988.1959886504,69.9086757990868,Significant_Damage_And_Serious_Injuries,11,0.6078550306527231,2
7443,4,0.0670251454671363,80.35,77.98541476754791,11,36963.934273337996,36.164383561643795,Highly_Fatal_And_Damaging,2,0.24110421925712197,3
8831,1,1.62444555920038,76.28,71.42206016408392,18,43767.580522752,10.365296803653,Highly_Fatal_And_Damaging,20,0.274641904075009,1
7497,5,0.0236870689078476,77.74,64.35733819507749,14,34076.4536138475,48.4474885844749,Minor_Damage_And_Injuries,6,0.25264406779661,2
2712,1,0.905640293986369,79.86,55.9708295350957,15,24135.4433661131,20.0913242009132,Significant_Damage_And_Fatalities,1,0.48416227912008597,4
8354,4,0.0611659950307935,80.13,53.919781221513205,10,33640.8300414984,49.5890410958904,Minor_Damage_And_Injuries,0,0.461803822574828,1
9216,4,0.0531772420885427,79.47,73.88331814038291,14,29123.2583793699,24.292237442922396,Highly_Fatal_And_Damaging,2,0.29591849981969,2
6446,4,0.0722773748823849,82.08,75.432999088423,18,40004.2033150606,12.9680365296804,Highly_Fatal_And_Damaging,0,0.323325640100974,1
3971,3,0.10804396358478399,75.35,67.50227894257071,7,21524.2012567384,47.3059360730593,Highly_Fatal_And_Damaging,2,0.269232600072124,3
6984,7,0.00256728363044899,83.56,66.6362807657247,12,30955.530849464503,65.4337899543379,Significant_Damage_And_Fatalities,1,0.30745834835917796,2
10796,6,0.0108306048672192,78.92,88.6508659981769,14,43569.6921226912,37.077625570776206,Significant_Damage_And_Serious_Injuries,16,0.245071042192571,1
1195,3,0.190028699243352,79.18,79.71741112123979,13,38168.2845511766,29.4977168949772,Highly_Fatal_And_Damaging,31,0.44882149296790397,4
3437,7,0.00243307820685337,82.25,71.19416590701921,16,25175.008694098102,16.4840182648402,Highly_Fatal_And_Damaging,2,0.5822509917057329,3
5594,7,0.00237250574524308,77.65,62.7620783956244,15,26748.207021477596,20.2283105022831,Highly_Fatal_And_Damaging,8,0.38030364226469504,3
11816,3,0.107090687819435,84.78,68.7784867821331,21,21890.5709145531,1.4155251141552498,Highly_Fatal_And_Damaging,5,0.29123043635052304,2
9126,4,0.0588715558622953,81.86,71.55879671832271,14,32075.999056769902,23.150684931506802,Highly_Fatal_And_Damaging,0,0.43295420122610906,1
10279,2,0.485116943649484,85.26,51.549680948040105,13,35845.563111678195,40.365296803653,Minor_Damage_And_Injuries,3,0.44413342949873796,2
7078,4,0.0511774425946486,77.33,74.0200546946217,7,27855.9015760181,48.2648401826484,Highly_Fatal_And_Damaging,6,0.25264406779661,3
3281,5,0.00259797974810656,83.13,73.6554238833182,6,8645.35570372917,73.37899543379001,Minor_Damage_And_Injuries,1,0.44882149296790397,2
6298,4,0.0630468196657716,78.93,80.5834092980857,9,34547.4563891748,43.105022831050206,Highly_Fatal_And_Damaging,1,0.24002235845654502,5
10820,7,0.00266826442491109,86.36,66.3172288058341,13,29247.490809391602,62.9680365296804,Significant_Damage_And_Fatalities,3,0.421053732419762,1
1644,3,0.20948904078266103,78.03,77.6207839562443,15,41991.870913776,32.8767123287671,Significant_Damage_And_Serious_Injuries,2,0.276805625676163,3
522,4,0.0775419698101819,83.56,78.94257064721971,11,42024.5141030364,59.315068493150704,Minor_Damage_And_Injuries,1,0.316473855030653,1
7418,3,0.149641084203215,75.94,61.2579762989973,13,30030.169592894,38.4931506849315,Significant_Damage_And_Serious_Injuries,8,0.342799134511359,2
5499,7,0.00140758473987318,79.77,79.8997265268915,13,8232.843654717059,63.1963470319635,Significant_Damage_And_Fatalities,8,0.230285611251352,3
9320,2,0.63077436941814,77.36,62.07839562443029,7,47090.2569775878,72.32876712328759,Highly_Fatal_And_Damaging,2,0.48596538045438104,3
1765,5,0.0289622518314474,78.55,31.0847766636281,11,43627.7949755618,48.2648401826484,Minor_Damage_And_Injuries,3,0.5425827623512439,3
10656,4,0.0408942878895581,86.08,92.9352780309936,16,22558.3597330324,17.3972602739726,Highly_Fatal_And_Damaging,2,0.15924341868013,2
4958,2,0.116198848524886,78.6,89.9726526891523,13,9023.69269986881,63.8812785388128,Significant_Damage_And_Fatalities,4,0.330177425171295,1
10379,4,0.0444837660915728,77.79,61.485870556062004,11,24523.4215423173,33.6529680365297,Highly_Fatal_And_Damaging,2,0.32224377930039694,3
10373,2,0.27763754271505103,77.91,70.2825888787603,13,20374.9875573108,50.365296803653,Minor_Damage_And_Injuries,1,0.38607356653443897,2
3008,1,0.750477041789785,81.82,33.9562443026436,15,20124.3050610838,22.602739726027398,Significant_Damage_And_Fatalities,9,0.499308330328164,5
9307,4,0.0775419698101819,81.89,48.222424794895204,11,42374.470860825495,35.0684931506849,Significant_Damage_And_Fatalities,3,0.43006923909123707,2
4588,6,0.0109988106068976,76.98,79.39835916134909,18,42461.7004356125,23.6986301369863,Significant_Damage_And_Serious_Injuries,6,0.267429498737829,2
365,4,0.0744920387271988,79.51,62.2607110300821,8,40156.8143732675,44.794520547945204,Highly_Fatal_And_Damaging,6,0.346405337179949,1
10571,4,0.0514662385219508,83.29,79.7629899726527,12,28225.4878267242,44.0639269406393,Significant_Damage_And_Serious_Injuries,14,0.33702921024161503,3
6092,2,0.3818272217973279,83.6,53.00820419325439,16,28044.2954629533,40.7762557077626,Highly_Fatal_And_Damaging,9,0.42465993508835204,2
1605,1,0.901972619496758,78.91,51.8231540565178,10,24314.5667574427,38.9954337899543,Significant_Damage_And_Fatalities,7,0.539697800216372,3
9808,3,0.0959492507511792,79.85,71.1030082041933,18,19271.92218715,13.698630136986301,Highly_Fatal_And_Damaging,17,0.22271258564731303,2
1016,4,0.0728120877547151,75.04,57.5660893345488,15,39443.7243295459,21.2328767123288,Highly_Fatal_And_Damaging,0,0.43908474576271206,0
1007,7,0.00141891090081298,79.96,66.3172288058341,10,12090.304195308501,72.46575342465749,Significant_Damage_And_Fatalities,8,0.32116191849982,3
11518,2,0.590221750336164,78.98,55.2871467639016,13,43971.7104530714,52.2374429223744,Highly_Fatal_And_Damaging,11,0.350011539848539,3
1356,4,0.0697014282624186,78.32,79.39835916134909,15,37773.3553764435,20.5479452054795,Highly_Fatal_And_Damaging,5,0.3932859718716189,3
637,3,0.18124998691243,78.16,73.746581586144,10,36295.1033532213,51.2785388127854,Significant_Damage_And_Serious_Injuries,3,0.296279120086549,2
7030,4,0.0637233304662383,82.12,62.2607110300821,13,35111.5284262414,29.3150684931507,Highly_Fatal_And_Damaging,14,0.375615578795528,2
5137,4,0.0453323988881035,81.06,56.8824065633546,18,25229.7819974548,46.1187214611872,Significant_Damage_And_Fatalities,1,0.3460447169130901,4
109,3,0.143183126568889,82.82,54.7402005469462,10,28555.3581071901,48.310502283105,Significant_Damage_And_Serious_Injuries,26,0.39076163000360603,2
5908,4,0.0639026705133312,82.49,71.8322698268004,13,34977.6810000549,28.264840182648395,Highly_Fatal_And_Damaging,6,0.324046880634692,2
11684,1,1.07538543423334,78.4,69.0519598906108,9,29433.300719752202,40.365296803653,Highly_Fatal_And_Damaging,7,0.6756516408222141,4
11143,1,1.2636550820182602,79.01,67.6845943482224,16,34349.706468901604,42.5570776255708,Minor_Damage_And_Injuries,14,0.390401009736747,2
212,2,0.38950067725705795,78.64,75.38742023701,7,28780.4235482389,59.4063926940639,Highly_Fatal_And_Damaging,1,0.342077893977641,1
7316,7,0.00289262146645542,76.58,68.869644484959,13,31180.608076185898,50.22831050228311,Minor_Damage_And_Injuries,6,0.278248106743599,1
3070,4,0.0884428179454737,78.75,65.8614402917047,14,48172.847226460704,35.5251141552511,Significant_Damage_And_Serious_Injuries,5,0.399055896141363,3
25,2,0.47026964284866707,80.83,69.37101185050139,11,34813.8032822669,58.4474885844749,Minor_Damage_And_Injuries,2,0.337389830508475,3
4899,2,0.45885903355730295,78.05,80.9480401093892,17,33924.8014530873,36.8493150684931,Minor_Damage_And_Injuries,4,0.28870609448251,3
411,3,0.15149360081567903,80.27,65.587967183227,15,30363.140751845698,21.506849315068497,Highly_Fatal_And_Damaging,3,0.321883159033537,3
2574,4,0.0279296157916735,80.98,79.9453053783045,15,15168.1726335733,22.0547945205479,Highly_Fatal_And_Damaging,19,0.267429498737829,4
3222,5,0.0253444907773519,82.88,78.6235186873291,14,37279.5592432923,36.7579908675799,Significant_Damage_And_Serious_Injuries,1,0.38607356653443897,2
3085,2,0.5615652113649561,84.41,62.5341841385597,10,41316.1377313856,39.5433789954338,Highly_Fatal_And_Damaging,1,0.267790119004688,2
4907,4,0.0760172273487276,76.96,52.68915223336371,11,41643.7682906453,46.4383561643836,Minor_Damage_And_Injuries,0,0.410235124413992,0
5990,2,0.42635288133115595,77.41,74.88605287146758,17,31396.950082081497,48.6301369863014,Significant_Damage_And_Fatalities,1,0.325489361702128,4
8453,4,0.0421404182107254,81.87,68.869644484959,16,22992.4679577301,16.7123287671233,Highly_Fatal_And_Damaging,9,0.267429498737829,3
4446,6,0.0112415293720467,81.82,73.1996353691887,11,47358.6935139444,46.894977168949794,Significant_Damage_And_Serious_Injuries,0,0.22199134511359503,1
9580,5,0.0136731176298007,79.77,76.4357338195078,9,20490.6517189881,41.1415525114155,Highly_Fatal_And_Damaging,2,0.281854309412189,3
8106,5,0.0183988257543123,81.06,68.91522333637201,13,28510.1224862741,52.739726027397204,Minor_Damage_And_Injuries,5,0.28149368914533,2
11139,5,0.0266561233781544,82.96,37.283500455788605,10,38888.753009181804,71.7808219178082,Significant_Damage_And_Serious_Injuries,2,0.577923548503426,1
8480,6,0.00592959349399768,77.86,48.9061075660894,12,25352.454638902702,32.557077625570805,Highly_Fatal_And_Damaging,0,0.556286332491886,2
6612,2,0.43780010525287205,85.97,54.557885141294406,16,32417.9301673667,30.8675799086758,Minor_Damage_And_Injuries,5,0.410235124413992,3
9619,3,0.105168517981374,79.88,84.22971741112129,11,21156.477787046002,47.899543378995396,Significant_Damage_And_Serious_Injuries,1,0.24579228272628895,2
2981,6,0.005557064300178999,76.32,55.6973564266181,9,23381.5905153679,52.4657534246575,Minor_Damage_And_Injuries,0,0.5003901911287411,1
827,3,0.145942988462053,79.76,82.3154056517776,12,29033.7904189909,43.01369863013699,Significant_Damage_And_Serious_Injuries,3,0.18809304002885,3
2478,5,0.0279580962570193,80.76,85.7793983591614,8,41205.689030552596,43.7899543378995,Highly_Fatal_And_Damaging,6,0.199632888568337,2
12201,6,0.0038381878862144,81.21,78.1677301731996,13,15127.535399943601,38.584474885844706,Significant_Damage_And_Serious_Injuries,4,0.205402812838081,4
4803,4,0.0475281667429399,79.21,70.1458523245214,11,25934.118494204704,34.474885844748805,Highly_Fatal_And_Damaging,0,0.33702921024161503,3
9716,7,0.0015227577484414698,87.08,49.4530537830446,5,13504.5464512098,74.1095890410959,Minor_Damage_And_Injuries,4,0.397252794807068,1
2961,5,0.0140645549945742,81.88,62.1695533272562,14,21541.920815782,25.707762557077604,Highly_Fatal_And_Damaging,5,0.288345474215651,2
6029,7,0.0029880803085680302,79.43,90.97538742023701,16,34971.8903682901,16.3470319634703,Highly_Fatal_And_Damaging,2,0.29700036062026697,2
7629,1,1.66957305446872,75.35,68.4138559708295,14,45416.582515986505,24.383561643835602,Highly_Fatal_And_Damaging,11,0.640671474936891,1
8464,2,0.309756512735612,76.82,63.76481312670921,15,23197.3294465658,43.3333333333333,Minor_Damage_And_Injuries,15,0.421053732419762,2
2753,2,0.38387327253662695,76.79,55.241567912488605,14,28456.00736787,37.3972602739726,Minor_Damage_And_Injuries,2,0.578644789037144,3
10592,5,0.0294822052768993,80.33,53.6463081130356,9,44671.269021864005,54.4748858447489,Minor_Damage_And_Injuries,4,0.250119725928597,2
4222,7,0.00307677052811736,78.85,64.4029170464904,14,35634.894132916095,58.9954337899543,Significant_Damage_And_Fatalities,5,0.40374395961053006,1
10254,2,0.52920717852564,76.87,69.91795806745671,14,39202.4925208187,48.8584474885845,Minor_Damage_And_Injuries,1,0.31719509556437103,2
7251,2,0.44081507457891206,80.83,76.9371011850502,11,32584.014607908903,59.4063926940639,Minor_Damage_And_Injuries,32,0.38174612333213104,2
264,4,0.0717190222705393,78.04,70.4193254329991,16,38935.4545879021,18.310502283105,Highly_Fatal_And_Damaging,8,0.296639740353408,2
7550,3,0.18395910365292498,79.57,56.1531449407475,18,37088.9440339128,23.607305936073104,Minor_Damage_And_Injuries,0,0.3460447169130901,3
1910,4,0.0473518699492426,82.48,68.4594348222425,19,25781.1457765779,7.03196347031963,Highly_Fatal_And_Damaging,6,0.411316985214569,3
8072,4,0.0409263541820256,79.31,66.04375569735639,15,22310.980056085697,22.9680365296804,Highly_Fatal_And_Damaging,1,0.346405337179949,2
5749,4,0.0499833389656219,78.59,64.4029170464904,13,27108.1286016377,28.2191780821918,Highly_Fatal_And_Damaging,6,0.32116191849982,3
7024,7,0.00440429373420935,76.86,71.55879671832271,15,64297.6512179186,45.296803652967995,Minor_Damage_And_Injuries,8,0.31935881716552506,3
5734,7,0.00250016144798474,78.35,75.8432087511395,13,26291.7035321627,64.0182648401826,Significant_Damage_And_Fatalities,5,0.28149368914533,2
3860,4,0.0561870785595682,80.79,62.807657247037405,4,30706.3547663233,70.1369863013699,Highly_Fatal_And_Damaging,2,0.286181752614497,0
6890,6,0.00684331444711715,79.66,29.443938012762104,14,28014.7185262694,36.027397260274,Minor_Damage_And_Injuries,2,0.774822214208438,4
4065,4,0.0509205605879085,81.09,56.107566089334604,10,27569.720835006403,49.726027397260296,Minor_Damage_And_Injuries,4,0.537534078615218,3
12240,4,0.0728604655906755,78.12,63.947128532361,11,39759.020002548,56.62100456620999,Minor_Damage_And_Injuries,20,0.448100252434187,1
4276,6,0.00605108745987546,76.82,60.7110300820419,10,24548.432188067203,49.8173515981735,Significant_Damage_And_Serious_Injuries,11,0.335947349441038,2
3876,6,0.00623447084626441,81.44,59.845031905196,12,23952.552578010298,42.328767123287705,Significant_Damage_And_Serious_Injuries,1,0.43042985935809597,2
6329,4,0.0791980619761317,78.23,61.6681859617138,16,42708.8544741583,29.9543378995434,Significant_Damage_And_Serious_Injuries,5,0.48488351965380394,3
2420,4,0.0451516518630109,79.16,73.2452142206017,16,25252.7452231213,19.1780821917808,Highly_Fatal_And_Damaging,4,0.23894049765596803,1
7199,1,1.22817096868824,77.0,61.3947128532361,13,33393.5930883868,28.0365296803653,Highly_Fatal_And_Damaging,6,0.423217454020916,1
3010,7,0.00243360517719337,79.53,53.2360984503191,10,27654.829910906803,36.7579908675799,Significant_Damage_And_Fatalities,2,0.621197980526505,0
8688,7,0.00280722767312088,78.31,72.0145852324522,13,30792.2617001504,27.8995433789954,Highly_Fatal_And_Damaging,1,0.462525063108547,1
2324,2,0.537374915697402,79.29,62.625341841385605,11,39632.6391817048,60.5479452054795,Minor_Damage_And_Injuries,0,0.40266209880995296,1
11646,6,0.007654088910414509,75.55,64.2661804922516,15,32624.822618851802,33.6529680365297,Significant_Damage_And_Serious_Injuries,21,0.445215290299315,3
1746,4,0.0167141370542601,76.72,56.1531449407475,14,3971.09422585752,25.570776255707802,Significant_Damage_And_Fatalities,2,0.516978723404255,2
6837,6,0.0067058787859423,77.3,68.9608021877849,10,28154.280348006803,49.0867579908676,Significant_Damage_And_Serious_Injuries,1,0.413120086548864,4
9849,3,0.20847582305067103,80.64,78.80583409298092,14,41727.7322607161,36.301369863013704,Significant_Damage_And_Serious_Injuries,1,0.37633681932924606,2
5183,6,0.0083982544312787,79.01,75.38742023701,17,34582.733162784505,49.178082191780796,Significant_Damage_And_Fatalities,5,0.38282798413270797,1
8025,3,0.27447787565096,78.12,66.1349134001823,7,53751.55781739941,62.3744292237443,Significant_Damage_And_Serious_Injuries,0,0.266347637937252,1
10950,1,1.56365104590688,81.73,73.1996353691887,11,42535.4615406625,34.2465753424658,Highly_Fatal_And_Damaging,1,0.316113234763794,2
2969,6,0.00968780933756952,78.3,65.587967183227,15,37917.1797061165,32.9223744292237,Significant_Damage_And_Serious_Injuries,12,0.282575549945907,1
291,4,0.055051130714473,76.48,45.5332725615314,15,29722.8399085569,21.8721461187215,Significant_Damage_And_Fatalities,19,0.401219617742517,1
10978,6,0.008024948255931941,76.35,67.7301731996354,8,32554.6018713331,57.1689497716895,Significant_Damage_And_Serious_Injuries,2,0.34027479264334604,1
9121,7,0.00365445166324481,80.71,64.17502278942571,9,40277.3094684945,55.0228310502283,Significant_Damage_And_Serious_Injuries,8,0.462885683375405,3
6667,6,0.0115453696276444,78.01,79.39835916134909,17,45239.9524774151,26.3470319634703,Significant_Damage_And_Serious_Injuries,7,0.315752614496934,0
7425,4,0.0583819270530569,82.71,56.7456700091158,15,32035.246211795296,44.337899543379,Highly_Fatal_And_Damaging,7,0.517339343671114,3
2756,4,0.0902752849258249,83.23,59.525979945305394,12,49860.818872997304,68.4474885844749,Significant_Damage_And_Fatalities,2,0.46937684817886705,2
352,3,0.14597123365178,78.84,57.247037374658206,17,28986.657479203903,14.9771689497717,Highly_Fatal_And_Damaging,10,0.317555715831229,3
9091,4,0.007273312783394371,77.16,47.538742023701,14,10313.8777973577,24.7945205479452,Significant_Damage_And_Fatalities,12,0.511930039668229,3
6076,4,0.0897757319620174,77.91,68.2771194165907,8,49898.0501197341,68.2191780821918,Minor_Damage_And_Injuries,8,0.357223945185719,1
8486,2,0.680017846372208,78.73,56.9279854147676,17,49516.4424657654,27.1232876712329,Minor_Damage_And_Injuries,8,0.35614208438514205,1
5459,4,0.0659924427036663,79.81,63.126709206928,6,36294.3896081754,62.511415525114096,Significant_Damage_And_Serious_Injuries,5,0.48993220338983,2
11088,6,0.00840433624604243,76.17,57.520510483135794,15,35198.4462620259,31.5981735159817,Significant_Damage_And_Serious_Injuries,4,0.311425171294627,2
7421,6,0.0035136996657640102,82.06,76.7092069279854,15,12866.6100544267,22.602739726027398,Highly_Fatal_And_Damaging,3,0.494980887125856,2
4078,6,0.006603422836718871,79.63,88.0127620783956,12,26029.163262479102,42.4200913242009,Significant_Damage_And_Serious_Injuries,17,0.27139632167327804,2
669,4,0.0484619583526901,76.22,63.90154968094811,14,26548.8926588994,23.150684931506802,Highly_Fatal_And_Damaging,5,0.368403173458348,2
11689,4,0.0261055313866679,82.98,58.4776663628077,9,15186.5079522167,78.58447488584471,Significant_Damage_And_Fatalities,12,0.34965091958168,2
8324,2,0.599746500186085,78.37,97.9945305378305,10,44244.903458707005,59.77168949771689,Minor_Damage_And_Injuries,13,0.21766390191128698,4
4691,2,0.234381066415303,77.96,51.276207839562396,12,17182.4727749403,31.369863013698602,Significant_Damage_And_Fatalities,9,0.42285683375405697,1
10037,6,0.00840433624604243,80.02,56.8824065633546,11,33961.7400444918,45.4794520547945,Minor_Damage_And_Injuries,2,0.331980526505589,4
1582,1,1.24112616899926,82.15,44.712853236098496,18,33878.337631156,12.4200913242009,Significant_Damage_And_Fatalities,21,0.580447890371439,0
3438,7,0.00205980454053262,77.99,65.4512306289882,8,17341.3048298456,58.675799086758005,Significant_Damage_And_Serious_Injuries,37,0.323325640100974,2
9066,2,0.4389334179296911,78.85,65.49680948040111,14,32441.0873612425,48.767123287671204,Minor_Damage_And_Injuries,17,0.46108258204110997,2
7853,6,0.00812064429298881,81.89,57.474931631722896,16,32937.2182500384,42.6940639269406,Minor_Damage_And_Injuries,22,0.477671114316625,2
4837,7,0.00145523988109246,75.41,65.9070191431176,6,13241.154051045802,75.98173515981729,Minor_Damage_And_Injuries,29,0.399055896141363,0
4073,3,0.13411018996452,76.01,45.487693710118506,6,26733.763247326002,62.1461187214612,Minor_Damage_And_Injuries,20,0.48632600072124,2
7605,2,0.48844605168649396,76.93,71.285323609845,11,36434.9776381681,59.04109589041099,Minor_Damage_And_Injuries,1,0.31935881716552506,3
7005,5,0.0204566081770176,80.03,72.7438468550593,10,31149.0488689414,60.136986301369895,Minor_Damage_And_Injuries,3,0.18052001442481,3
10270,7,0.00204650560727265,82.0,80.4010938924339,19,20106.7303917632,43.5616438356164,Significant_Damage_And_Fatalities,4,0.33702921024161503,4