Accident_ID,Accident_Type_Code,Adverse_Weather_Metric,Cabin_Temperature,Control_Metric,Days_Since_Inspection,Max_Elevation,Safety_Score,Severity,Total_Safety_Complaints,Turbulence_In_gforces,Violations
4323,7,0.0014597965734335198,77.04,66.5451230628988,17,11025.734744313,48.8584474885845,Significant_Damage_And_Fatalities,2,0.38318860439956703,2
9569,7,0.00124424510969441,83.26,64.0382862351869,16,11025.734744313,53.74429223744289,Significant_Damage_And_Fatalities,4,0.44593653083303203,3
11734,2,0.31504198347464696,76.94,81.3582497721058,13,23197.1080931768,27.442922374429198,Highly_Fatal_And_Damaging,6,0.23713739632167302,2
5929,2,0.420569864297446,79.3,76.7092069279854,15,31078.8333618556,43.7899543378995,Minor_Damage_And_Injuries,6,0.215500180310133,1
9432,2,0.401586606844553,79.29,61.3947128532361,14,29818.3011307671,35.7990867579909,Significant_Damage_And_Serious_Injuries,3,0.34171727371078203,3
5261,3,0.211728167404242,81.15,73.3819507748405,14,42460.9864659944,26.1643835616438,Highly_Fatal_And_Damaging,6,0.368403173458348,3
7263,1,1.2229712083589799,84.42,56.4721969006381,12,33105.8525511885,31.0958904109589,Significant_Damage_And_Fatalities,3,0.46649188604399605,1
7886,3,0.16258386348284,81.09,55.651777575205095,5,32656.9970926707,54.246575342465704,Significant_Damage_And_Serious_Injuries,5,0.6341803101334289,3
8904,7,0.00349145051029636,79.17,66.2716499544212,9,40277.3094684945,55.15981735159821,Significant_Damage_And_Serious_Injuries,10,0.346405337179949,1
2719,2,0.42863320847532005,81.2,59.9817684594348,16,31716.2273185735,42.5114155251142,Minor_Damage_And_Injuries,2,0.318276956364948,1
1483,7,0.00231036898663625,77.48,62.07839562443029,16,26748.207021477596,18.1278538812785,Highly_Fatal_And_Damaging,7,0.46613126577713604,2
8120,1,1.8829498114848602,78.47,62.1695533272562,8,51183.882564596795,44.703196347032005,Highly_Fatal_And_Damaging,10,0.34532347637937205,1
10186,7,0.00298099920855631,79.31,80.4922515952598,17,32867.8635713521,50.273972602739704,Significant_Damage_And_Fatalities,6,0.240382978723404,2
105,2,0.4857707984398089,80.33,78.44120328167729,14,35815.5275372957,46.6666666666667,Minor_Damage_And_Injuries,4,0.308179588892896,2
788,2,0.444553307539715,81.71,55.6061987237922,15,32919.0524774902,44.337899543379,Highly_Fatal_And_Damaging,2,0.30998269022719105,2
10664,2,0.22104033381928,80.38,52.5979945305378,11,15496.0861565499,46.5753424657534,Minor_Damage_And_Injuries,1,0.396892174540209,4
942,2,0.5122989647598579,78.49,54.922515952598,13,37853.1677471245,51.0502283105023,Highly_Fatal_And_Damaging,4,0.462525063108547,0
6003,4,0.0620699590838415,86.43,80.6289881494986,14,33722.248741958196,24.7945205479452,Highly_Fatal_And_Damaging,8,0.431151099891814,3
7054,2,0.286821821953301,77.56,75.7976298997265,20,21259.729665555802,4.93150684931507,Highly_Fatal_And_Damaging,6,0.309622069960331,1
3527,2,0.55117256042946,76.26,55.6973564266181,15,40716.714209966296,22.1917808219178,Significant_Damage_And_Fatalities,9,0.42177497295348,0
8547,5,0.0276128944227577,79.3,62.853236098450296,12,41329.443554677404,56.25570776255711,Minor_Damage_And_Injuries,13,0.312507032095204,3
3208,2,0.351388022143726,79.26,55.1504102096627,4,26033.5453776392,77.6712328767123,Highly_Fatal_And_Damaging,1,0.508684457266498,0
8280,1,1.06635953548775,80.62,66.1349134001823,13,29021.2749490607,28.9041095890411,Highly_Fatal_And_Damaging,1,0.438363505228994,2
12003,2,0.21924771192904602,83.24,67.4111212397448,14,16099.4774068421,48.1735159817352,Minor_Damage_And_Injuries,1,0.491735304724126,2
3595,4,0.0627929235604574,78.24,79.03372835004559,8,34292.3523245949,68.2648401826484,Minor_Damage_And_Injuries,3,0.329456184637577,3
916,2,0.45476439720827294,79.61,74.74931631722879,18,33730.6363753111,34.7488584474886,Minor_Damage_And_Injuries,0,0.368763793725207,3
11526,4,0.0966690299438388,81.14,65.6335460346399,7,50574.389404533205,50.7305936073059,Highly_Fatal_And_Damaging,6,0.358305805986296,3
3601,3,0.15634371942351402,81.4,66.4995442114859,13,31193.4661135602,39.4520547945205,Significant_Damage_And_Serious_Injuries,5,0.41672628921745397,2
6846,7,0.00373408886789247,79.22,56.1531449407475,14,37177.378925325094,59.8173515981735,Significant_Damage_And_Serious_Injuries,0,0.320440677966102,4
5236,4,0.0701068078993242,82.2,57.7028258887876,15,38660.0959485539,44.885844748858396,Minor_Damage_And_Injuries,2,0.618673638658492,3
9627,4,0.0792458322820857,78.23,54.876937101185,11,43204.168991685496,35.0684931506849,Significant_Damage_And_Fatalities,6,0.450263974035341,3
1972,4,0.0653570076442063,77.48,53.919781221513205,8,35578.160730099706,44.4748858447489,Significant_Damage_And_Fatalities,0,0.43223296069239103,3
1812,2,0.305041894227416,77.44,62.944393801276206,16,22318.1217237451,41.324200913242,Minor_Damage_And_Injuries,8,0.32152253876667897,1
10125,6,0.0101310412085936,77.69,71.0118505013674,14,40674.112655783,47.7625570776256,Minor_Damage_And_Injuries,1,0.42718427695636496,3
5805,5,0.0228367689591343,77.45,64.8131267092069,6,35167.7193661579,76.62100456620999,Minor_Damage_And_Injuries,21,0.399055896141363,1
10584,4,0.0379859608192468,79.65,63.90154968094811,9,20375.8154327724,54.4292237442922,Highly_Fatal_And_Damaging,23,0.448100252434187,2
5705,4,0.0437840696939847,85.17,57.520510483135794,14,23487.7294956704,24.292237442922396,Highly_Fatal_And_Damaging,12,0.388597908402452,3
6129,2,0.170460593515575,81.46,67.18322698268001,13,11938.9093113064,50.22831050228311,Minor_Damage_And_Injuries,6,0.29988532275513896,1
4477,1,1.4267599557290602,76.87,45.5332725615314,14,38783.3566123134,23.4703196347032,Significant_Damage_And_Fatalities,8,0.491014064190407,2
12361,2,0.572514343273642,76.28,52.68915223336371,18,42018.929105692405,12.9680365296804,Highly_Fatal_And_Damaging,2,0.22379444644789004,2
8762,3,0.234985280834006,89.19,76.9371011850502,16,47592.316643138,19.9086757990868,Highly_Fatal_And_Damaging,8,0.38174612333213104,2
8468,4,0.0437525280036623,82.38,50.9115770282589,9,23634.9170656621,52.9223744292237,Minor_Damage_And_Injuries,22,0.5003901911287411,3
10440,7,0.00260608261095233,83.08,55.9252506836828,9,31809.681561884197,78.2191780821918,Significant_Damage_And_Serious_Injuries,0,0.3352261089073211,4
2069,1,1.55691330768186,78.76,40.975387420237006,20,42902.3849751326,40.5479452054794,Significant_Damage_And_Fatalities,8,0.578284168770285,3
5385,6,0.00773695886745635,79.51,54.32999088422971,13,32058.503196196,38.3561643835616,Minor_Damage_And_Injuries,1,0.375254958528669,1
8818,7,0.00412999471383646,79.37,50.091157702825896,18,42628.3886404936,45.5707762557078,Significant_Damage_And_Serious_Injuries,13,0.7524637576631801,3
7060,2,0.623420577171322,75.58,70.464904284412,8,46240.755011010995,68.63013698630141,Minor_Damage_And_Injuries,2,0.322965019834114,2
4295,1,0.38948693524149997,80.52,70.1914311759344,10,11940.768481410601,37.5799086757991,Highly_Fatal_And_Damaging,8,0.225597547782185,3
466,3,0.16641915600505303,77.16,80.08204193254329,8,33346.7855725603,55.2511415525114,Significant_Damage_And_Serious_Injuries,3,0.5029145329967539,0
4241,5,0.0331848565099239,76.3,54.922515952598,15,48332.484809852,20.5479452054795,Significant_Damage_And_Fatalities,1,0.35758456545257894,3
1846,1,0.887893341795068,81.98,64.2661804922516,12,24605.471319082997,30.9132420091324,Highly_Fatal_And_Damaging,3,0.41961125135232596,2
6607,7,0.00172068366497551,79.09,59.9817684594348,15,19488.0055234635,55.433789954337904,Significant_Damage_And_Fatalities,3,0.484522899386945,3
6356,2,0.285906649419005,79.47,52.2789425706472,16,21369.8130817081,42.5570776255708,Minor_Damage_And_Injuries,2,0.254447169130905,1
458,2,0.21924771192904602,81.82,67.9124886052872,14,16099.4774068421,48.4931506849315,Minor_Damage_And_Injuries,4,0.352535881716553,2
1553,1,0.7410000858734129,77.93,51.8231540565178,10,20181.4921511155,38.767123287671204,Significant_Damage_And_Fatalities,4,0.5238305084745759,2
1889,1,1.1837210399650402,80.91,57.520510483135794,8,32176.8739290162,46.3470319634703,Highly_Fatal_And_Damaging,12,0.47839235485034204,2
6578,2,0.559006907847623,78.8,72.24247948951691,15,41247.2138694394,45.0684931506849,Minor_Damage_And_Injuries,1,0.248677244861161,2
1327,1,0.35922927079480893,76.85,73.70100273473109,10,8335.48049352774,37.3059360730594,Highly_Fatal_And_Damaging,0,0.357945185719437,2
6106,2,0.273757873803231,82.07,69.4621695533273,8,20514.793782907702,68.3561643835616,Minor_Damage_And_Injuries,4,0.42934799855751904,1
1243,1,1.1837210399650402,82.28,97.9945305378305,14,32529.764404340498,47.9908675799087,Minor_Damage_And_Injuries,3,0.30349152542372904,1
7248,2,0.603019887158319,83.76,38.9699179580674,15,44821.4006674425,35.1141552511415,Minor_Damage_And_Injuries,4,0.629852866931121,1
7586,3,0.160120932295153,77.91,70.1914311759344,12,32158.99176163,42.100456621004604,Significant_Damage_And_Serious_Injuries,0,0.40807140281283794,3
8363,4,0.0608856857112103,79.64,73.4275296262534,14,33256.4668152374,58.7214611872146,Significant_Damage_And_Fatalities,6,0.20143598990263198,4
7559,1,1.05028681182213,77.89,68.3682771194166,8,28433.3299479963,43.698630136986296,Highly_Fatal_And_Damaging,4,0.377058059862964,2
2233,6,0.0117759856610587,80.24,42.7985414767548,19,48492.96785509901,42.4200913242009,Significant_Damage_And_Serious_Injuries,0,0.400858997475658,4
7870,1,1.79913125355139,80.91,51.9143117593437,9,48659.260048319695,40.7762557077626,Significant_Damage_And_Fatalities,12,0.5007508113956011,1
8493,6,0.00532697752793188,76.79,72.5159525979946,15,21257.7006915419,34.474885844748805,Significant_Damage_And_Serious_Injuries,5,0.41348070681572296,1
2396,5,0.0125144123549024,87.23,49.31631722880589,12,20186.4970862225,54.109589041095894,Minor_Damage_And_Injuries,6,0.44413342949873796,1
3615,6,0.0123576408107368,78.12,76.7547857793984,17,49086.3279837267,26.575342465753398,Significant_Damage_And_Serious_Injuries,8,0.30709772809231894,0
4867,7,0.0035783671851997,88.74,62.2607110300821,9,38521.3038909916,75.52511415525109,Significant_Damage_And_Fatalities,1,0.40266209880995296,3
2148,3,0.134484836771453,79.31,62.07839562443029,18,26821.145756241698,24.703196347031998,Significant_Damage_And_Serious_Injuries,2,0.523469888207717,1
5922,2,0.429274158143407,77.95,38.787602552415706,11,31671.948232887797,45.890410958904106,Minor_Damage_And_Injuries,13,0.729023440317345,2
9734,4,0.0740408460528916,79.49,61.303555150410205,7,40130.086673228,49.5890410958904,Highly_Fatal_And_Damaging,7,0.476228633249188,2
12164,3,0.17688336838481103,78.29,46.2625341841386,15,35578.160730099706,45.4794520547945,Highly_Fatal_And_Damaging,0,0.48596538045438104,5
8155,5,0.0233574044157187,80.98,72.5159525979946,15,34176.1227163592,34.1095890410959,Significant_Damage_And_Serious_Injuries,1,0.37850054093040003,2
10401,4,0.055390533687851,86.59,44.8951686417502,10,30421.588289168398,50.22831050228311,Minor_Damage_And_Injuries,14,0.4856047601875229,1
3181,2,0.299887442870648,82.49,82.04193254329991,12,22106.5964598616,43.1963470319635,Significant_Damage_And_Serious_Injuries,3,0.360108907320591,5
4145,3,0.149717568801361,78.66,62.3974475843209,14,29952.076015557002,35.0228310502283,Significant_Damage_And_Serious_Injuries,10,0.40302271907681203,3
12116,1,1.29244238360314,87.34,56.0619872379216,6,34941.6499416306,62.283105022831,Significant_Damage_And_Serious_Injuries,2,0.546910205553552,2
11627,4,0.0576230616227392,76.6,76.7547857793984,16,30726.5644703725,17.442922374429198,Highly_Fatal_And_Damaging,9,0.298803461954562,1
4010,5,0.023547370390477995,79.31,75.38742023701,19,34924.7418304277,43.7899543378995,Significant_Damage_And_Fatalities,19,0.336307969707898,3
9414,1,0.7733835045330658,75.97,56.1531449407475,13,21043.0745957428,51.324200913241995,Highly_Fatal_And_Damaging,2,0.462525063108547,2
5609,7,0.00340601660499652,82.49,41.4767547857794,16,38340.917759317,53.47031963470321,Significant_Damage_And_Serious_Injuries,11,0.7142380093761259,2
894,7,0.0022456217739845303,83.87,56.7456700091158,7,24422.9434302412,79.6803652968037,Significant_Damage_And_Serious_Injuries,14,0.31178579156148495,4
319,3,0.160110192147785,77.16,63.4457611668186,9,32266.136231482596,54.2922374429224,Significant_Damage_And_Serious_Injuries,2,0.553401370357014,3
407,3,0.0782363458011667,83.56,77.1649954421149,15,15958.643070734799,56.1187214611872,Significant_Damage_And_Fatalities,31,0.27103570140641897,3
4263,1,1.5222925092850301,79.51,66.4995442114859,12,40973.9095182754,31.2328767123288,Highly_Fatal_And_Damaging,6,0.321883159033537,2
9728,3,0.16342957856437898,77.27,55.0592525068368,16,32919.0524774902,39.5433789954338,Highly_Fatal_And_Damaging,8,0.317555715831229,0
7369,2,0.230157423859501,77.69,79.5806745670009,11,17326.7709003087,59.77168949771689,Minor_Damage_And_Injuries,11,0.28401803101334305,2
4790,5,0.0215533582053583,80.5,66.4995442114859,3,32768.2794642284,95.2511415525114,Significant_Damage_And_Fatalities,17,0.557368193292463,2
2671,2,0.41211713113219395,77.24,56.9279854147676,10,30232.1460175973,36.7579908675799,Significant_Damage_And_Fatalities,13,0.366960692390912,3
12249,1,1.69386357691072,74.74,63.90154968094811,15,45416.582515986505,20.958904109589,Highly_Fatal_And_Damaging,29,0.33450486837360305,1
4391,4,0.0696924473309929,83.33,57.9762989972653,9,37987.349601721,41.643835616438295,Highly_Fatal_And_Damaging,1,0.503996393797331,2
1915,3,0.15378800083089,78.59,71.0118505013674,10,30830.394018745697,50.50228310502279,Significant_Damage_And_Serious_Injuries,0,0.279329967544176,1
3547,2,0.429074922493588,81.55,72.5615314494075,10,31661.628809564303,51.6438356164384,Significant_Damage_And_Serious_Injuries,1,0.334865488640461,0
6963,2,0.40359393619200296,78.29,60.07292616226071,8,29784.274359472798,68.7671232876712,Minor_Damage_And_Injuries,7,0.453509556437072,3
11558,5,0.0267894186959753,81.32,86.2351868732908,15,39651.766046119,32.648401826484,Significant_Damage_And_Serious_Injuries,0,0.309622069960331,4
1224,1,1.36241964520764,78.08,55.560619872379206,13,36925.0352582009,52.2374429223744,Highly_Fatal_And_Damaging,3,0.49389902632527904,0
3586,3,0.212243576123403,79.59,67.36554238833179,18,42500.2232326123,22.694063926940604,Significant_Damage_And_Serious_Injuries,8,0.39400721240533704,2
9697,4,0.0560106003796652,80.67,74.7948951686418,8,30551.914471598397,78.44748858447491,Significant_Damage_And_Fatalities,1,0.33450486837360305,2
1512,4,0.0684797739185114,82.03,60.665451230628996,8,37353.2152049364,43.7899543378995,Highly_Fatal_And_Damaging,2,0.4261024161557879,2
6834,6,0.00482966112605034,75.58,60.1640838650866,11,18993.2133203075,46.5753424657534,Significant_Damage_And_Serious_Injuries,5,0.48488351965380394,3
4014,2,0.183480956433012,78.54,67.31996353691889,14,13192.6746411516,47.71689497716889,Minor_Damage_And_Injuries,1,0.300606563288856,1
10170,1,1.4126370085277,78.7,59.480401093892496,14,38266.75565052,24.8858447488584,Highly_Fatal_And_Damaging,19,0.40374395961053006,0
2162,2,0.40440176208428597,83.62,83.9106654512306,11,29926.3268578851,57.5342465753425,Minor_Damage_And_Injuries,11,0.24290732059141698,2
8257,6,0.006066866594977179,79.73,55.423883318140405,15,24858.0729137173,33.5616438356164,Minor_Damage_And_Injuries,6,0.31719509556437103,2
1650,7,0.00142941827528228,83.82,68.04922515952599,17,11063.868047830501,50.0456621004566,Significant_Damage_And_Fatalities,8,0.527797331410025,2
11626,2,0.706982633990024,94.2,56.8824065633546,12,52077.3016680616,42.283105022831,Minor_Damage_And_Injuries,2,0.331980526505589,2
1583,2,0.508501264493174,75.63,43.664539653600706,12,37455.3411742423,55.1141552511415,Highly_Fatal_And_Damaging,9,0.7214504147133071,1
3189,1,1.26276880923123,82.97,76.5268915223336,16,34379.3077561369,19.2237442922374,Highly_Fatal_And_Damaging,1,0.27031446087270106,5
11992,4,0.0288587321163898,77.53,49.6809480401094,13,16337.4324888073,28.4018264840183,Significant_Damage_And_Fatalities,6,0.36155138838802703,2
7978,5,0.0221611608546171,86.03,20.966271649954397,12,33020.6826803039,44.109589041095894,Minor_Damage_And_Injuries,6,0.774822214208438,2
6143,1,1.66043195531517,78.78,69.0519598906108,9,45741.2045089614,64.61187214611871,Minor_Damage_And_Injuries,2,0.6756516408222141,1
1584,6,0.006099969548080461,78.64,66.6362807657247,14,24892.556125965697,25.251141552511395,Highly_Fatal_And_Damaging,5,0.365878831590335,3
1551,2,0.592637233865426,79.05,56.19872379216039,13,43774.339718104704,50.3196347031963,Highly_Fatal_And_Damaging,0,0.462525063108547,2
9180,7,0.00256331075226836,77.3,53.7374658158614,11,30305.5164786489,68.675799086758,Significant_Damage_And_Serious_Injuries,4,0.6038882077172739,4
1252,2,0.35682265469168,78.52,64.0382862351869,11,26388.253203712902,58.1278538812785,Minor_Damage_And_Injuries,5,0.42934799855751904,3
6214,3,0.134484836771453,82.08,67.2743846855059,15,26977.613452267597,33.7899543378995,Significant_Damage_And_Serious_Injuries,1,0.38751604760187497,1
5974,7,0.0029187717985160603,77.99,70.82953509571558,15,28395.0640096999,57.945205479452,Significant_Damage_And_Fatalities,2,0.25625027046520005,2
11495,4,0.0792995204396203,77.42,70.1458523245214,7,43364.8414997352,48.2648401826484,Highly_Fatal_And_Damaging,11,0.30349152542372904,3
10993,4,0.0637535413269475,77.75,59.9817684594348,17,34800.646575157,16.1187214611872,Highly_Fatal_And_Damaging,5,0.330538045438154,2
6233,6,0.00522411044585368,76.4,76.7547857793984,13,20989.95560083,40.684931506849296,Significant_Damage_And_Serious_Injuries,2,0.421053732419762,1
6347,3,0.26381468661784,79.92,67.00091157702829,15,51650.72423580151,33.9269406392694,Significant_Damage_And_Serious_Injuries,0,0.527076090876307,2
4302,3,0.0772169276038119,78.56,76.29899726526891,9,15868.4439388883,54.5205479452055,Significant_Damage_And_Serious_Injuries,3,0.3352261089073211,2
12144,4,0.0600821670394064,76.99,74.61257976299,12,33036.6523319837,30.776255707762605,Highly_Fatal_And_Damaging,4,0.282936170212766,2
5566,1,1.2680776739922,77.48,47.265268915223395,16,34417.317776486605,17.305936073059403,Significant_Damage_And_Fatalities,6,0.49389902632527904,1
7510,6,0.005389074790336929,82.08,69.0975387420237,11,21061.752434631202,33.972602739726,Highly_Fatal_And_Damaging,5,0.34965091958168,2
5186,1,1.12805616120711,81.26,63.6736554238833,5,30706.3547663233,55.15981735159821,Highly_Fatal_And_Damaging,0,0.289427335016228,2
11205,1,1.9079256458467,76.66,71.8778486782133,14,49396.8764131783,25.570776255707802,Highly_Fatal_And_Damaging,8,0.22379444644789004,2
6179,2,0.33487576876521097,81.23,56.9279854147676,13,24974.7417292489,28.9041095890411,Significant_Damage_And_Fatalities,0,0.40735016227912,2
12090,1,1.1693826195219499,79.33,80.4922515952598,15,31922.100323079703,23.378995433789896,Highly_Fatal_And_Damaging,5,0.21802452217814602,2
5325,2,0.6276697089600649,79.97,59.115770282588905,14,45878.87959122151,49.178082191780796,Minor_Damage_And_Injuries,4,0.37489433826181,0
2691,4,0.0311584829016707,78.51,72.0145852324522,14,17884.8085447038,26.3013698630137,Highly_Fatal_And_Damaging,26,0.331980526505589,2
12265,2,0.134834939340907,79.72,61.9416590701914,4,11806.5506664532,70.3196347031963,Significant_Damage_And_Serious_Injuries,21,0.453509556437072,3
5365,4,0.0928046600866946,78.34,64.7219690063811,13,51044.7091093402,51.0502283105023,Minor_Damage_And_Injuries,6,0.52599423007573,2
1417,2,0.411158531593447,75.96,71.9234275296263,14,30451.566012661402,37.808219178082204,Significant_Damage_And_Serious_Injuries,5,0.27788748647674,2
11840,3,0.24348749582293303,78.11,78.7602552415679,17,49086.3279837267,26.621004566210004,Significant_Damage_And_Serious_Injuries,3,0.304573386224305,3
4146,4,0.0561870785595682,80.09,92.1148587055606,15,30357.985828198398,22.2831050228311,Highly_Fatal_And_Damaging,6,0.23894049765596803,2
8735,1,1.4129496916655901,78.03,60.665451230628996,3,38341.4628028992,87.48858447488578,Significant_Damage_And_Fatalities,3,0.314670753696357,1
1712,4,0.0785727187769532,84.99,73.33637192342749,12,43276.564582851,31.5981735159817,Highly_Fatal_And_Damaging,0,0.333423007573026,1
8420,6,0.0128097660558823,80.42,67.0920692798541,16,52430.4521165204,28.8127853881279,Significant_Damage_And_Serious_Injuries,11,0.357223945185719,2
6756,4,0.0434693964976293,78.69,72.1969006381039,10,23420.209906519398,40.091324200913206,Highly_Fatal_And_Damaging,0,0.28221492967904804,2
2024,1,0.693691258020829,78.64,65.8158614402917,14,18715.257757896798,49.2237442922374,Minor_Damage_And_Injuries,4,0.251201586729174,0
10466,4,0.0481755010618988,77.65,62.8988149498633,16,26257.387922929902,17.5799086757991,Highly_Fatal_And_Damaging,0,0.477671114316625,1
9855,6,0.00869241503050263,78.43,75.8432087511395,8,36295.1033532213,57.3972602739726,Significant_Damage_And_Serious_Injuries,16,0.28726361341507395,2
1151,3,0.122043292647609,82.31,56.426618049225205,10,24779.9234269846,37.5799086757991,Significant_Damage_And_Fatalities,4,0.324407500901551,2
12117,2,0.541152830444993,81.15,66.8641750227894,15,40101.9196560567,45.342465753424705,Minor_Damage_And_Injuries,14,0.276084385142445,4
9537,4,0.0735958717115776,78.46,55.6973564266181,18,40580.037740715,12.4657534246575,Highly_Fatal_And_Damaging,0,0.6330984493328521,1
5266,1,1.41050359096262,78.54,80.6289881494986,14,38266.75565052,24.8858447488584,Highly_Fatal_And_Damaging,5,0.38174612333213104,3
7350,6,0.00910387785121973,78.54,76.4357338195078,16,37178.3769732465,28.493150684931503,Significant_Damage_And_Serious_Injuries,16,0.28149368914533,1
582,5,0.0245347549298593,79.33,61.5770282588879,13,36968.463216926604,39.178082191780796,Significant_Damage_And_Serious_Injuries,1,0.492095924990984,2
3107,3,0.19520099345621,78.16,74.567000911577,15,39102.6953646139,32.100456621004604,Significant_Damage_And_Serious_Injuries,3,0.251562206996033,1
4685,4,0.0705965089914202,86.13,67.5934366453965,12,38524.3318943146,30.7305936073059,Highly_Fatal_And_Damaging,3,0.255168409664623,0
5292,5,0.0156495657213551,78.62,74.7948951686418,15,23744.0693140378,55.433789954337904,Significant_Damage_And_Fatalities,2,0.344241615578795,1
8600,3,0.0124778111374111,76.18,56.517775752051,10,7330.43313913308,40.365296803653,Highly_Fatal_And_Damaging,5,0.404104579877389,1
10166,6,0.0113451946341208,79.37,84.0018231540565,10,48317.9303453667,51.7808219178082,Significant_Damage_And_Serious_Injuries,3,0.29231229715109996,3
8861,3,0.147784430513303,81.52,50.5925250683683,5,29830.851137973197,66.8036529680365,Minor_Damage_And_Injuries,11,0.498947710061305,1
12404,2,0.286821821953301,84.11,66.6362807657247,11,21374.9791131121,58.4474885844749,Minor_Damage_And_Injuries,1,0.316834475297511,2
2806,1,0.969928358500008,78.59,45.5332725615314,15,26597.1543122835,22.1004566210046,Significant_Damage_And_Fatalities,19,0.509405697800216,2
2568,4,0.0658221949166717,78.79,57.65724703737471,10,35977.0123074185,40.091324200913206,Highly_Fatal_And_Damaging,14,0.414923187883159,1
3998,1,0.898387825256726,80.51,67.0920692798541,19,24135.4433661131,18.3561643835616,Significant_Damage_And_Serious_Injuries,8,0.504717634331049,2
4633,3,0.200404041434698,78.2,73.2907930720146,12,40416.903479105895,40.9132420091324,Significant_Damage_And_Serious_Injuries,1,0.246874143526866,0
12397,2,0.5497045676073979,77.75,56.0619872379216,12,40813.3057574463,55.433789954337904,Highly_Fatal_And_Damaging,1,0.49389902632527904,3
5321,4,0.0674837302135489,81.93,64.1294439380128,21,36844.868269955696,1.4155251141552498,Highly_Fatal_And_Damaging,5,0.41961125135232596,2
9990,2,0.38116484962130603,83.01,68.2315405651778,10,28213.4276195929,62.1461187214612,Minor_Damage_And_Injuries,10,0.347126577713667,3
8118,2,0.518441261968944,82.14,69.37101185050139,11,38384.4318243461,59.04109589041099,Minor_Damage_And_Injuries,3,0.337389830508475,0
5370,2,0.40559831303273297,80.45,77.848678213309,4,30068.578732487596,70.5022831050228,Significant_Damage_And_Serious_Injuries,30,0.35325712225027,2
4085,1,1.0371979078718199,79.6,68.3682771194166,13,28193.962254837003,28.9041095890411,Highly_Fatal_And_Damaging,0,0.417086909484313,4
10012,1,1.00860793316672,77.05,65.2689152233364,13,27179.8728762575,50.136986301369895,Minor_Damage_And_Injuries,25,0.34027479264334604,1
2209,2,0.552348029450647,84.62,66.9097538742024,16,40840.646356118,28.538812785388103,Significant_Damage_And_Serious_Injuries,4,0.344241615578795,0
12470,3,0.17306668059365998,83.65,62.1239744758432,16,34711.1482249364,17.7168949771689,Highly_Fatal_And_Damaging,2,0.36948503425892504,4
6118,7,0.00212425758602582,78.31,62.7620783956244,12,25006.934761332202,66.25570776255711,Significant_Damage_And_Fatalities,8,0.46829498737829,2
6229,6,0.00899035486393975,80.17,48.678213309024706,11,33579.7049880148,58.082191780821894,Highly_Fatal_And_Damaging,8,0.598839523981248,4
2461,6,0.0076510888242451,76.2,73.5186873290793,8,31378.0428279788,57.077625570776206,Significant_Damage_And_Serious_Injuries,12,0.39436783267219605,2
6210,3,0.23084954417799397,79.43,87.46581586144029,13,46306.1920701527,40.6392694063927,Significant_Damage_And_Serious_Injuries,2,0.296279120086549,2
4029,2,0.551381417627301,78.91,74.88605287146758,11,40754.7656202953,34.6118721461187,Highly_Fatal_And_Damaging,5,0.31358889289578,3
8990,3,0.10200562169189802,77.0,56.38103919781221,10,20375.8154327724,49.5890410958904,Significant_Damage_And_Serious_Injuries,14,0.46613126577713604,2
8788,4,0.0593966255335747,82.57,69.00638103919779,10,32342.3133839545,39.041095890411,Highly_Fatal_And_Damaging,4,0.330898665705012,1
11906,3,0.0335592574899424,79.78,52.871467639015506,23,3855.7438170101,6.027397260273969,Minor_Damage_And_Injuries,0,0.6385077533357371,3
12111,6,0.0114089976100017,79.88,30.7201458523245,11,45199.6611272208,59.4063926940639,Highly_Fatal_And_Damaging,18,0.7347933645870891,1
2741,7,0.00332243990236276,81.53,85.0501367365543,11,36027.8612723001,56.52968036529679,Minor_Damage_And_Injuries,10,0.25985647313379,2
9253,1,1.1096272722118001,75.67,75.47857793983592,13,30384.1142456733,29.6803652968037,Highly_Fatal_And_Damaging,16,0.233531193653083,1
1210,3,0.14545997004029998,80.03,53.09936189608021,9,29213.8409826863,52.4657534246575,Minor_Damage_And_Injuries,1,0.325849981968986,3
4043,7,0.00397746981857576,79.42,66.4995442114859,13,45795.5029606522,61.7808219178082,Significant_Damage_And_Fatalities,13,0.37633681932924606,4
3588,3,0.0335592574899424,82.81,49.6353691886965,11,8981.315459517758,59.4063926940639,Highly_Fatal_And_Damaging,9,0.346405337179949,2
6146,7,0.00366102100604195,78.08,48.9061075660894,9,38888.753009181804,66.25570776255711,Significant_Damage_And_Serious_Injuries,2,0.556286332491886,0
3576,2,0.601349976963937,79.99,76.9826800364631,14,44315.605350123,47.0319634703196,Minor_Damage_And_Injuries,13,0.315752614496934,2
7837,1,0.8016363012165201,78.02,90.154968094804,12,21526.324250148202,54.246575342465704,Minor_Damage_And_Injuries,1,0.298442841687703,3
1419,1,1.24933997725514,83.58,64.3117593436645,7,33963.8106036965,49.49771689497721,Highly_Fatal_And_Damaging,0,0.34748719798052696,2