Accident_ID,Accident_Type_Code,Adverse_Weather_Metric,Cabin_Temperature,Control_Metric,Days_Since_Inspection,Max_Elevation,Safety_Score,Severity,Total_Safety_Complaints,Turbulence_In_gforces,Violations
7475,7,0.0021852795760138,82.2,73.746581586144,10,23788.1610053046,36.62100456621,Highly_Fatal_And_Damaging,0,0.29123043635052304,1
9733,3,0.150239798754167,77.26,85.9617137648131,12,30389.3208866958,30.1826484018265,Highly_Fatal_And_Damaging,20,0.351814641182834,2
10611,7,0.00460286344892508,80.47,56.19872379216039,10,48569.5562852462,61.7808219178082,Significant_Damage_And_Serious_Injuries,20,0.39076163000360603,1
5217,2,0.568908460170474,75.98,54.968094804010896,11,42084.5562508718,58.310502283105,Highly_Fatal_And_Damaging,1,0.508684457266498,1
6182,4,0.0383477654432181,77.63,82.4521422060164,12,21267.7043733175,30.1826484018265,Highly_Fatal_And_Damaging,6,0.18809304002885,1
9774,1,1.4620024262600901,83.58,56.8368277119417,12,39741.3462846585,31.5981735159817,Significant_Damage_And_Fatalities,3,0.586939055174901,2
3138,2,0.42112624342669897,77.27,39.8814949863264,14,31220.9491722684,59.6803652968037,Highly_Fatal_And_Damaging,7,0.729023440317345,2
6412,4,0.0449289157473636,78.95,47.9033728350046,18,24455.0851973201,11.324200913241999,Significant_Damage_And_Fatalities,2,0.514093761269383,3
1468,4,0.0528874696253254,77.55,62.5341841385597,7,29333.0700005052,82.23744292237441,Significant_Damage_And_Fatalities,6,0.278608727010458,1
12206,2,0.276520836417221,83.58,56.0164083865087,10,20482.4787022466,63.6529680365297,Highly_Fatal_And_Damaging,2,0.438724125495853,2
9311,4,0.0577073115841411,78.93,68.003646308113,18,31041.738511205698,13.37899543379,Highly_Fatal_And_Damaging,8,0.38427046520014396,2
12031,6,0.007077647836384609,87.47,60.300820419325504,11,28384.9667248429,46.62100456620999,Significant_Damage_And_Serious_Injuries,0,0.504717634331049,0
9492,4,0.0220243693545426,79.69,59.6171376481313,7,12320.283534369199,48.6301369863014,Highly_Fatal_And_Damaging,1,0.364796970789758,2
4210,6,0.00901683250305683,77.82,73.5186873290793,8,34199.8915692623,55.8447488584475,Significant_Damage_And_Serious_Injuries,12,0.388958528669311,1
6835,3,0.12625723914265302,78.34,54.876937101185,20,25239.6627058985,29.0867579908676,Highly_Fatal_And_Damaging,8,0.47911359538406,2
7876,1,0.859539949194424,76.56,76.4357338195078,9,23350.8910565508,41.415525114155294,Highly_Fatal_And_Damaging,1,0.411316985214569,3
10824,3,0.17508976484247502,81.38,85.6882406563355,8,35104.6529676528,55.15981735159821,Significant_Damage_And_Serious_Injuries,5,0.298442841687703,3
3672,4,0.0612742959425418,80.24,78.07657247037379,11,33492.6098878444,35.9360730593607,Highly_Fatal_And_Damaging,4,0.20576343310494002,1
4195,4,0.0723885206448047,86.4,68.5050136736554,10,39759.020002548,50.95890410958901,Significant_Damage_And_Serious_Injuries,12,0.37489433826181,3
4331,1,1.3512748761678701,78.37,47.2196900638104,15,37034.4056430355,32.7853881278539,Minor_Damage_And_Injuries,5,0.40771078254597903,2
10082,2,0.55559389881049,86.42,53.919781221513205,11,40909.5763164431,48.2648401826484,Minor_Damage_And_Injuries,1,0.43223296069239103,3
12126,6,0.0100523656008629,79.64,65.9070191431176,13,37921.073992065,40.593607305936104,Significant_Damage_And_Serious_Injuries,1,0.502553912729895,1
5008,2,0.33562780893799105,84.46,78.7602552415679,12,24784.663871210498,55.0684931506849,Minor_Damage_And_Injuries,0,0.308179588892896,3
12115,2,0.4890115627682321,76.65,53.327256153145,9,36219.5213082148,65.7534246575342,Minor_Damage_And_Injuries,5,0.317916336098088,4
9366,2,0.45701321537677003,80.09,66.1804922515953,15,33599.0902717774,45.0228310502283,Minor_Damage_And_Injuries,0,0.252283447529751,0
11362,3,0.122543644144534,83.28,69.8723792160438,8,24641.464154880297,55.8447488584475,Significant_Damage_And_Serious_Injuries,11,0.47514677244861103,3
9156,1,0.905640293986369,77.34,65.9981768459435,10,24314.5667574427,38.1278538812785,Highly_Fatal_And_Damaging,2,0.5479920663541289,4
1298,4,0.040289697526126,87.0,54.1932543299909,13,22442.659078449502,27.1689497716895,Highly_Fatal_And_Damaging,7,0.455312657771367,2
7672,5,0.0223891616717182,81.18,49.042844120328205,16,32666.809391351202,29.8173515981735,Minor_Damage_And_Injuries,7,0.374533717994951,1
1692,4,0.0569905136266613,80.12,66.5907019143118,16,31164.4523117872,19.7716894977169,Highly_Fatal_And_Damaging,0,0.38030364226469504,3
8067,2,0.590221750336164,78.24,65.1321786690975,15,43812.8657268761,42.9680365296804,Minor_Damage_And_Injuries,9,0.330898665705012,1
10806,6,0.00939969446993571,78.85,62.2607110300821,12,38068.070405300095,41.9634703196347,Significant_Damage_And_Serious_Injuries,12,0.40302271907681203,0
8588,7,0.00269001027366561,83.72,57.520510483135794,10,29171.211372128102,75.662100456621,Significant_Damage_And_Fatalities,9,0.35109340064911604,2
10778,3,0.0512797929867638,77.94,63.6736554238833,12,10850.5497369271,53.9269406392694,Minor_Damage_And_Injuries,23,0.258774612333213,3
7271,4,0.0484508667497566,78.95,49.042844120328205,16,26026.0289669448,29.8173515981735,Minor_Damage_And_Injuries,10,0.280772448611612,2
7776,4,0.059734503402076,81.26,70.4193254329991,13,32908.2936804925,50.5936073059361,Minor_Damage_And_Injuries,4,0.36119076812116796,0
3304,2,0.664582259241775,83.22,84.2752962625342,17,48513.2945923516,15.9817351598174,Highly_Fatal_And_Damaging,10,0.293394157951677,3
3484,4,0.0614525873393909,81.1,61.440291704649105,13,33355.8640395299,26.9406392694064,Highly_Fatal_And_Damaging,6,0.26851135953840605,2
4487,2,0.361178741073384,77.83,55.6061987237922,15,26770.2625354896,44.5205479452055,Highly_Fatal_And_Damaging,2,0.28690299314821505,3
3934,4,0.040335527894257005,80.55,58.7055606198724,9,22429.8625953409,42.2374429223744,Highly_Fatal_And_Damaging,8,0.29591849981969,3
4901,7,0.00348072307499041,79.63,79.17046490428442,12,37614.5594211291,65.662100456621,Significant_Damage_And_Fatalities,2,0.23064623151821104,1
690,4,0.0914887092870471,76.18,76.6180492251596,2,49986.899410661,77.6712328767123,Minor_Damage_And_Injuries,3,0.455673278038226,2
9964,2,0.40879598372177295,80.71,37.739288969918,17,30393.236609017596,24.8858447488584,Minor_Damage_And_Injuries,17,0.399416516408222,2
4932,1,0.898387825256726,76.79,66.0893345487694,12,24354.547122610802,31.6438356164384,Highly_Fatal_And_Damaging,5,0.266347637937252,3
2781,3,0.0560173007963913,78.76,41.4311759343665,17,10571.2705834972,37.7625570776256,Highly_Fatal_And_Damaging,21,0.5378946988820771,3
1525,3,0.19146809982118598,78.4,63.947128532361,17,38340.1216892705,39.4520547945205,Minor_Damage_And_Injuries,4,0.264183916336098,2
9899,7,0.0013078840945649698,77.85,73.0173199635369,9,3470.00217523393,54.84018264840179,Significant_Damage_And_Serious_Injuries,28,0.330898665705012,1
2133,5,0.0247122141214261,79.06,66.4995442114859,6,35730.897140885696,89.0867579908676,Significant_Damage_And_Fatalities,0,0.31178579156148495,2
4542,6,0.00743860219406398,82.34,58.6144029170465,11,28815.427261791203,45.5251141552511,Significant_Damage_And_Serious_Injuries,1,0.47045870897944503,2
12022,3,0.224051804560772,78.15,58.7511394712853,14,45004.00139822019,34.7945205479452,Significant_Damage_And_Serious_Injuries,11,0.448100252434187,2
6529,4,0.0786903089512543,75.88,76.7547857793984,7,42688.636920867204,48.6301369863014,Highly_Fatal_And_Damaging,6,0.293033537684818,3
2087,3,0.0999430144336609,78.58,70.1458523245214,15,19783.4713532385,33.7442922374429,Significant_Damage_And_Serious_Injuries,7,0.31719509556437103,2
3726,7,0.0020379019154994397,81.86,67.36554238833179,16,19804.4945726575,41.324200913242,Minor_Damage_And_Injuries,18,0.39833465560764497,1
5019,4,0.0396756532782891,76.95,59.6171376481313,16,21620.8716439398,18.2191780821918,Highly_Fatal_And_Damaging,8,0.33811107104219196,1
1992,1,1.10323463410754,81.53,63.4457611668186,9,29887.2364975067,42.6940639269406,Highly_Fatal_And_Damaging,5,0.256610890732059,1
7408,4,0.0340977244601301,75.31,62.807657247037405,10,18426.2771409882,38.9954337899543,Highly_Fatal_And_Damaging,1,0.286181752614497,4
11861,2,0.450817704051099,82.3,65.2689152233364,9,33226.1306928098,65.98173515981729,Minor_Damage_And_Injuries,18,0.334865488640461,3
10872,4,0.0478716294768382,81.15,73.6554238833182,20,26274.692889461498,28.5844748858447,Minor_Damage_And_Injuries,1,0.38427046520014396,2
5870,7,0.0043835591564751,81.9,71.9690063810392,8,64297.6512179186,44.84018264840179,Highly_Fatal_And_Damaging,22,0.31863757663180603,3
168,2,0.45369397511610404,81.06,53.5095715587967,14,33591.98082476,24.1552511415525,Significant_Damage_And_Fatalities,3,0.392204111071042,1
7958,4,0.086532665384485,76.49,65.587967183227,13,47507.7168742865,38.584474885844706,Significant_Damage_And_Serious_Injuries,5,0.31358889289578,2
7100,5,0.0294822052768993,76.33,65.22333637192351,8,45578.44189669559,68.7671232876712,Minor_Damage_And_Injuries,18,0.399055896141363,1
5699,6,0.00735070789169167,81.7,81.175934366454,16,29272.472449186098,29.0867579908676,Significant_Damage_And_Serious_Injuries,2,0.289427335016228,1
7082,4,0.0496227386047458,79.46,53.3728350045579,15,27296.495090287597,19.4063926940639,Significant_Damage_And_Fatalities,3,0.47226181031373904,2
2129,4,0.0503793565096615,81.05,54.3755697356427,15,27350.129916002403,33.013698630137,Minor_Damage_And_Injuries,0,0.25264406779661,1
1337,2,0.48312521539373704,86.34,50.957155879671895,12,35580.6487001058,55.0228310502283,Minor_Damage_And_Injuries,1,0.43944536602957107,3
10234,4,0.0672971342373965,81.15,74.74931631722879,18,37047.5511597612,36.301369863013704,Minor_Damage_And_Injuries,1,0.389679769203029,3
2742,6,0.0091876148524485,77.53,62.44302643573379,16,33914.1168763119,18.538812785388103,Highly_Fatal_And_Damaging,12,0.314670753696357,1
11098,5,0.0260124136604809,77.69,65.9981768459435,16,39029.8335148224,42.9680365296804,Minor_Damage_And_Injuries,2,0.329456184637577,1
5148,7,0.0038460374795458,81.43,49.2707383773929,10,43968.5942589294,50.22831050228311,Minor_Damage_And_Injuries,5,0.3849917057338621,1
2257,2,0.7515914847110421,82.31,50.820419325432994,18,55189.5058157731,34.3835616438356,Highly_Fatal_And_Damaging,0,0.43944536602957107,0
10299,3,0.12009789291450901,80.19,59.6171376481313,17,24122.306625314,25.9817351598173,Significant_Damage_And_Serious_Injuries,4,0.52960043274432,1
8894,3,0.19483461206238398,79.66,55.469462169553296,12,39022.5829015647,56.25570776255711,Highly_Fatal_And_Damaging,40,0.72758095924991,3
1606,4,0.0748983296849029,81.39,68.4138559708295,12,40821.1958847229,30.3196347031963,Highly_Fatal_And_Damaging,6,0.27752686620988104,2
8584,1,1.21979394983259,80.41,80.0364630811304,6,33186.7208096816,54.703196347032005,Highly_Fatal_And_Damaging,4,0.224876307248467,3
5995,2,0.47115359277493,83.17,77.073837739289,11,34747.026456126405,57.5342465753425,Minor_Damage_And_Injuries,1,0.24218608005769898,3
11271,7,0.00294921862398122,76.41,56.8368277119417,8,36458.5802116072,80.5936073059361,Significant_Damage_And_Fatalities,14,0.5029145329967539,2
10803,2,0.568969119985746,80.47,48.49589790337279,11,42231.8232408344,55.2511415525114,Highly_Fatal_And_Damaging,2,0.691158312297151,3
843,7,0.00232829982073789,76.04,59.799453053783104,17,22951.8359276977,50.273972602739704,Significant_Damage_And_Fatalities,14,0.46937684817886705,3
8216,7,0.0030220785773064102,77.82,52.871467639015506,21,35901.480370180696,6.027397260273969,Minor_Damage_And_Injuries,0,0.431151099891814,1
6680,4,0.0409263541820256,75.25,66.0893345487694,18,22535.7301853887,12.9680365296804,Highly_Fatal_And_Damaging,9,0.254447169130905,0
7830,7,0.0031164589957626,78.2,63.4001823154057,17,36059.2215837245,13.698630136986301,Highly_Fatal_And_Damaging,0,0.251922827262892,3
4356,4,0.0583819270530569,83.03,67.6845943482224,16,31925.7427834017,42.6940639269406,Minor_Damage_And_Injuries,22,0.255529029931482,2
2730,2,0.59878965413607,81.38,59.2980856882407,16,44363.1891191291,40.1826484018265,Minor_Damage_And_Injuries,3,0.43908474576271206,3
6951,2,0.337996374568915,75.29,72.926162260711,14,25016.3637851441,48.9041095890411,Minor_Damage_And_Injuries,17,0.39148287053732395,0
9079,4,0.0520472009284067,83.19,62.2607110300821,14,28465.3542383815,25.662100456620998,Highly_Fatal_And_Damaging,3,0.461803822574828,3
7117,1,0.870409654339999,83.19,86.0072926162261,7,23785.962404025497,49.178082191780796,Highly_Fatal_And_Damaging,8,0.484522899386945,3
223,5,0.0303240089034753,78.54,78.44120328167729,14,43972.097174903,48.1735159817352,Minor_Damage_And_Injuries,4,0.308179588892896,2
4422,3,0.128573249180056,77.89,49.6353691886965,14,26137.024085075,46.3470319634703,Highly_Fatal_And_Damaging,16,0.4372816444284171,1
6547,7,0.00343491068101924,85.64,70.37374658158609,8,38405.2090260466,55.8447488584475,Significant_Damage_And_Serious_Injuries,2,0.293754778218536,2
10020,7,0.00143197936716161,81.56,72.97174111212401,15,15088.7811089102,55.0228310502283,Significant_Damage_And_Fatalities,2,0.39112225027046504,2
5540,5,0.0218634673868009,77.96,71.285323609845,11,32944.3336789672,59.13242009132421,Minor_Damage_And_Injuries,3,0.19494482509917002,2
2740,7,0.0036288382038850205,76.02,51.00273473108479,10,38888.753009181804,76.39269406392691,Significant_Damage_And_Serious_Injuries,4,0.7178442120447159,1
1629,3,0.214244804931175,76.09,63.126709206928,8,43209.8141033971,55.2511415525114,Significant_Damage_And_Serious_Injuries,12,0.5631381175622071,3
1189,1,1.13918135716842,75.35,88.0583409298086,7,31117.2543741181,48.4474885844749,Highly_Fatal_And_Damaging,8,0.29591849981969,4
10190,2,0.442732958866139,76.66,60.9845031905196,18,32729.7199588753,9.68036529680365,Highly_Fatal_And_Damaging,2,0.401940858276235,3
890,5,0.0169084447733504,80.98,49.9544211485871,7,26065.453806062003,59.77168949771689,Minor_Damage_And_Injuries,21,0.43547854309412204,3
3925,7,0.00269001027366561,78.64,75.38742023701,13,31746.6344259787,63.9269406392694,Significant_Damage_And_Fatalities,4,0.33306238730616605,2
696,2,0.424285998664813,77.68,45.5332725615314,14,31355.613492598197,24.383561643835602,Significant_Damage_And_Fatalities,6,0.35938766678687295,3
4369,2,0.5510408050069999,81.48,68.3682771194166,13,40840.646356118,28.949771689497698,Highly_Fatal_And_Damaging,0,0.398695275874504,0
423,4,0.0905924441864506,82.08,70.8751139471286,9,49040.7161051711,42.2374429223744,Highly_Fatal_And_Damaging,11,0.404465200144248,3
5778,6,0.00812807991710159,81.31,77.073837739289,21,31750.404675562,13.9269406392694,Significant_Damage_And_Serious_Injuries,7,0.32116191849982,1
5943,7,0.00261196102218459,85.99,62.0328167730173,9,29171.211372128102,76.39269406392691,Significant_Damage_And_Fatalities,12,0.385352326000721,3
5081,1,1.0963361566327,81.05,48.723792160437604,13,29636.502041771,28.9041095890411,Significant_Damage_And_Fatalities,0,0.51156941940137,3
5549,1,1.00860793316672,81.61,80.6289881494986,9,27215.138195583197,42.648401826484,Highly_Fatal_And_Damaging,1,0.22343382618103103,3
5375,7,0.00365795623306935,82.23,49.6353691886965,11,39795.0430095228,57.44292237442921,Minor_Damage_And_Injuries,11,0.5436646231518211,3
6161,1,0.996497974431902,75.94,60.483135824977204,12,27127.9246077737,31.2328767123288,Highly_Fatal_And_Damaging,11,0.556646952758745,5
3711,3,0.0945616410103572,79.64,56.8368277119417,19,19494.8587357381,32.739726027397296,Highly_Fatal_And_Damaging,0,0.786362062747926,2
12094,7,0.00272892777569951,79.08,69.00638103919779,11,31719.308363428598,68.675799086758,Significant_Damage_And_Fatalities,11,0.253725928597187,1
12290,3,0.157836605440154,77.72,72.5615314494075,11,31439.468475677797,45.0684931506849,Significant_Damage_And_Serious_Injuries,6,0.351454020915975,3
6997,7,0.00214851180289885,78.9,41.6134913400182,12,24600.5650962669,41.8264840182648,Minor_Damage_And_Injuries,1,0.645359538406058,3
8255,6,0.0100523656008629,80.12,65.1321786690975,16,38525.414182678396,29.9543378995434,Significant_Damage_And_Serious_Injuries,0,0.396892174540209,2
7607,4,0.0745708540130751,84.92,71.285323609845,10,40160.7024034573,38.2648401826484,Highly_Fatal_And_Damaging,0,0.417808150018031,2
8917,1,0.815759669125553,81.15,74.74931631722879,15,22087.486013663598,21.2785388127854,Highly_Fatal_And_Damaging,11,0.428266137756942,3
1642,2,0.47830603239079794,81.38,84.0018231540565,11,35354.6491535324,58.1278538812785,Minor_Damage_And_Injuries,5,0.35109340064911604,2
11887,3,0.149447389548586,80.98,67.36554238833179,15,30071.5775620962,33.2420091324201,Significant_Damage_And_Serious_Injuries,2,0.50796321673278,2
4096,6,0.0075034789920839905,77.29,61.850501367365595,10,30026.5544078845,49.5890410958904,Significant_Damage_And_Serious_Injuries,5,0.24579228272628895,3
2543,6,0.00827087688296575,84.28,76.9371011850502,14,33944.6431410097,35.5251141552511,Significant_Damage_And_Serious_Injuries,15,0.45387017670393,1
4383,1,0.8902819480198572,87.11,70.2370100273473,18,24312.5763266109,35.388127853881294,Minor_Damage_And_Injuries,1,0.38751604760187497,3
11745,2,0.3116315447563,78.41,65.587967183227,19,22969.338276676,44.20091324200911,Significant_Damage_And_Fatalities,0,0.279329967544176,2
11754,4,0.0520195059207914,77.13,58.7055606198724,10,28183.3231299795,38.0821917808219,Highly_Fatal_And_Damaging,2,0.29591849981969,2
2723,5,0.0184651464079909,81.04,76.7547857793984,13,27417.599452845698,40.0456621004566,Significant_Damage_And_Serious_Injuries,0,0.24290732059141698,2
5587,5,0.0116003338192722,76.56,69.91795806745671,11,16673.2615031679,56.9406392694064,Minor_Damage_And_Injuries,17,0.30709772809231894,1
844,2,0.498635558744046,81.73,77.894257064722,15,37085.874763684704,42.9680365296804,Minor_Damage_And_Injuries,4,0.243989181391994,4
5313,7,0.00287100899711365,79.58,42.023701002734704,13,31898.6401662182,62.3744292237443,Significant_Damage_And_Fatalities,7,0.589824017309773,2
3585,2,0.50630490065634,81.72,56.973564266180496,12,37342.6506214657,54.4292237442922,Highly_Fatal_And_Damaging,4,0.5425827623512439,2
9327,3,0.17583752963143803,78.28,55.6973564266181,10,35207.3986716271,50.821917808219204,Significant_Damage_And_Serious_Injuries,15,0.31178579156148495,2
10278,7,0.0014597965734335198,81.06,61.6226071103008,20,13790.8744728662,39.6803652968037,Significant_Damage_And_Fatalities,3,0.44413342949873796,3
10436,5,0.0297081807839066,76.4,70.464904284412,8,44036.814661343094,68.63013698630141,Minor_Damage_And_Injuries,1,0.322965019834114,1
12259,2,0.551381417627301,80.22,61.5314494074749,16,40686.3843910211,40.1826484018265,Minor_Damage_And_Injuries,7,0.237858636855391,2
750,7,0.0024140516354806602,86.36,83.77392889699179,9,25796.9485308804,43.287671232876704,Highly_Fatal_And_Damaging,24,0.4336754417598271,2
616,3,0.22240515248707898,78.55,53.2360984503191,16,45350.7603179123,40.7762557077626,Highly_Fatal_And_Damaging,6,0.724335376848178,2
12200,7,0.00302253034884826,76.93,75.75205104831359,13,32690.625773518397,61.8264840182648,Significant_Damage_And_Fatalities,13,0.311064551027768,3
11962,3,0.0639965250235573,83.96,59.9817684594348,13,13468.0085006978,38.401826484018294,Significant_Damage_And_Serious_Injuries,2,0.375254958528669,2
6567,3,0.0753155639194272,79.66,52.0510483135825,9,14515.7951542876,41.780821917808204,Highly_Fatal_And_Damaging,6,0.38030364226469504,2
211,4,0.0743977203306093,78.18,63.3546034639927,15,40729.8147773945,22.922374429223698,Highly_Fatal_And_Damaging,0,0.5764810674359899,0
1688,7,0.00440429373420935,79.6,57.520510483135794,15,47578.1608846135,57.1232876712329,Significant_Damage_And_Fatalities,7,0.44413342949873796,2
7771,2,0.37953826696500303,78.42,68.0948040109389,14,28208.2593702175,49.4520547945205,Minor_Damage_And_Injuries,4,0.36984565452578405,2
2615,6,0.00613719639258931,80.2,76.7547857793984,7,23412.7822849923,48.4474885844749,Highly_Fatal_And_Damaging,1,0.293033537684818,0
8856,4,0.0701503302031917,77.91,89.88149498632629,20,38564.129227285,4.93150684931507,Highly_Fatal_And_Damaging,2,0.21513956004327398,2
1110,2,0.504117435127591,83.57,52.0966271649954,14,37251.6714030235,49.2694063926941,Highly_Fatal_And_Damaging,6,0.4902928236566889,1
3899,7,0.00124424510969441,79.01,62.625341841385605,20,13538.0919469124,41.689497716895,Significant_Damage_And_Fatalities,2,0.38318860439956703,2
5802,3,0.20948904078266103,78.17,59.024612579763,18,42046.750939801,22.1917808219178,Significant_Damage_And_Serious_Injuries,2,0.278608727010458,2
11948,1,0.202495647194575,76.26,50.7748404740201,11,10587.3525848917,46.8036529680365,Minor_Damage_And_Injuries,1,0.6266072845293901,3
7423,2,0.36552924828075295,76.33,69.5989061075661,17,26900.7028554629,37.4429223744292,Minor_Damage_And_Injuries,15,0.333423007573026,2
5577,1,0.775459295221691,82.71,53.2360984503191,16,21022.7432680221,40.7762557077626,Highly_Fatal_And_Damaging,11,0.5241911287414349,3
10700,3,0.18564707587063,80.19,43.664539653600706,12,37438.206200471,55.1141552511415,Highly_Fatal_And_Damaging,2,0.585496574107465,2
12153,4,0.0674726358380376,77.63,53.919781221513205,15,36624.2796276571,20.1826484018265,Significant_Damage_And_Fatalities,0,0.46937684817886705,1
2466,3,0.145829384318565,78.64,73.746581586144,10,29213.278125625402,51.1872146118721,Significant_Damage_And_Serious_Injuries,6,0.34784781824738503,0
8846,3,0.128896401917114,80.86,63.90154968094811,22,25720.916407571804,1.4155251141552498,Highly_Fatal_And_Damaging,2,0.35361774251712896,2
861,5,0.0200302301072619,77.55,65.4512306289882,10,31051.277966358703,49.2694063926941,Significant_Damage_And_Serious_Injuries,0,0.505078254597908,0
9016,7,0.0023669714254217302,77.55,61.485870556062004,12,25648.667608574702,53.150684931506795,Minor_Damage_And_Injuries,3,0.514093761269383,0
7049,6,0.008024948255931941,77.67,38.149498632634504,17,31647.884323696002,14.4748858447489,Significant_Damage_And_Fatalities,3,0.705583122971511,2
1887,6,0.0130417779497398,84.8,77.52962625341841,10,53200.8631540441,49.726027397260296,Significant_Damage_And_Serious_Injuries,11,0.31394951316263997,2
9944,7,0.00226741238790717,79.23,68.4594348222425,11,25251.1155579363,70.0913242009132,Significant_Damage_And_Fatalities,1,0.421053732419762,3
8682,3,0.23108754127155104,77.9,37.6481312670921,14,46367.37043288151,49.315068493150704,Minor_Damage_And_Injuries,6,0.5404190407500901,2
8933,6,0.0093983482120637,77.27,70.0091157702826,16,39117.4599820194,29.634703196346997,Significant_Damage_And_Serious_Injuries,13,0.19819040750090197,0
55,4,0.0427864059446497,81.39,97.6754785779398,13,23086.022694090698,28.630136986301398,Highly_Fatal_And_Damaging,1,0.20828777497295398,2
1142,7,0.00179098046175975,77.62,61.0300820419326,13,17343.6622157536,62.3744292237443,Significant_Damage_And_Fatalities,5,0.48596538045438104,1
10983,2,0.534664927361894,80.07,57.8851412944394,13,39313.0059564466,51.7808219178082,Minor_Damage_And_Injuries,12,0.426823656689506,2
4471,4,0.0659924427036663,77.62,66.9097538742024,23,35962.4219910256,2.7397260273972597,Highly_Fatal_And_Damaging,4,0.363715109989181,2
8858,2,0.314050656397823,75.8,65.67912488605289,13,23197.3294465658,27.6255707762557,Highly_Fatal_And_Damaging,2,0.55123764875586,1
5927,2,0.328620657287925,77.55,45.897903372834996,13,24034.9567110232,50.50228310502279,Highly_Fatal_And_Damaging,22,0.804753696357736,0
646,4,0.076505897644789,79.15,82.5888787602553,17,41380.2006558883,16.1187214611872,Highly_Fatal_And_Damaging,3,0.21874576271186397,3
7589,2,0.42863320847532005,84.21,68.3682771194166,13,31748.2529497146,28.9041095890411,Highly_Fatal_And_Damaging,0,0.38823728813559294,3
9275,7,0.00312164948656344,79.62,81.5861440291705,11,36737.2575783467,68.8584474885845,Significant_Damage_And_Fatalities,9,0.296279120086549,4
4759,2,0.55117256042946,78.73,66.6362807657247,19,40716.714209966296,20.410958904109602,Significant_Damage_And_Serious_Injuries,5,0.368403173458348,2
4883,7,0.0023486603555845603,83.07,73.9288969917958,11,26023.207256331498,68.675799086758,Significant_Damage_And_Fatalities,4,0.43619978362784007,3
10523,5,0.0351650331134311,84.48,77.6663628076573,8,53200.8631540441,55.6164383561644,Significant_Damage_And_Serious_Injuries,12,0.276084385142445,2
7667,4,0.0679645047747395,86.57,71.05742935278029,13,37158.7255184061,27.8538812785388,Highly_Fatal_And_Damaging,8,0.30637648755860103,3
10679,5,0.0316153311067691,77.95,85.0957155879672,13,45783.5276614128,52.4657534246575,Minor_Damage_And_Injuries,7,0.199632888568337,2
4022,4,0.0657649417158369,78.66,61.6681859617138,13,36292.1949816483,30.0,Highly_Fatal_And_Damaging,3,0.346405337179949,1
11402,3,0.20841422625368805,84.83,100.0,8,41662.6922278005,56.894977168949794,Significant_Damage_And_Serious_Injuries,2,0.21441831950955603,3
1154,7,0.00214351929204433,77.86,68.5505925250684,21,26992.7869170996,39.5433789954338,Significant_Damage_And_Fatalities,11,0.23100685178507,2
4490,4,0.0838515457532471,80.25,44.8951686417502,12,45343.986977353896,54.4292237442922,Highly_Fatal_And_Damaging,8,0.621197980526505,3
6398,2,0.252547764645463,77.69,76.5268915223336,7,19525.85738177,71.5981735159817,Minor_Damage_And_Injuries,19,0.374533717994951,2
12490,4,0.0544450648103602,82.45,51.0938924339107,12,29832.3547137758,43.6529680365297,Minor_Damage_And_Injuries,10,0.34171727371078203,2
9548,3,0.135850462114308,79.47,76.29899726526891,9,27417.599452845698,54.5205479452055,Significant_Damage_And_Serious_Injuries,3,0.258774612333213,0
8472,2,0.416733810413223,80.47,47.265268915223395,16,30701.4903580148,16.4840182648402,Significant_Damage_And_Fatalities,2,0.514093761269383,3
12061,2,0.38229781948811603,80.84,65.22333637192351,11,28248.2003469655,57.351598173515995,Minor_Damage_And_Injuries,7,0.34892967904796196,1
347,7,0.00228169437294458,80.27,57.0191431175934,12,25794.580871847003,32.557077625570805,Significant_Damage_And_Fatalities,3,0.399777136675081,3
717,7,0.00270436622546922,85.22,64.1294439380128,21,28326.8604547061,2.64840182648402,Highly_Fatal_And_Damaging,4,0.24579228272628895,0
10655,4,0.0731233481438206,85.3,80.6289881494986,15,39527.6388068,20.958904109589,Highly_Fatal_And_Damaging,1,0.396892174540209,0
7779,7,0.0037624088321581103,79.24,66.9097538742024,10,41567.5210621664,49.0867579908676,Minor_Damage_And_Injuries,0,0.302770284890011,2
11078,5,0.0146382192559913,75.05,70.1002734731085,12,20520.7410460176,53.8812785388128,Minor_Damage_And_Injuries,8,0.22848250991705701,4
6813,1,1.3463640845786797,80.51,67.6390154968095,20,36873.0707665609,16.6666666666667,Significant_Damage_And_Serious_Injuries,9,0.505078254597908,2
8522,2,0.447798128438708,81.95,69.4165907019143,17,32990.9149372376,39.726027397260296,Minor_Damage_And_Injuries,4,0.246874143526866,1
1636,2,0.519355070097568,80.37,70.1914311759344,12,38350.7195579992,56.5753424657534,Minor_Damage_And_Injuries,6,0.316834475297511,0
6124,7,0.00276350539336952,78.09,66.6818596171377,20,28356.813204319904,40.1369863013699,Significant_Damage_And_Fatalities,3,0.35325712225027,0
2565,3,0.0892549623370623,82.03,60.57429352780311,8,18214.706269736,44.4292237442922,Highly_Fatal_And_Damaging,4,0.476228633249188,3