Accident_ID,Accident_Type_Code,Adverse_Weather_Metric,Cabin_Temperature,Control_Metric,Days_Since_Inspection,Max_Elevation,Safety_Score,Severity,Total_Safety_Complaints,Turbulence_In_gforces,Violations
7381,6,0.00964423065045325,79.59,60.665451230628996,12,38068.070405300095,42.283105022831,Significant_Damage_And_Serious_Injuries,24,0.413120086548864,1
10650,2,0.44742024933316,79.53,79.535095715588,18,33067.6244116376,23.607305936073104,Significant_Damage_And_Serious_Injuries,0,0.22920375045077498,2
4031,4,0.0453050042984426,81.15,70.0091157702826,12,24783.150149214904,44.1552511415525,Significant_Damage_And_Serious_Injuries,7,0.42141435268662103,3
5555,6,0.00957553756891347,79.43,57.5660893345488,10,40114.3609726391,48.3561643835616,Significant_Damage_And_Serious_Injuries,26,0.30313090515687,2
2186,4,0.0817928467836764,79.62,78.4867821330902,20,45004.8195801942,4.7945205479452095,Highly_Fatal_And_Damaging,8,0.33270176703930704,0
7704,3,0.20178360182813,77.75,56.79124886052871,18,40489.778982726,23.8812785388128,Minor_Damage_And_Injuries,8,0.315752614496934,1
6344,7,0.0036221837791412296,80.44,83.1358249772106,14,36962.1315429362,59.4520547945205,Significant_Damage_And_Fatalities,1,0.269953840605842,0
10382,4,0.061879301225348,81.15,49.4530537830446,11,33871.586283706,36.2557077625571,Significant_Damage_And_Fatalities,5,0.5310429138117561,3
8859,6,0.00811692898317286,78.56,71.05742935278029,17,31651.9369994542,26.3013698630137,Significant_Damage_And_Serious_Injuries,26,0.38066426253155394,1
158,2,0.49055705905389296,77.17,69.2342752962625,16,36086.8999557426,40.4109589041096,Minor_Damage_And_Injuries,2,0.32368626036783194,2
5144,4,0.0469165754029135,82.41,65.4056517775752,10,25615.582228896,36.62100456621,Highly_Fatal_And_Damaging,10,0.578644789037144,2
4662,4,0.0726141852542702,79.08,73.746581586144,9,39875.6120144522,43.47031963470321,Highly_Fatal_And_Damaging,1,0.296279120086549,2
6949,7,0.0041686620510037395,78.5,60.3919781221513,12,43558.483161140095,65.296803652968,Significant_Damage_And_Fatalities,1,0.231728092318788,2
1928,4,0.0462706745428268,79.48,71.6955332725615,12,25252.7452231213,43.7899543378995,Significant_Damage_And_Serious_Injuries,3,0.18304435629282395,2
4266,6,0.0031625042767745603,81.26,68.5050136736554,16,14682.351416136398,30.0913242009132,Significant_Damage_And_Serious_Injuries,14,0.400498377208799,2
3207,7,0.0022271417831696,81.53,65.4512306289882,13,26534.3553750206,52.511415525114096,Minor_Damage_And_Injuries,2,0.46108258204110997,1
8195,6,0.00526925718600814,80.47,54.7402005469462,10,21422.786802028,48.9954337899543,Minor_Damage_And_Injuries,35,0.45639451857194396,1
2359,4,0.0563295397232032,79.71,65.9981768459435,15,31682.670938997202,20.1826484018265,Highly_Fatal_And_Damaging,2,0.5371734583483591,4
9519,4,0.0515663632026278,81.37,69.37101185050139,13,28510.1224862741,27.077625570776302,Highly_Fatal_And_Damaging,1,0.224876307248467,1
7186,3,0.152337945102486,86.13,55.788514129443904,12,30428.3031280998,44.0182648401826,Minor_Damage_And_Injuries,15,0.4120382257482871,2
12030,7,0.00436632490027057,76.92,80.4466727438469,16,49461.7985956107,40.9132420091324,Minor_Damage_And_Injuries,8,0.37597619906238705,2
9724,4,0.0398260252450034,80.52,62.1239744758432,13,21612.7535707374,39.6803652968037,Significant_Damage_And_Serious_Injuries,2,0.49389902632527904,1
1045,3,0.16750355692314,76.2,76.7547857793984,13,33861.5536967773,40.7762557077626,Significant_Damage_And_Serious_Injuries,5,0.272117562206996,3
5526,6,0.0123576408107368,87.43,77.1194165907019,17,49095.2502059493,26.5296803652968,Significant_Damage_And_Serious_Injuries,7,0.344602235845654,2
8839,1,1.1631821282771,81.05,50.86599817684589,12,31571.3496204891,32.6940639269406,Significant_Damage_And_Fatalities,2,0.5342884962134871,1
6294,6,0.00842757143418226,77.8,63.6736554238833,13,37010.443157916096,50.273972602739704,Minor_Damage_And_Injuries,0,0.334865488640461,2
6346,7,0.00343491068101924,78.37,52.506836827712,6,40237.2227765323,62.648401826484005,Minor_Damage_And_Injuries,4,0.311064551027768,3
1594,4,0.0621158717936855,86.47,53.7374658158614,11,33871.586283706,34.6575342465753,Significant_Damage_And_Fatalities,5,0.5515982690227189,3
8123,1,0.776282603426491,77.25,49.6353691886965,8,21043.0745957428,44.566210045662096,Significant_Damage_And_Fatalities,6,0.47154056978002207,3
3382,2,0.42706926105017995,79.89,54.876937101185,15,31487.5567418341,44.4292237442922,Highly_Fatal_And_Damaging,3,0.30998269022719105,2
4731,1,1.0209709235598299,86.48,63.719234275296294,12,27823.0505835169,30.9132420091324,Highly_Fatal_And_Damaging,16,0.290509195816805,2
6697,5,0.0180341118872252,77.93,40.0638103919782,10,28108.6735227329,48.3561643835616,Minor_Damage_And_Injuries,13,0.782395239812477,2
1628,1,2.0484904799918704,81.85,74.9316317228806,14,55934.468569702,23.0593607305936,Highly_Fatal_And_Damaging,16,0.457115759105661,3
6319,4,0.0592292289020824,83.81,69.18869644484961,8,32120.7446139385,46.027397260274,Highly_Fatal_And_Damaging,1,0.445215290299315,4
6524,5,0.0236869511129471,78.34,53.555150410209706,20,34956.4722310962,19.5433789954338,Minor_Damage_And_Injuries,10,0.4087926433465561,1
5890,7,0.0016033383209366199,82.36,71.9690063810392,8,18887.316157966598,45.15981735159821,Highly_Fatal_And_Damaging,29,0.36263324918860396,2
7496,3,0.0999430144336609,76.3,54.968094804010896,10,20025.443358662298,50.273972602739704,Minor_Damage_And_Injuries,6,0.34892967904796196,0
1480,4,0.0478716294768382,77.56,76.6180492251596,18,26233.4523381533,35.388127853881294,Minor_Damage_And_Injuries,1,0.281133068878471,3
5827,1,1.24945876649406,82.46,62.5341841385597,13,33951.855836534305,28.721461187214604,Highly_Fatal_And_Damaging,2,0.396892174540209,2
7977,1,1.0826987518548299,82.72,48.0856882406563,14,29636.502041771,25.9817351598173,Significant_Damage_And_Fatalities,0,0.589824017309773,3
8397,1,1.19895525832586,79.26,63.3546034639927,6,32855.9350745416,53.01369863013699,Highly_Fatal_And_Damaging,4,0.256610890732059,1
2686,2,0.38168284657664897,77.28,41.5679124886053,7,28164.484567923,72.32876712328759,Highly_Fatal_And_Damaging,7,0.571071763433105,3
8958,6,0.0100247500426134,79.29,56.9279854147676,11,41643.7682906453,45.4794520547945,Minor_Damage_And_Injuries,0,0.409153263613415,2
9684,6,0.00926439171560809,79.71,67.4567000911577,15,36445.5066953549,21.369863013698602,Highly_Fatal_And_Damaging,0,0.523469888207717,2
731,3,0.14794422081512001,78.96,45.5332725615314,14,29692.0223611367,25.251141552511395,Significant_Damage_And_Fatalities,22,0.7214504147133071,3
139,2,0.285534039048003,79.71,68.5050136736554,10,21098.2703267995,60.5479452054795,Minor_Damage_And_Injuries,12,0.377418680129823,1
400,4,0.0583819270530569,78.58,74.1567912488605,20,31988.019805266602,5.75342465753425,Highly_Fatal_And_Damaging,2,0.22343382618103103,4
1008,3,0.121366162400479,79.03,77.073837739289,11,24609.0335512452,46.98630136986301,Significant_Damage_And_Serious_Injuries,0,0.272117562206996,0
3715,6,0.0118191106726495,79.85,70.5560619872379,17,47198.4160831705,13.37899543379,Highly_Fatal_And_Damaging,18,0.274641904075009,2
9439,5,0.0176558251102843,83.54,79.62625341841391,19,25752.5205427094,32.8767123287671,Minor_Damage_And_Injuries,5,0.199993508835196,2
6286,6,0.0116993176601363,89.19,73.4275296262534,15,47592.316643138,22.7853881278539,Highly_Fatal_And_Damaging,7,0.368403173458348,2
6558,6,0.0035136996657640102,81.97,66.4995442114859,17,15658.684870885701,12.9680365296804,Highly_Fatal_And_Damaging,34,0.417808150018031,3
2744,2,0.598166042993753,82.1,63.719234275296294,15,44363.1891191291,31.9634703196347,Significant_Damage_And_Serious_Injuries,3,0.335947349441038,2
8745,3,0.18331092928732604,84.41,76.6180492251596,11,36736.2901448529,48.7214611872146,Significant_Damage_And_Serious_Injuries,1,0.281854309412189,2
1404,2,0.39152151887893893,86.57,65.6335460346399,11,28901.6079461952,59.13242009132421,Minor_Damage_And_Injuries,1,0.305294626758024,2
2185,2,0.584702320998745,80.42,66.3172288058341,16,43290.014603370895,19.1780821917808,Highly_Fatal_And_Damaging,5,0.41636566895059496,3
1288,4,0.0671881005094446,76.07,54.7857793983592,15,36683.459920566296,21.2785388127854,Significant_Damage_And_Fatalities,1,0.481277316985214,2
8438,2,0.442732958866139,83.81,78.3044667274385,13,32806.2895663649,29.452054794520503,Highly_Fatal_And_Damaging,13,0.32116191849982,2
6820,4,0.0427579131486447,78.48,57.247037374658206,7,22841.7634088089,71.5981735159817,Minor_Damage_And_Injuries,0,0.268871979805265,3
7569,5,0.0331997693473138,79.3,80.35551504102101,7,48352.0147996316,49.6803652968036,Highly_Fatal_And_Damaging,1,0.22884313018391603,0
5207,4,0.0297420079274472,78.72,49.589790337283496,17,15714.1901232461,25.662100456620998,Minor_Damage_And_Injuries,3,0.43944536602957107,2
877,1,1.42491830921864,76.6,75.6608933454877,16,38752.9477457052,16.8036529680365,Highly_Fatal_And_Damaging,9,0.38823728813559294,3
6771,1,0.5894887082752671,77.09,73.4731084776664,9,16008.613269874399,76.8949771689498,Significant_Damage_And_Fatalities,1,0.21441831950955603,2
2036,5,0.0262599118503814,79.61,56.9279854147676,14,38518.2859294847,38.3561643835616,Minor_Damage_And_Injuries,14,0.538976559682654,2
3735,2,0.545838815985827,81.06,54.1932543299909,8,40360.6120851516,69.4520547945205,Highly_Fatal_And_Damaging,0,0.392564731337901,1
939,1,0.879176919566217,83.01,48.5414767547858,18,23728.3517080817,46.1187214611872,Significant_Damage_And_Fatalities,0,0.4145625676163,2
7708,3,0.128131027077609,78.05,82.0875113947128,17,26032.9419014836,26.438356164383602,Significant_Damage_And_Serious_Injuries,1,0.262020194734944,3
9006,4,0.0760172273487276,82.36,65.31449407474929,19,41598.3759461506,7.76255707762557,Highly_Fatal_And_Damaging,0,0.312507032095204,2
8236,3,0.15459520990206502,77.0,73.2907930720146,8,30933.8277395381,57.1689497716895,Significant_Damage_And_Serious_Injuries,7,0.39797403534078596,1
1503,6,0.008505971183399871,78.77,67.228805834093,6,34905.791923836005,51.8721461187215,Highly_Fatal_And_Damaging,0,0.273199423007573,2
6702,2,0.116198848524886,78.52,76.8915223336372,11,9065.40417066948,58.4474885844749,Minor_Damage_And_Injuries,8,0.428266137756942,3
12085,4,0.0264588314136203,81.55,56.0619872379216,12,15186.5079522167,56.5753424657534,Highly_Fatal_And_Damaging,13,0.350011539848539,1
847,4,0.0519373150685612,77.02,69.8723792160438,8,28529.865641290897,42.648401826484,Highly_Fatal_And_Damaging,0,0.355060223584565,4
6350,7,0.00273357546202374,86.39,59.161349134001796,10,28059.466971501603,75.4337899543379,Significant_Damage_And_Fatalities,1,0.46829498737829,2
7715,7,0.00219345580164505,87.1,53.96536007292621,8,25859.179796715,80.3196347031963,Significant_Damage_And_Serious_Injuries,13,0.451706455102777,2
439,7,0.0038640515777902205,78.11,69.5077484047402,13,46564.1105882428,62.3744292237443,Significant_Damage_And_Fatalities,13,0.246874143526866,3
249,2,0.63077436941814,78.87,64.7219690063811,13,46608.2720139824,51.0502283105023,Minor_Damage_And_Injuries,3,0.354699603317706,1
718,2,0.42471250415918893,80.26,82.1786690975388,9,31326.111460109103,64.9315068493151,Minor_Damage_And_Injuries,3,0.24831662459430198,2
9816,4,0.0468091662274168,80.65,79.17046490428442,14,25486.8254567764,58.082191780821894,Significant_Damage_And_Fatalities,2,0.254086548864046,1
11152,3,0.20948904078266103,79.65,64.4940747493163,10,42049.7757475593,48.310502283105,Significant_Damage_And_Serious_Injuries,38,0.46721312657771297,3
3561,2,0.5615652113649561,77.31,60.483135824977204,10,41329.443554677404,61.2785388127854,Minor_Damage_And_Injuries,3,0.262380815001803,2
9888,7,0.0033294282629078398,78.5,60.3919781221513,12,33393.2531864311,65.4337899543379,Significant_Damage_And_Fatalities,0,0.231728092318788,2
7803,7,0.00229126092821169,78.27,45.897903372834996,9,26885.1576261271,66.57534246575341,Significant_Damage_And_Serious_Injuries,2,0.6579812477461229,3
9681,6,0.0106970316356193,86.13,64.94986326344579,15,43319.3836375384,32.4657534246575,Significant_Damage_And_Serious_Injuries,18,0.5515982690227189,1
35,3,0.274062713800626,76.37,66.1349134001823,8,58297.4802661454,55.15981735159821,Significant_Damage_And_Serious_Injuries,13,0.36263324918860396,0
23,3,0.192253394616584,81.8,62.5341841385597,14,38605.1262744008,23.150684931506802,Highly_Fatal_And_Damaging,0,0.314670753696357,1
5507,7,0.00354472954428243,80.65,79.17046490428442,14,39422.7956136891,59.315068493150704,Significant_Damage_And_Fatalities,2,0.224876307248467,0
649,2,0.42760965194734,81.61,81.4038286235187,11,31529.762323460698,57.260273972602704,Minor_Damage_And_Injuries,5,0.236776776054814,1
5377,3,0.170714949985897,79.05,70.8751139471286,13,34397.7574159421,38.584474885844706,Significant_Damage_And_Serious_Injuries,8,0.205402812838081,1
7051,3,0.155315702244462,81.85,70.1914311759344,14,31728.6566869053,37.1689497716895,Significant_Damage_And_Serious_Injuries,14,0.39148287053732395,1
6767,1,1.2397692662318898,76.75,77.3473108477666,19,33776.6521906592,20.410958904109602,Significant_Damage_And_Serious_Injuries,2,0.35578146411828293,1
2551,2,0.483069686878617,78.64,66.7730173199635,14,35694.2901603896,48.9954337899543,Minor_Damage_And_Injuries,22,0.387876667868734,1
9599,3,0.147062137926573,78.16,59.6171376481313,18,29492.566397426002,24.383561643835602,Significant_Damage_And_Serious_Injuries,6,0.273560043274432,2
7261,4,0.0592921596021897,79.15,62.944393801276206,12,31875.4521246688,32.511415525114195,Highly_Fatal_And_Damaging,9,0.63021348719798,0
5404,1,1.56177524617291,77.94,74.74931631722879,15,42573.9353524322,23.424657534246602,Highly_Fatal_And_Damaging,23,0.532124774612333,2
3734,3,0.13646185388676402,78.49,58.7511394712853,19,27487.688802433197,18.904109589041102,Significant_Damage_And_Serious_Injuries,8,0.44593653083303203,3
7499,4,0.0557229960185177,80.19,64.3117593436645,18,30175.046833121498,33.013698630137,Minor_Damage_And_Injuries,2,0.449903353768481,0
11418,3,0.160237023074609,77.81,76.9371011850502,12,32158.99176163,41.1415525114155,Significant_Damage_And_Serious_Injuries,0,0.40013775694194004,4
1133,3,0.145942988462053,77.04,72.7894257064722,6,29146.6878538815,73.37899543379001,Minor_Damage_And_Injuries,2,0.331980526505589,2
7935,3,0.15110353553781303,78.64,52.9170464904284,14,30464.232857824398,37.4429223744292,Minor_Damage_And_Injuries,4,0.325849981968986,2
3292,5,0.0154811954456512,80.36,81.5861440291705,11,23758.0297826798,69.36073059360729,Significant_Damage_And_Fatalities,31,0.226679408582762,1
2130,2,0.48844605168649396,75.69,80.4010938924339,17,36467.424240907596,36.8493150684931,Minor_Damage_And_Injuries,7,0.243628561125135,2
12463,4,0.0618771557932251,76.63,68.64175022789429,10,33945.4313005177,37.4885844748858,Highly_Fatal_And_Damaging,0,0.33306238730616605,2
12074,3,0.189029307357235,78.03,70.82953509571558,15,37868.6045618699,33.013698630137,Significant_Damage_And_Serious_Injuries,0,0.313228272628922,3
3179,3,0.160237023074609,81.53,66.4539653600729,12,32349.2373608048,41.9634703196347,Significant_Damage_And_Serious_Injuries,2,0.42393869455463395,1
9921,1,1.36336943621395,77.41,45.1686417502279,11,36638.3487690938,38.310502283105,Significant_Damage_And_Fatalities,2,0.5433040028849621,4
3103,7,0.0032737912486277302,78.24,66.362807657247,14,34641.5118628154,60.0,Significant_Damage_And_Fatalities,17,0.319719437432383,4
12228,3,0.138895000959278,78.55,34.9134001823154,9,28014.7185262694,52.9680365296804,Minor_Damage_And_Injuries,3,0.61939487919221,2
1536,6,0.00716115285602777,75.58,59.7538742023701,12,30312.6031560311,42.5114155251142,Significant_Damage_And_Serious_Injuries,4,0.49389902632527904,1
8654,4,0.0304735173357446,76.92,67.4111212397448,15,16629.6337259716,55.0228310502283,Significant_Damage_And_Fatalities,4,0.491735304724126,2
6268,1,0.982298600892843,80.44,65.0865998176846,15,26762.071296217797,20.3196347031963,Highly_Fatal_And_Damaging,1,0.523469888207717,2
8935,3,0.19619098620071304,80.96,62.625341841385605,19,39157.259381573196,45.0228310502283,Significant_Damage_And_Fatalities,4,0.30313090515687,1
11702,3,0.128131027077609,77.73,85.5970829535096,11,25735.8047537328,46.4840182648402,Significant_Damage_And_Serious_Injuries,2,0.3629938694554629,3
4296,4,0.0803234247115428,78.01,63.3546034639927,13,43459.9317547451,41.780821917808204,Significant_Damage_And_Serious_Injuries,11,0.298442841687703,4
11397,4,0.0586465282610382,77.52,71.6043755697357,5,32124.9732288063,55.7534246575342,Highly_Fatal_And_Damaging,7,0.243989181391994,2
1229,7,0.00371635357795485,81.92,68.0948040109389,17,40677.5102914524,51.598173515981706,Significant_Damage_And_Fatalities,1,0.452067075369635,3
1165,5,0.0101667407392639,75.8,76.8915223336372,10,17382.2184242078,61.0045662100457,Minor_Damage_And_Injuries,1,0.426823656689506,1
9015,2,0.42687048810901,81.83,63.6736554238833,12,31503.4535809663,56.027397260274,Minor_Damage_And_Injuries,13,0.25841399206635396,2
8602,7,0.0032646245817578,78.16,75.7976298997265,11,36485.4300529179,72.00913242009129,Significant_Damage_And_Fatalities,7,0.272117562206996,3
5025,4,0.0771509846485153,81.44,66.22607110300821,8,42414.403832472795,46.25570776255711,Highly_Fatal_And_Damaging,8,0.45639451857194396,1
1002,3,0.149717568801361,77.52,84.91340018231541,13,30095.00139223,51.598173515981706,Minor_Damage_And_Injuries,9,0.21441831950955603,2
5305,7,0.00417600932533172,81.82,0.0,16,45290.8837505859,50.22831050228311,Significant_Damage_And_Serious_Injuries,7,0.600282005048683,3
7861,2,0.5768310721770981,76.17,76.5724703737466,19,42688.636920867204,42.100456621004604,Significant_Damage_And_Fatalities,0,0.281854309412189,3
3214,4,0.0628420887479155,82.53,76.6180492251596,12,34589.1544020152,33.1963470319635,Highly_Fatal_And_Damaging,14,0.371648755860079,0
1617,3,0.151672484406703,79.2,79.2616226071103,15,30586.407239901,32.8767123287671,Significant_Damage_And_Serious_Injuries,5,0.224876307248467,2
2335,6,0.00957553756891347,86.96,82.9079307201459,16,37974.194193579904,30.958904109589,Significant_Damage_And_Serious_Injuries,0,0.337750450775333,1
8291,4,0.0480920835357794,83.96,79.2616226071103,15,26346.5048146761,32.9223744292237,Significant_Damage_And_Serious_Injuries,5,0.272838802740714,2
2858,5,0.0283736145115423,80.48,58.02187784867821,9,42528.1341777868,54.5205479452055,Significant_Damage_And_Serious_Injuries,3,0.402301478543094,2
11531,5,0.0165265950657187,79.01,77.3473108477666,20,26233.4523381533,2.7397260273972597,Highly_Fatal_And_Damaging,0,0.23894049765596803,3
3177,4,0.0641501985769842,82.49,83.8195077484048,13,35048.0265895625,27.945205479452,Highly_Fatal_And_Damaging,0,0.283296790479625,1
5969,3,0.15149360081567903,75.68,63.9927073837739,16,30380.734554979303,30.6849315068493,Significant_Damage_And_Serious_Injuries,6,0.322604399567255,1
10919,7,0.00377863861967735,81.71,61.5314494074749,14,45795.5029606522,58.9954337899543,Significant_Damage_And_Fatalities,25,0.427905517490083,0
10383,2,0.498635558744046,76.46,72.926162260711,14,36906.169904483395,48.8584474885845,Minor_Damage_And_Injuries,17,0.363715109989181,4
10384,6,0.0100354495895122,79.08,66.3172288058341,8,39269.0539266116,55.342465753424705,Significant_Damage_And_Serious_Injuries,10,0.28726361341507395,2
3923,3,0.0993228008242308,80.22,68.003646308113,15,20061.5449045476,34.7488584474886,Significant_Damage_And_Serious_Injuries,7,0.253004688063469,2
6619,3,0.13103602789485302,80.92,73.2907930720146,12,26266.3679590952,44.7488584474886,Significant_Damage_And_Serious_Injuries,3,0.27139632167327804,1
5660,6,0.0101532118856562,84.13,53.1905195989061,9,41870.0262217125,54.5205479452055,Minor_Damage_And_Injuries,0,0.575759826902272,3
4675,2,0.378611274088549,86.42,56.1531449407475,12,27829.018305886602,57.077625570776206,Highly_Fatal_And_Damaging,5,0.40518644067796605,2
10297,5,0.0292830716747344,78.5,60.9845031905196,15,43319.3836375384,46.25570776255711,Minor_Damage_And_Injuries,10,0.516978723404255,1
11390,4,0.0398260252450034,84.94,39.8359161349134,14,21720.5738257697,24.657534246575302,Significant_Damage_And_Fatalities,11,0.557368193292463,5
7010,7,0.00168586797100002,79.63,74.0200546946217,12,22336.4072040184,67.1232876712329,Significant_Damage_And_Fatalities,15,0.18520807789397797,1
7893,3,0.0782363458011667,77.36,78.8969917958068,17,15865.8721701261,27.397260273972602,Significant_Damage_And_Serious_Injuries,2,0.36768193292463,3
1661,5,0.0217919427663462,82.44,93.66453965360078,15,32529.764404340498,44.4292237442922,Minor_Damage_And_Injuries,3,0.23100685178507,1
11596,1,1.19173458023308,76.27,75.432999088423,12,32539.845101990497,33.2420091324201,Highly_Fatal_And_Damaging,7,0.322604399567255,1
10899,2,0.570660424199921,78.22,65.3600729261623,10,42036.965273558904,61.2785388127854,Minor_Damage_And_Injuries,1,0.45134583483591795,2
8974,7,0.0042971745609235,79.92,49.589790337283496,9,47232.0210882522,65.4337899543379,Significant_Damage_And_Serious_Injuries,7,0.52599423007573,2
5511,2,0.653014214204056,78.64,63.5824977210575,10,48285.8963648714,61.9634703196347,Minor_Damage_And_Injuries,1,0.482359177785791,2
9986,6,0.00292043448980012,76.12,45.897903372834996,19,4866.798542125829,42.0547945205479,Significant_Damage_And_Serious_Injuries,8,0.411316985214569,0
1345,6,0.0112910935761171,77.8,74.567000911577,15,46794.80628336519,32.100456621004604,Significant_Damage_And_Serious_Injuries,20,0.275723764875586,2
3199,6,0.0067000798171221,77.62,66.1349134001823,12,27780.2101903398,30.1826484018265,Highly_Fatal_And_Damaging,10,0.344241615578795,2
10912,5,0.0245406632757047,80.09,41.2488605287147,10,36061.4324647463,49.9086757990868,Minor_Damage_And_Injuries,1,0.505078254597908,3
11407,2,0.404577060303128,79.56,57.65724703737471,10,30028.2840811135,61.324200913241995,Minor_Damage_And_Injuries,1,0.399055896141363,1
12179,4,0.0434693964976293,79.11,53.8742023701003,15,23487.7294956704,21.8721461187215,Significant_Damage_And_Fatalities,13,0.36263324918860396,4
10155,3,0.11052304212998901,78.82,46.080218778486795,12,22169.208595891498,56.4383561643835,Highly_Fatal_And_Damaging,4,0.589463397042914,2
2916,4,0.0714856336544902,77.53,63.6736554238833,9,38976.3406797894,41.0958904109589,Highly_Fatal_And_Damaging,2,0.30168842408943397,2
18,1,1.5017863496592,79.79,55.0136736554239,12,40593.9088572889,32.3744292237443,Significant_Damage_And_Fatalities,21,0.46757374684457303,4
3139,6,0.00950376333512928,83.28,52.3245214220602,13,41837.5344215727,52.6027397260274,Highly_Fatal_And_Damaging,7,0.6341803101334289,1
5345,4,0.0745708540130751,80.98,68.003646308113,15,40619.7789673451,34.0182648401826,Significant_Damage_And_Serious_Injuries,0,0.3629938694554629,3
11185,3,0.185100239617324,79.79,85.4147675478578,7,37135.4299033652,49.6803652968036,Highly_Fatal_And_Damaging,5,0.27031446087270106,3
5851,3,0.13103602789485302,76.96,66.3172288058341,9,26277.0351261399,53.6529680365297,Significant_Damage_And_Serious_Injuries,10,0.41384132708258203,3
438,4,0.0489136113446081,79.08,68.3226982680037,10,26636.768566061,48.9041095890411,Significant_Damage_And_Serious_Injuries,7,0.134,2
3877,7,0.0019633697659015,78.55,94.21148587055609,13,22151.6148638974,50.5479452054795,Minor_Damage_And_Injuries,20,0.304212765957447,3
4740,1,1.04371906696974,80.86,62.7164995442115,22,28064.3546606062,1.4155251141552498,Highly_Fatal_And_Damaging,2,0.585496574107465,2
4745,1,0.887893341795068,78.72,62.1239744758432,16,24135.4433661131,17.5799086757991,Highly_Fatal_And_Damaging,1,0.491014064190407,4
11227,5,0.0321506743413185,74.82,54.557885141294406,15,45857.9659867691,19.6803652968037,Significant_Damage_And_Fatalities,3,0.34965091958168,1
3445,2,0.603019887158319,81.38,55.0592525068368,14,44557.47774983651,36.8493150684931,Minor_Damage_And_Injuries,3,0.585496574107465,4
4308,5,0.0253444907773519,78.12,71.1030082041933,11,36617.7244387796,58.401826484018294,Minor_Damage_And_Injuries,3,0.46757374684457303,3
6127,6,0.00919704057079272,79.77,60.1640838650866,11,35902.3547465078,46.5753424657534,Significant_Damage_And_Serious_Injuries,2,0.34027479264334604,3
8585,6,0.00869067328026623,80.9,74.74931631722879,14,34176.1227163592,37.5799086757991,Significant_Damage_And_Serious_Injuries,1,0.368403173458348,2
9507,3,0.14129402577841502,77.02,59.9817684594348,19,28554.7773720691,18.3561643835616,Significant_Damage_And_Serious_Injuries,7,0.286181752614497,0
8434,4,0.0499952747001813,81.62,70.5560619872379,13,27296.495090287597,26.2100456621005,Highly_Fatal_And_Damaging,2,0.482359177785791,1
12082,3,0.132616661769745,82.06,78.07657247037379,14,26674.9433945282,23.4703196347032,Highly_Fatal_And_Damaging,0,0.39797403534078596,2
8559,3,0.0447153366816364,77.86,35.824977210574296,19,8400.182529794649,20.8675799086758,Minor_Damage_And_Injuries,3,0.8819264334655601,1
11014,2,0.4063886331226961,77.61,64.8131267092069,11,29989.750197918398,58.1278538812785,Minor_Damage_And_Injuries,7,0.52599423007573,3
7689,4,0.0484091511222673,78.64,78.1221513217867,5,26248.7929504245,68.1278538812785,Highly_Fatal_And_Damaging,0,0.34388099531193606,0
1296,4,0.0597560868165434,82.81,66.3172288058341,10,32578.594353098102,36.7579908675799,Highly_Fatal_And_Damaging,6,0.5479920663541289,2
7737,6,0.00859812387587467,80.03,71.6955332725615,12,33980.6616754711,43.7899543378995,Significant_Damage_And_Serious_Injuries,10,0.314310133429499,1
4447,6,0.00656903894305681,78.85,66.22607110300821,11,27563.6657696117,46.1643835616438,Significant_Damage_And_Serious_Injuries,10,0.440887847097007,1
176,2,0.214957084741899,81.42,56.7456700091158,18,16099.4774068421,44.885844748858396,Significant_Damage_And_Serious_Injuries,4,0.46937684817886705,3
4929,5,0.0229899149310431,79.49,64.9042844120328,7,33858.6794591848,70.5022831050228,Minor_Damage_And_Injuries,44,0.588742156509196,1
8311,4,0.0633404852395013,85.17,53.327256153145,14,34446.9762238693,23.4703196347032,Significant_Damage_And_Fatalities,8,0.392204111071042,3
3121,3,0.0594495856748826,78.99,45.8067456700091,15,11809.795062478,46.3470319634703,Highly_Fatal_And_Damaging,2,0.6579812477461229,2
1342,7,0.00309591976936673,76.13,47.9033728350046,17,33350.4681813235,26.0730593607306,Minor_Damage_And_Injuries,1,0.42970861882437794,3
4104,6,0.00542982922464727,77.67,48.222424794895204,13,22131.7362773227,40.7305936073059,Minor_Damage_And_Injuries,0,0.516978723404255,3
11930,4,0.0526430497150514,78.52,60.1185050136736,11,29545.4263401468,45.15981735159821,Significant_Damage_And_Serious_Injuries,6,0.329095564370718,3
12275,2,0.404577060303128,77.47,74.3391066545123,16,30017.310608521402,39.9543378995434,Minor_Damage_And_Injuries,0,0.23930111792282702,1
3076,3,0.19317864124128897,79.42,65.1777575205105,13,38658.5692752129,41.1872146118721,Significant_Damage_And_Serious_Injuries,7,0.37092751532636103,3
9760,3,0.0627235617216595,81.37,73.1540565177758,13,12474.3600009115,38.675799086758,Significant_Damage_And_Serious_Injuries,14,0.33450486837360305,2
8260,4,0.0443042071804465,79.69,75.7976298997265,19,24442.0329952916,6.575342465753419,Highly_Fatal_And_Damaging,6,0.37597619906238705,1