Accident_ID,Accident_Type_Code,Adverse_Weather_Metric,Cabin_Temperature,Control_Metric,Days_Since_Inspection,Max_Elevation,Safety_Score,Severity,Total_Safety_Complaints,Turbulence_In_gforces,Violations
9061,2,0.579229481985553,79.22,72.0145852324522,14,42622.3715192289,48.4474885844749,Minor_Damage_And_Injuries,6,0.35109340064911604,2
3366,2,0.48844605168649396,88.4,70.1458523245214,9,36389.9128217396,65.8447488584475,Minor_Damage_And_Injuries,18,0.301327803822575,4
4572,3,0.11037399040250902,79.8,73.2452142206017,16,22172.7226577113,19.1780821917808,Highly_Fatal_And_Damaging,4,0.23894049765596803,2
11886,5,0.025353860841502998,77.32,70.6472196900638,14,36343.4164886713,59.04109589041099,Significant_Damage_And_Fatalities,2,0.43295420122610906,2
4802,3,0.0840330252227932,78.55,69.5989061075661,13,16902.3486971747,39.908675799086794,Significant_Damage_And_Serious_Injuries,3,0.31214641182834496,2
9868,4,0.0634463747371802,78.22,51.8231540565178,13,34711.4746197655,40.821917808219204,Significant_Damage_And_Serious_Injuries,0,0.491014064190407,2
9650,7,0.00170172802667714,81.62,68.7329079307201,8,21703.2159005865,81.4611872146119,Significant_Damage_And_Fatalities,0,0.199632888568337,3
2722,7,0.003992843623840021,78.31,57.155879671832295,11,46975.2757673933,70.5479452054795,Significant_Damage_And_Serious_Injuries,1,0.4985870897944461,2
8580,2,0.52322078087498,78.78,63.719234275296294,17,38615.126561795696,38.6301369863014,Minor_Damage_And_Injuries,2,0.32080129823296005,1
301,4,0.0581459892078883,81.89,52.0510483135825,11,31317.092105583703,33.9269406392694,Significant_Damage_And_Fatalities,7,0.42249621348719796,3
8384,7,0.00247774512911839,77.36,65.7247037374658,17,27607.9009089188,13.789954337899498,Highly_Fatal_And_Damaging,5,0.19350234403173397,2
5925,4,0.0688968672168701,77.3,66.5907019143118,20,37616.414931202904,27.4885844748858,Minor_Damage_And_Injuries,17,0.38030364226469504,2
12146,4,0.0609647807572276,79.85,77.93983591613491,11,33492.6098878444,34.474885844748805,Highly_Fatal_And_Damaging,8,0.24579228272628895,2
9703,2,0.40359393619200296,77.19,71.0118505013674,15,29821.782357109503,21.369863013698602,Highly_Fatal_And_Damaging,5,0.350011539848539,3
5411,3,0.21561080303091198,75.55,64.2661804922516,15,43075.3746959144,33.287671232876704,Significant_Damage_And_Serious_Injuries,10,0.462525063108547,2
5351,6,0.005452119072786039,78.33,56.7000911577028,9,21995.418195127997,78.58447488584471,Significant_Damage_And_Serious_Injuries,14,0.5029145329967539,3
5378,3,0.264749960840887,77.27,69.37101185050139,7,58297.4802661454,47.899543378995396,Highly_Fatal_And_Damaging,18,0.440887847097007,2
9663,2,0.5323831645572229,82.71,53.6918869644485,16,39434.2561052846,40.5479452054794,Highly_Fatal_And_Damaging,11,0.548713306887847,4
4553,6,0.00752595590486754,79.58,71.64995442114859,9,29978.3820723515,54.7488584474886,Significant_Damage_And_Serious_Injuries,15,0.324046880634692,1
2319,2,0.47115359277493,80.33,71.19416590701921,15,34832.0201532778,45.9817351598173,Minor_Damage_And_Injuries,3,0.243267940858276,4
11826,5,0.0197205962790744,77.94,70.8751139471286,12,29552.5881772079,55.5251141552511,Minor_Damage_And_Injuries,2,0.46757374684457303,2
6580,4,0.0596258332041847,76.78,76.7547857793984,16,32791.8421914493,17.2602739726027,Highly_Fatal_And_Damaging,14,0.28437865128020196,1
11134,4,0.0491943253022702,77.02,57.520510483135794,13,27034.8776966234,63.8356164383562,Significant_Damage_And_Fatalities,3,0.44737901190046897,3
1372,4,0.0578632306636776,77.53,73.0628988149499,14,31335.4768243775,25.570776255707802,Highly_Fatal_And_Damaging,10,0.27500252434186795,1
9678,1,1.79913125355139,82.27,51.5952597994531,13,48583.5486330922,28.4018264840183,Significant_Damage_And_Fatalities,14,0.7856408222142092,2
1979,2,0.55559389881049,79.45,71.19416590701921,15,41118.8952653631,46.4840182648402,Minor_Damage_And_Injuries,3,0.38607356653443897,1
8963,6,0.007811180941728159,77.49,80.35551504102101,15,32761.0172950414,33.7442922374429,Significant_Damage_And_Serious_Injuries,0,0.283296790479625,3
9542,6,0.0117758107745166,82.82,59.0701914311759,13,47132.95710729981,40.091324200913206,Significant_Damage_And_Serious_Injuries,16,0.44701839163360996,2
9731,4,0.0638525434029938,83.17,73.0173199635369,16,35121.5544506946,19.041095890411,Highly_Fatal_And_Damaging,1,0.20432095203750503,3
1247,6,0.00645951923367222,79.57,56.8368277119417,20,26238.3376242275,30.776255707762605,Highly_Fatal_And_Damaging,0,0.378139920663541,2
9525,2,0.488383082664174,79.23,59.9817684594348,17,36657.8455729123,38.4474885844749,Minor_Damage_And_Injuries,9,0.28365741074648404,2
3444,3,0.200404041434698,76.11,71.9234275296263,14,40239.880261881095,38.767123287671204,Significant_Damage_And_Serious_Injuries,5,0.18304435629282395,2
704,2,0.273757873803231,84.53,76.5268915223336,16,20313.4761672518,19.1780821917808,Highly_Fatal_And_Damaging,15,0.28437865128020196,2
2248,5,0.0311311252022979,76.64,72.7438468550593,9,47141.2263132954,66.8036529680365,Minor_Damage_And_Injuries,2,0.18052001442481,2
4768,5,0.0223891616717182,76.11,74.4302643573382,4,32357.7193147393,58.4931506849315,Significant_Damage_And_Serious_Injuries,5,0.330898665705012,3
9420,7,0.00307549916899895,78.09,68.0948040109389,20,36310.4576909527,37.5342465753425,Significant_Damage_And_Fatalities,1,0.527797331410025,3
272,3,0.222453976681263,80.09,78.0309936189608,13,45294.83047061651,62.511415525114096,Significant_Damage_And_Fatalities,29,0.27103570140641897,2
4087,2,0.36552924828075295,82.26,81.4038286235187,11,26993.9576251546,57.1232876712329,Minor_Damage_And_Injuries,10,0.23425243418680103,2
6642,4,0.0353204941879463,77.42,62.07839562443029,16,19618.548566256002,18.1278538812785,Highly_Fatal_And_Damaging,7,0.494980887125856,2
11052,5,0.0229899149310431,77.85,59.2980856882407,17,34587.8862136885,39.726027397260296,Minor_Damage_And_Injuries,3,0.538976559682654,2
12441,2,0.373623459926084,76.9,52.3245214220602,17,27549.6797423815,38.4474885844749,Highly_Fatal_And_Damaging,0,0.43331482149296796,2
1268,3,0.15796767996914401,76.76,70.82953509571558,14,31335.4768243775,37.3972602739726,Significant_Damage_And_Serious_Injuries,10,0.276805625676163,1
10593,6,0.00986079867568313,78.78,73.2907930720146,12,40538.7808167345,41.1415525114155,Significant_Damage_And_Serious_Injuries,3,0.308900829426614,4
9616,2,0.45885903355730295,80.42,79.17046490428442,10,33976.455314444596,59.77168949771689,Minor_Damage_And_Injuries,17,0.36119076812116796,2
12244,6,0.0102445448171566,79.93,88.4685505925251,15,38116.5516912975,44.337899543379,Minor_Damage_And_Injuries,5,0.22920375045077498,1
5551,5,0.0142168823219349,75.69,73.9288969917958,12,21532.3463857748,55.890410958904106,Minor_Damage_And_Injuries,5,0.23280995311936498,3
1641,3,0.147855294184092,80.07,85.5970829535096,12,29715.391097543197,32.1461187214612,Highly_Fatal_And_Damaging,14,0.31214641182834496,2
7287,1,1.74851946088815,77.53,60.57429352780311,16,46755.5164453914,18.310502283105,Highly_Fatal_And_Damaging,7,0.39508907320591397,3
5911,7,0.00243360517719337,86.18,68.1403828623519,12,24953.1382552467,53.8812785388128,Minor_Damage_And_Injuries,1,0.215860800576992,1
8953,3,0.17089911377233,81.23,68.91522333637201,12,34172.776389764396,42.8767123287671,Significant_Damage_And_Serious_Injuries,3,0.325849981968986,1
11093,6,0.0107998469185804,83.22,47.265268915223395,10,42615.8389199835,48.2648401826484,Minor_Damage_And_Injuries,3,0.416005048683736,3
1698,2,0.458227397462646,78.47,54.8313582497721,13,33905.3514045601,50.7305936073059,Highly_Fatal_And_Damaging,0,0.462525063108547,2
7892,4,0.0523085891514352,81.01,63.90154968094811,15,28465.3542383815,23.378995433789896,Highly_Fatal_And_Damaging,4,0.401580238009376,2
12407,7,0.00329707578895693,77.11,75.47857793983592,13,35683.7170907573,40.6392694063927,Significant_Damage_And_Serious_Injuries,8,0.39292535160476,2
10526,2,0.6065916954390029,87.79,83.8195077484048,15,44941.580982511696,46.1643835616438,Minor_Damage_And_Injuries,17,0.289427335016228,3
9411,4,0.0533411083739841,78.76,50.6836827711942,6,29518.6129237704,52.3744292237443,Significant_Damage_And_Fatalities,2,0.596675802380094,3
5650,1,1.35974356514467,77.12,49.13400182315411,14,36597.9702560012,47.899543378995396,Highly_Fatal_And_Damaging,21,0.804753696357736,0
997,1,1.7872888721267501,79.76,88.24065633546041,8,48905.45793541481,44.84018264840179,Highly_Fatal_And_Damaging,6,0.18556869816083602,4
5416,7,0.00309591976936673,85.61,57.520510483135794,14,32475.3941981611,59.2694063926941,Significant_Damage_And_Fatalities,5,0.35109340064911604,1
474,4,0.0536168001945233,78.84,65.49680948040111,23,28976.8387515777,20.5936073059361,Minor_Damage_And_Injuries,6,0.19494482509917002,2
3763,2,0.569552534009889,77.44,49.2707383773929,10,42231.8232408344,63.6529680365297,Highly_Fatal_And_Damaging,13,0.687191489361702,0
8502,2,0.304127714807532,78.91,52.142206016408394,12,22671.8172128642,41.9178082191781,Minor_Damage_And_Injuries,0,0.522748647673999,1
955,6,0.0114943524785138,80.67,52.9626253418414,18,47124.2411106397,25.251141552511395,Minor_Damage_And_Injuries,17,0.509045077533357,2
3090,4,0.0659090451540448,77.83,68.4138559708295,14,36305.7929992729,24.6118721461187,Highly_Fatal_And_Damaging,16,0.417086909484313,2
3777,1,0.7424356054558209,81.48,84.8678213309025,14,20210.9647367577,37.077625570776206,Significant_Damage_And_Serious_Injuries,14,0.31214641182834496,2
7544,4,0.0648203926610396,78.32,60.6198723792161,8,35828.5368182915,43.7899543378995,Highly_Fatal_And_Damaging,1,0.48524413992066295,1
2291,1,1.0008814089997902,76.63,58.6599817684595,19,27179.8728762575,41.643835616438295,Significant_Damage_And_Fatalities,12,0.462164442841687,4
10534,1,1.28056792439571,84.03,61.0300820419326,7,34780.4818508316,60.136986301369895,Significant_Damage_And_Serious_Injuries,20,0.35361774251712896,2
541,3,0.164857538935295,79.31,88.4685505925251,12,33367.412070855804,32.1461187214612,Highly_Fatal_And_Damaging,6,0.245071042192571,3
10242,3,0.237190414799633,83.5,84.8678213309025,16,47530.90621489679,30.9132420091324,Significant_Damage_And_Serious_Injuries,0,0.33306238730616605,4
5267,3,0.14495968838690196,76.37,45.487693710118506,6,29313.432834349198,63.3333333333333,Minor_Damage_And_Injuries,7,0.5209455463397039,3
9152,1,1.2628155404651598,79.36,86.64539653600728,9,34371.5426025527,42.9680365296804,Highly_Fatal_And_Damaging,6,0.23136747205192898,3
6481,7,0.00294921862398122,83.94,67.36554238833179,13,35683.7170907573,40.2283105022831,Significant_Damage_And_Serious_Injuries,12,0.37489433826181,0
11246,6,0.0150402899314281,79.99,79.03372835004559,13,55177.525841171504,40.5479452054794,Significant_Damage_And_Serious_Injuries,7,0.249759105661738,1
4346,4,0.0533984110646786,79.75,69.7812215132179,10,29545.4263401468,51.232876712328796,Significant_Damage_And_Serious_Injuries,6,0.35109340064911604,0
10805,1,1.48431579962055,81.93,57.520510483135794,5,40114.3609726391,55.662100456621,Highly_Fatal_And_Damaging,4,0.296279120086549,2
11821,6,0.0105311041601846,78.82,72.5159525979946,15,44036.814661343094,34.0639269406393,Significant_Damage_And_Serious_Injuries,3,0.31935881716552506,2
10160,4,0.0497908075164823,76.61,80.4466727438469,17,27464.488778077,14.246575342465698,Highly_Fatal_And_Damaging,0,0.249398485394879,1
7532,6,0.00952310647454607,76.09,77.4840474020055,11,37915.6428001746,47.5799086757991,Significant_Damage_And_Serious_Injuries,1,0.37273061666065604,4
6403,1,1.19173458023308,82.53,50.7748404740201,12,32227.7131370942,33.1963470319635,Significant_Damage_And_Fatalities,6,0.553401370357014,2
4203,2,0.25113857299452697,77.89,69.91795806745671,15,18466.4302483408,46.4383561643836,Minor_Damage_And_Injuries,7,0.438002884962135,1
4829,4,0.0775419698101819,80.03,69.4165907019143,13,42416.270428752796,52.1917808219178,Minor_Damage_And_Injuries,7,0.32368626036783194,3
4178,3,0.182025377886897,80.46,61.0300820419326,18,36405.033044569,24.703196347031998,Significant_Damage_And_Serious_Injuries,4,0.40771078254597903,3
1580,7,0.0037500668344686897,78.7,65.1321786690975,14,47024.425614347696,59.5433789954338,Significant_Damage_And_Fatalities,1,0.304573386224305,1
10785,3,0.140626767258425,80.83,65.7247037374658,12,28320.7285987516,41.780821917808204,Significant_Damage_And_Serious_Injuries,9,0.41925063108546706,0
11136,7,0.00267114760160348,79.68,78.6235186873291,12,28815.0595298404,67.6712328767123,Significant_Damage_And_Fatalities,1,0.326210602235846,1
8199,4,0.0650123225532149,84.02,70.37374658158609,10,35862.1682875726,49.2694063926941,Significant_Damage_And_Serious_Injuries,4,0.325849981968986,2
3737,4,0.0679645047747395,79.8,72.33363719234279,15,37664.9213225571,32.8310502283105,Significant_Damage_And_Serious_Injuries,7,0.41348070681572296,0
1485,4,0.0885355613395593,79.14,69.9635369188697,11,48242.6024819237,33.972602739726,Highly_Fatal_And_Damaging,4,0.30637648755860103,3
7641,3,0.160231707920052,81.46,67.0464904284412,12,32349.2373608048,43.01369863013699,Significant_Damage_And_Serious_Injuries,4,0.414923187883159,1
6971,6,0.00692026563628655,80.34,68.1403828623519,9,26340.2994819596,55.0228310502283,Significant_Damage_And_Serious_Injuries,1,0.253365308330328,2
3002,4,0.0708873270749383,79.71,83.54603463992709,14,38300.782533084704,26.027397260274,Highly_Fatal_And_Damaging,0,0.283296790479625,1
6067,3,0.189062380253031,80.52,62.1239744758432,12,38081.2358451794,29.7716894977169,Highly_Fatal_And_Damaging,7,0.4444940497655971,3
7797,2,0.452214632161678,83.84,60.665451230628996,9,33231.616912028396,64.2922374429224,Minor_Damage_And_Injuries,0,0.38715542733501596,2
5168,6,0.00706945023006998,81.23,61.485870556062004,9,28985.720868853998,52.9680365296804,Significant_Damage_And_Serious_Injuries,6,0.448100252434187,1
8304,1,1.04519049130943,82.21,73.33637192342749,12,28193.962254837003,31.6438356164384,Highly_Fatal_And_Damaging,1,0.43331482149296796,2
8967,5,0.0151268704731323,77.51,67.4567000911577,11,23467.081784370697,72.1461187214612,Significant_Damage_And_Fatalities,9,0.30637648755860103,2
6598,4,0.0405516045635434,84.45,53.5095715587967,14,22442.659078449502,22.922374429223698,Significant_Damage_And_Fatalities,7,0.47226181031373904,2
8734,2,0.416733810413223,77.26,83.54603463992709,10,30684.6725583661,61.41552511415521,Minor_Damage_And_Injuries,2,0.3597482870537321,4
8890,4,0.0202641811876667,80.83,76.207839562443,6,9125.609625630279,52.100456621004604,Highly_Fatal_And_Damaging,7,0.276805625676163,3
3487,4,0.0664512614802825,78.76,64.5852324521422,13,36375.38646361,39.908675799086794,Significant_Damage_And_Serious_Injuries,2,0.260938333934367,2
11327,3,0.162085006509895,80.39,62.8988149498633,13,32472.0736609725,26.3013698630137,Highly_Fatal_And_Damaging,13,0.40662892174540205,0
4127,1,1.4493021367043102,83.76,55.2871467639016,15,39289.2195249257,34.1552511415525,Minor_Damage_And_Injuries,3,0.647523260007212,4
7649,3,0.19246968315088298,83.28,55.6061987237922,3,38538.5523033851,72.5570776255708,Minor_Damage_And_Injuries,44,0.539697800216372,3
12104,1,0.9785787680736759,79.85,56.608933454877004,18,26302.9323489945,10.502283105022801,Highly_Fatal_And_Damaging,31,0.27969058781103495,2
10488,5,0.0240574874578318,78.67,62.7620783956244,12,35985.1193586182,65.7534246575342,Significant_Damage_And_Fatalities,7,0.47190119004688,4
11637,3,0.159761620379677,76.4,63.3546034639927,13,32310.924239762597,40.6392694063927,Significant_Damage_And_Serious_Injuries,11,0.421053732419762,0
5887,1,1.49336645053839,77.93,55.651777575205095,11,40389.7984746736,46.4383561643836,Minor_Damage_And_Injuries,0,0.44485467003245505,3
11934,3,0.209340192839862,76.13,66.362807657247,9,42123.0103504445,54.5205479452055,Significant_Damage_And_Serious_Injuries,0,0.41961125135232596,2
5383,5,0.0353194524101037,80.7,68.5961713764813,15,52015.794424162596,45.433789954337904,Minor_Damage_And_Injuries,14,0.34027479264334604,2
10898,2,0.501428821012912,76.02,74.74931631722879,12,37164.6419753701,31.6438356164384,Highly_Fatal_And_Damaging,2,0.20179661016949102,2
7012,3,0.13646185388676402,83.45,62.7164995442115,11,27486.6947438252,45.296803652967995,Significant_Damage_And_Serious_Injuries,4,0.425020555355211,3
5372,7,0.00340300794355129,81.81,51.4585232452142,8,40528.3297651214,79.1780821917808,Significant_Damage_And_Serious_Injuries,0,0.606412549585286,3
11965,3,0.21561080303091198,81.63,78.4867821330902,15,43072.4817444043,33.2420091324201,Significant_Damage_And_Serious_Injuries,0,0.37633681932924606,2
6180,6,0.009890619145081998,77.38,62.1239744758432,14,40226.1782629885,37.5342465753425,Significant_Damage_And_Serious_Injuries,6,0.4444940497655971,3
7971,6,0.00842757143418226,79.28,73.4275296262534,11,33944.6431410097,35.4337899543379,Highly_Fatal_And_Damaging,14,0.395810313739632,3
8785,2,0.420554790386963,78.9,70.1914311759344,11,30842.466645300898,33.9269406392694,Highly_Fatal_And_Damaging,2,0.33161990623873,3
453,2,0.485968993616324,78.91,79.2160437556974,15,35815.5275372957,44.4292237442922,Minor_Damage_And_Injuries,2,0.31034331049404995,2
8716,7,0.00217265829817744,77.46,70.82953509571558,12,24423.5752794527,66.25570776255711,Significant_Damage_And_Fatalities,14,0.382467363865849,4
10083,2,0.691152160528896,78.34,69.73564266180489,17,51069.6208704514,50.0456621004566,Significant_Damage_And_Fatalities,0,0.33702921024161503,1
3358,7,0.0032011061219487,77.19,56.79124886052871,12,33372.8197860987,54.0182648401826,Highly_Fatal_And_Damaging,1,0.572514244500541,4
3815,1,1.2119543063583997,80.12,45.897903372834996,15,32718.3677403417,31.324200913242002,Minor_Damage_And_Injuries,2,0.560253155427335,2
2570,6,0.00729169360955055,80.98,56.335460346399294,7,29365.0114975677,59.5433789954338,Minor_Damage_And_Injuries,28,0.560974395961053,1
3323,3,0.132638956145098,81.52,76.7547857793984,13,26632.0129708879,40.593607305936104,Significant_Damage_And_Serious_Injuries,1,0.24290732059141698,4
4167,3,0.155972033378461,83.37,73.0628988149499,10,31603.8816790219,50.50228310502279,Significant_Damage_And_Serious_Injuries,2,0.254807789397764,3
10245,5,0.0264809794842174,77.44,51.00273473108479,7,40193.9641196735,60.4566210045662,Significant_Damage_And_Serious_Injuries,33,0.7686916696718359,3
1497,2,0.6276697089600649,82.34,66.8641750227894,15,45992.7707754917,46.1643835616438,Minor_Damage_And_Injuries,17,0.35109340064911604,1
1043,3,0.211178175574612,78.71,74.52142206016408,12,42777.4259397778,42.191780821917796,Significant_Damage_And_Serious_Injuries,4,0.58729967544176,1
6304,3,0.161857417023106,82.03,57.474931631722896,12,32656.9970926707,42.283105022831,Significant_Damage_And_Serious_Injuries,4,0.43006923909123707,1
3187,2,0.330528596660346,77.67,43.072014585232495,17,24602.8187246127,14.4748858447489,Significant_Damage_And_Fatalities,3,0.45603389830508395,3
1414,1,1.25007868278081,77.86,79.9453053783045,13,33951.855836534305,27.8538812785388,Highly_Fatal_And_Damaging,2,0.40302271907681203,1
328,2,0.553503805823988,78.89,75.6153144940748,14,41118.8952653631,47.899543378995396,Minor_Damage_And_Injuries,19,0.39292535160476,1
11324,4,0.0732355607136367,80.27,56.1531449407475,18,39723.3329133428,24.063926940639302,Minor_Damage_And_Injuries,1,0.315752614496934,0
11044,3,0.17903915907143,81.73,80.4922515952598,8,35986.6918258484,56.62100456620999,Significant_Damage_And_Serious_Injuries,9,0.305294626758024,2
1767,6,0.00676841361533494,77.28,66.362807657247,13,26972.5039664084,38.8127853881278,Significant_Damage_And_Serious_Injuries,8,0.430790479624955,1
8309,5,0.0237065079134959,80.03,66.4539653600729,7,35167.7193661579,60.4566210045662,Significant_Damage_And_Serious_Injuries,20,0.346765957446808,2
12232,6,0.00566656035545686,81.62,74.29352780309941,9,21852.7135965614,53.5616438356164,Significant_Damage_And_Serious_Injuries,0,0.26490515686981597,5
8820,3,0.180345250583197,81.89,52.68915223336371,15,36172.4134212989,33.1050228310502,Minor_Damage_And_Injuries,23,0.46757374684457303,1
11441,7,0.00282277903157932,76.52,64.4484958979034,14,31355.0755976643,60.1826484018265,Significant_Damage_And_Fatalities,13,0.341356653443924,2
3370,4,0.0651636744257849,80.25,68.4138559708295,14,35460.2652816768,24.6118721461187,Highly_Fatal_And_Damaging,11,0.38823728813559294,2
9480,7,0.00237158769359753,78.46,49.042844120328205,12,24997.875259092598,65.4337899543379,Significant_Damage_And_Serious_Injuries,2,0.5436646231518211,3
11202,5,0.0199277151957828,76.87,72.0145852324522,14,29454.471556176803,48.9497716894977,Minor_Damage_And_Injuries,2,0.315752614496934,2
10188,7,0.00270472976860055,78.2,80.99361896080221,8,30806.3886256267,80.4566210045662,Significant_Damage_And_Fatalities,19,0.23100685178507,3
11236,1,1.27415056078853,79.6,37.511394712853296,16,34595.3633432901,17.305936073059403,Significant_Damage_And_Fatalities,1,0.6803397042913809,1
10637,2,0.3116315447563,85.04,65.1777575205105,16,23279.078346243703,16.4840182648402,Highly_Fatal_And_Damaging,0,0.312507032095204,3
4442,6,0.00736692430030834,77.62,70.6927985414767,17,29579.787941166298,26.575342465753398,Significant_Damage_And_Serious_Injuries,14,0.330177425171295,1
8386,3,0.233684409670316,80.75,71.42206016408392,14,47147.8297247954,36.4383561643836,Significant_Damage_And_Serious_Injuries,10,0.350011539848539,2
1921,4,0.0867404728643644,81.89,54.7857793983592,15,47102.061741995996,19.6803652968037,Significant_Damage_And_Fatalities,44,0.5130119004688061,0
7116,6,0.0093983482120637,84.96,43.072014585232495,13,38055.690377959705,51.0502283105023,Highly_Fatal_And_Damaging,3,0.729023440317345,1
4450,1,1.35005026474898,80.78,37.739288969918,15,37034.4056430355,22.648401826483997,Significant_Damage_And_Fatalities,5,0.5425827623512439,2
12387,3,0.21759602913393603,79.83,86.50865998176849,12,42885.390681345896,30.593607305936104,Highly_Fatal_And_Damaging,4,0.262380815001803,0
5716,2,0.146846222191999,79.6,63.6736554238833,10,11806.5506664532,60.136986301369895,Minor_Damage_And_Injuries,0,0.49462026685899696,2
3460,2,0.35232572373360105,83.07,68.9608021877849,12,26062.3673281312,54.109589041095894,Minor_Damage_And_Injuries,0,0.19891164803461897,3
6323,7,0.00310121839325321,75.68,79.9453053783045,13,35245.2033914192,27.1232876712329,Highly_Fatal_And_Damaging,2,0.26815073927154703,1
5023,7,0.00311862643459303,78.5,63.2634457611668,13,33393.2531864311,65.296803652968,Significant_Damage_And_Fatalities,1,0.32116191849982,1
5803,3,0.214762760356308,81.87,67.6845943482224,15,43568.4879176962,33.8356164383562,Significant_Damage_And_Serious_Injuries,2,0.29411539848539503,3
913,7,0.004949684969531611,81.14,74.567000911577,15,55638.9032967776,56.2100456621004,Significant_Damage_And_Fatalities,0,0.344241615578795,2
4067,6,0.00773978673494447,83.21,72.5159525979946,12,32779.54276883,65.4337899543379,Minor_Damage_And_Injuries,1,0.334865488640461,3
7424,3,0.17508976484247502,82.07,71.19416590701921,4,35044.208837477796,58.4931506849315,Significant_Damage_And_Serious_Injuries,4,0.40302271907681203,3
8552,2,0.209716720905563,78.23,89.51686417502279,16,16355.890560807,18.949771689497698,Highly_Fatal_And_Damaging,2,0.25985647313379,1
4030,6,0.0100523656008629,78.0,62.5341841385597,16,40951.9163301119,18.310502283105,Highly_Fatal_And_Damaging,9,0.39292535160476,3
7651,7,0.0034535908318688,86.3,45.62443026435739,13,37386.7912712908,63.8356164383562,Significant_Damage_And_Serious_Injuries,0,0.508684457266498,2
12149,5,0.0217946673291327,78.17,64.4484958979034,7,33111.5733657375,70.5479452054795,Minor_Damage_And_Injuries,1,0.25264406779661,2
8271,2,0.5153546303866889,77.0,60.5287146763902,15,38079.8427477091,43.37899543379001,Minor_Damage_And_Injuries,6,0.36119076812116796,1
6826,2,0.651116155858293,77.78,62.7620783956244,15,48111.33802557,43.105022831050206,Minor_Damage_And_Injuries,2,0.46829498737829,1
3291,6,0.006512845219099271,79.51,75.70647219690059,9,27093.0972739741,40.6392694063927,Highly_Fatal_And_Damaging,5,0.39761341507392695,1
2869,4,0.0544450648103602,77.19,68.7784867821331,15,29722.8399085569,22.8310502283105,Highly_Fatal_And_Damaging,7,0.41167760548142796,3
7162,1,1.4620024262600901,79.49,70.510483135825,16,39850.2140336444,18.949771689497698,Highly_Fatal_And_Damaging,7,0.253725928597187,2
3512,5,0.0319801345896946,83.6,74.52142206016408,13,47530.90621489679,50.7305936073059,Minor_Damage_And_Injuries,0,0.339192931842769,3
3376,4,0.0453050042984426,79.08,65.587967183227,13,24600.5650962669,27.1689497716895,Highly_Fatal_And_Damaging,0,0.58729967544176,3
9517,3,0.165002363929807,78.8,68.003646308113,15,33405.1525639135,33.287671232876704,Significant_Damage_And_Serious_Injuries,0,0.24002235845654502,2
8441,7,0.00413545404580896,86.47,47.17411121239739,6,47232.0210882522,98.40182648401829,Significant_Damage_And_Serious_Injuries,11,0.539697800216372,2
8093,1,0.51302895528027,78.92,57.520510483135794,20,13761.7202527562,4.65753424657534,Highly_Fatal_And_Damaging,1,0.34568409664623106,2
9709,2,0.5672011325946911,79.53,73.4731084776664,10,41708.64182517,61.0502283105023,Minor_Damage_And_Injuries,15,0.47370429138117603,1
2922,6,0.0129816301448266,76.52,45.897903372834996,20,50314.7204576381,40.365296803653,Significant_Damage_And_Serious_Injuries,8,0.411316985214569,3
427,6,0.00341841601177495,79.83,78.07657247037379,2,16209.2902996607,96.57534246575341,Significant_Damage_And_Fatalities,3,0.41420194734944105,3
906,2,0.30300731695565697,82.85,41.5679124886053,11,22443.893571404904,57.5342465753425,Highly_Fatal_And_Damaging,3,0.516978723404255,4
1995,2,0.569213825805112,83.41,76.4813126709207,16,42329.0179287936,41.7351598173516,Minor_Damage_And_Injuries,6,0.253725928597187,2
10265,6,0.0053428393020857,82.02,74.1567912488605,20,23270.133087707403,4.93150684931507,Highly_Fatal_And_Damaging,4,0.27031446087270106,1
11451,4,0.0804705844406809,78.52,81.7228805834093,11,44040.9929536786,34.8401826484018,Highly_Fatal_And_Damaging,0,0.325849981968986,2
10215,2,0.304127714807532,79.98,92.8896991795807,14,22558.3597330324,49.5890410958904,Minor_Damage_And_Injuries,2,0.134,1
7322,5,0.0281059369478195,78.7,61.3947128532361,14,41712.9089196373,37.260273972602704,Significant_Damage_And_Serious_Injuries,8,0.298803461954562,4
11825,2,0.623420577171322,81.86,60.9845031905196,15,45992.7707754917,46.6666666666667,Minor_Damage_And_Injuries,9,0.503996393797331,2
2991,6,0.00952310647454607,80.55,60.1640838650866,15,40233.9092796223,32.9223744292237,Significant_Damage_And_Serious_Injuries,2,0.318276956364948,2
5557,3,0.12586033490923598,78.7,53.7374658158614,11,25279.7240398423,37.077625570776206,Significant_Damage_And_Fatalities,4,0.34568409664623106,1
1779,3,0.103524311977327,78.54,62.944393801276206,10,20692.5240026338,49.5890410958904,Significant_Damage_And_Serious_Injuries,12,0.29519725928597196,1
11938,7,0.0042445268454015,80.03,73.3819507748405,7,43564.0944400642,83.6529680365297,Significant_Damage_And_Fatalities,21,0.43619978362784007,1
2477,4,0.0589535428536337,79.46,29.443938012762104,15,32429.458723446,20.2283105022831,Significant_Damage_And_Fatalities,3,0.7715766318067071,3