Accident_ID,Accident_Type_Code,Adverse_Weather_Metric,Cabin_Temperature,Control_Metric,Days_Since_Inspection,Max_Elevation,Safety_Score,Severity,Total_Safety_Complaints,Turbulence_In_gforces,Violations
6688,5,0.0268498356534474,78.67,60.027347310847794,18,37917.1797061165,35.753424657534204,Minor_Damage_And_Injuries,14,0.30854020915975394,1
1230,7,0.000367501300988579,84.4,73.4731084776664,13,14087.1313421428,50.0913242009132,Minor_Damage_And_Injuries,3,0.28870609448251,1
9296,3,0.171753655949522,77.85,73.60984503190521,8,34199.8915692623,55.342465753424705,Significant_Damage_And_Serious_Injuries,21,0.34965091958168,3
12197,7,0.00354472954428243,79.39,52.415679124886104,14,40757.0937838523,59.4520547945205,Significant_Damage_And_Serious_Injuries,8,0.40518644067796605,3
9952,3,0.160110192147785,77.33,71.0118505013674,20,32269.0683506148,28.2191780821918,Minor_Damage_And_Injuries,11,0.293394157951677,1
11565,7,0.0018293760999619102,83.34,81.8140382862352,15,20238.6378843825,45.205479452054796,Minor_Damage_And_Injuries,0,0.317916336098088,1
1139,7,0.00290154353926211,79.97,69.00638103919779,11,29171.211372128102,68.675799086758,Significant_Damage_And_Fatalities,15,0.331980526505589,4
12382,1,1.10323463410754,82.92,53.783044667274396,13,29989.0265842119,29.452054794520503,Significant_Damage_And_Fatalities,10,0.41636566895059496,2
5703,7,0.00228169437294458,81.27,79.3072014585233,13,25486.8254567764,61.461187214611904,Significant_Damage_And_Fatalities,11,0.254086548864046,3
3021,4,0.0541065660538752,85.3,75.25068368277121,13,29518.3315276388,27.579908675799103,Highly_Fatal_And_Damaging,30,0.300606563288856,2
2944,6,0.00713918772315649,79.59,64.3117593436645,17,29952.076015557002,26.575342465753398,Significant_Damage_And_Serious_Injuries,14,0.445215290299315,2
547,3,0.0970591864698041,79.14,44.165907019143106,15,18915.509024870702,45.4794520547945,Highly_Fatal_And_Damaging,3,0.571071763433105,2
288,6,0.00699570467874823,89.29,67.6845943482224,10,26335.223799634703,50.50228310502279,Significant_Damage_And_Serious_Injuries,4,0.507602596465921,2
1924,3,0.15270328714186202,81.73,80.7657247037375,8,30641.6477227636,58.2191780821918,Significant_Damage_And_Serious_Injuries,7,0.413120086548864,3
436,4,0.0623984755828219,77.18,57.8851412944394,17,34108.4950856052,13.789954337899498,Highly_Fatal_And_Damaging,1,0.34568409664623106,3
1773,1,1.22964533075899,76.35,78.7602552415679,13,33393.5930883868,26.4840182648402,Highly_Fatal_And_Damaging,5,0.39761341507392695,2
8811,4,0.0484091511222673,83.19,70.0091157702826,7,26338.727324295298,49.5890410958904,Highly_Fatal_And_Damaging,8,0.251562206996033,4
9228,6,0.00916356586669669,83.03,59.7082953509572,12,36837.9660008634,41.9178082191781,Significant_Damage_And_Serious_Injuries,0,0.5241911287414349,3
6220,4,0.0806638923240863,77.33,75.70647219690059,7,43619.815305396,46.3470319634703,Highly_Fatal_And_Damaging,1,0.368763793725207,3
5102,2,0.357126172144394,79.38,71.8322698268004,13,26471.4004943625,63.1963470319635,Significant_Damage_And_Fatalities,19,0.17943815362423302,2
2863,3,0.20183070520726104,79.74,82.13309024612579,20,40230.3528397513,15.753424657534199,Significant_Damage_And_Serious_Injuries,4,0.43619978362784007,3
11478,7,0.0024140516354806602,79.89,66.7274384685506,15,26687.7213183341,55.0228310502283,Significant_Damage_And_Fatalities,3,0.34027479264334604,3
4066,5,0.0106920734218189,76.98,68.7784867821331,15,13938.951027036299,44.4292237442922,Minor_Damage_And_Injuries,5,0.273199423007573,2
1577,2,0.21924771192904602,78.7,62.5341841385597,8,15928.1520352656,80.5936073059361,Significant_Damage_And_Fatalities,4,0.284739271547061,3
8273,6,0.00812807991710159,77.9,40.10938924339111,10,32860.905764516,51.0502283105023,Minor_Damage_And_Injuries,4,0.584775333573747,2
7775,6,0.0047760663608893104,75.96,81.3582497721058,3,19199.2502273137,89.0867579908676,Significant_Damage_And_Fatalities,2,0.30313090515687,3
3684,5,0.0210028454861726,78.49,66.8641750227894,11,31236.0295960564,33.8812785388128,Highly_Fatal_And_Damaging,6,0.450263974035341,3
2768,3,0.119711370429235,79.53,53.600729261622604,11,23944.3761045872,46.5753424657534,Significant_Damage_And_Serious_Injuries,1,0.476589253516048,2
12007,3,0.15533691157487198,85.77,68.869644484959,16,31224.5282436972,17.351598173516,Highly_Fatal_And_Damaging,2,0.25588965019834103,1
9125,6,0.00910387785121973,77.46,43.8468550592525,12,34711.4746197655,43.5159817351598,Significant_Damage_And_Serious_Injuries,1,0.45603389830508395,3
11784,3,0.283294536142231,78.78,78.3956244302644,12,53176.4511388213,42.3744292237443,Significant_Damage_And_Serious_Injuries,4,0.313228272628922,3
11808,5,0.021344098679893002,81.04,75.47857793983592,9,33067.6244116376,55.388127853881294,Significant_Damage_And_Serious_Injuries,2,0.29231229715109996,2
12211,4,0.0445660106164211,75.63,41.203281677301796,8,24520.0599584225,55.342465753424705,Minor_Damage_And_Injuries,7,0.692240173097728,2
2897,6,0.008633994577262391,79.07,69.73564266180489,19,36566.3964795644,8.53881278538813,Highly_Fatal_And_Damaging,15,0.22271258564731303,3
9133,7,0.00271660416896328,79.58,40.154968094804,11,29518.6129237704,70.365296803653,Significant_Damage_And_Fatalities,3,0.52960043274432,2
135,5,0.0245406632757047,80.78,0.0,14,36354.4884269448,50.3196347031963,Highly_Fatal_And_Damaging,10,0.7777071763433109,2
12317,1,1.62444555920038,81.36,81.4038286235187,12,43754.1786822181,57.44292237442921,Minor_Damage_And_Injuries,7,0.365157591056617,3
9368,7,0.00165483628932035,83.15,61.5314494074749,14,22475.1258704004,60.5479452054795,Significant_Damage_And_Fatalities,0,0.342799134511359,2
2967,7,0.0024614235589759,75.71,38.9699179580674,14,25814.8468749981,59.634703196347,Significant_Damage_And_Serious_Injuries,7,0.635622791200865,0
6918,5,0.0297081807839066,82.66,67.5478577939836,11,44568.661764582,35.4794520547945,Highly_Fatal_And_Damaging,6,0.251922827262892,3
11964,4,0.0915074626693022,78.47,52.871467639015506,9,49219.0617824752,44.0639269406393,Significant_Damage_And_Fatalities,0,0.381385503065272,2
9140,7,0.00332774857972545,78.49,56.4721969006381,13,33289.1776385925,41.9178082191781,Minor_Damage_And_Injuries,2,0.46649188604399605,2
12053,1,0.7905536062755699,81.53,69.00638103919779,10,21703.2159005865,38.2648401826484,Highly_Fatal_And_Damaging,4,0.24543166245943,2
10065,2,0.537374915697402,78.09,61.6226071103008,14,39744.986735049504,35.296803652968,Significant_Damage_And_Serious_Injuries,1,0.31719509556437103,0
9822,3,0.18289921890234803,79.09,71.9234275296263,14,36866.602231857,36.301369863013704,Significant_Damage_And_Serious_Injuries,5,0.314310133429499,3
10060,7,0.0043835591564751,74.82,39.8814949863264,14,52783.6699929497,60.5936073059361,Significant_Damage_And_Serious_Injuries,3,0.40662892174540205,4
3191,7,0.0024008732129236396,75.04,54.876937101185,15,24707.1969908956,32.4657534246575,Minor_Damage_And_Injuries,2,0.442330328164443,3
8433,7,0.00288440827898333,81.06,57.748404740200606,18,28203.4891265458,46.8493150684931,Significant_Damage_And_Fatalities,0,0.42898737829066,2
2792,6,0.008024948255931941,79.37,89.24339106654509,8,32254.0720662131,57.4885844748858,Significant_Damage_And_Serious_Injuries,3,0.24290732059141698,2
12059,1,1.0324299109380999,84.8,70.1914311759344,17,28434.2171903716,27.397260273972602,Significant_Damage_And_Serious_Injuries,2,0.37092751532636103,2
10388,4,0.0435847572179465,79.08,75.93436645396541,9,23744.0693140378,41.780821917808204,Highly_Fatal_And_Damaging,2,0.33450486837360305,2
5862,5,0.0232444911274353,81.46,69.5077484047402,13,34207.9443786107,41.689497716895,Significant_Damage_And_Serious_Injuries,2,0.31719509556437103,3
9394,5,0.01851592253734,78.7,40.2917046490429,12,27755.473500689,55.15981735159821,Highly_Fatal_And_Damaging,4,0.571071763433105,1
9719,4,0.0412718889170117,80.71,59.0701914311759,5,22475.1258704004,55.662100456621,Highly_Fatal_And_Damaging,0,0.324768121168409,3
5058,7,0.0040045627353063,79.36,66.8641750227894,8,42848.6249545133,44.5205479452055,Highly_Fatal_And_Damaging,0,0.272117562206996,2
9620,4,0.0659562575913243,86.02,80.4466727438469,19,36011.634543554,8.493150684931509,Highly_Fatal_And_Damaging,9,0.37850054093040003,4
4345,6,0.00826588787036847,81.11,70.8751139471286,13,36866.602231857,38.584474885844706,Significant_Damage_And_Serious_Injuries,6,0.28149368914533,3
10249,7,0.0020379019154994397,75.27,65.9070191431176,10,18869.5876217835,73.5159817351598,Significant_Damage_And_Fatalities,1,0.338471691309052,1
10962,2,0.552348029450647,82.03,48.7693710118505,9,40580.5502390022,64.8401826484018,Highly_Fatal_And_Damaging,7,0.6381471330688779,1
5349,1,1.32525896658218,77.93,56.7456700091158,18,35966.247022064905,24.8401826484018,Minor_Damage_And_Injuries,5,0.555204471691309,2
10662,3,0.22464036620227698,81.79,63.126709206928,6,44882.6151076864,62.1917808219178,Significant_Damage_And_Serious_Injuries,1,0.5519588892895779,3
4849,5,0.022192923086607006,80.74,59.2980856882407,14,32346.154299062997,48.4931506849315,Minor_Damage_And_Injuries,8,0.37597619906238705,1
335,4,0.0657328863038229,79.22,99.95442114858709,9,36313.3505407666,42.9680365296804,Highly_Fatal_And_Damaging,24,0.37092751532636103,1
8219,7,0.00333200752249141,77.91,77.073837739289,11,33256.4668152374,57.671232876712295,Minor_Damage_And_Injuries,11,0.189535521096285,0
11085,4,0.0537163727417456,78.93,54.8313582497721,9,29542.2935498954,65.4337899543379,Significant_Damage_And_Serious_Injuries,20,0.427905517490083,1
8954,7,0.0037845533395528,81.82,70.1458523245214,14,41870.0262217125,47.7625570776256,Minor_Damage_And_Injuries,1,0.501472051929318,3
10094,6,0.0116440067057929,85.71,64.2661804922516,11,48197.220754101,68.49315068493149,Significant_Damage_And_Fatalities,1,0.32080129823296005,3
4168,2,0.6411305070043131,88.01,35.824977210574296,19,47505.462290606796,20.1826484018265,Minor_Damage_And_Injuries,3,0.611100613054453,2
1900,5,0.0299604645458222,80.41,49.589790337283496,11,44516.6297345178,58.310502283105,Highly_Fatal_And_Damaging,8,0.522748647673999,1
7143,5,0.0362715401061526,79.21,68.8240656335461,16,51678.284648488,30.3196347031963,Significant_Damage_And_Serious_Injuries,14,0.273920663541291,2
12328,3,0.0753155639194272,79.39,52.415679124886104,17,15261.993257843798,38.4474885844749,Highly_Fatal_And_Damaging,22,0.24795600432744297,1
4858,3,0.146630034655966,78.67,55.5150410209663,11,29541.1841118771,48.310502283105,Minor_Damage_And_Injuries,2,0.585496574107465,1
11914,5,0.0169084447733504,76.89,67.2743846855059,13,26069.4968678269,51.9634703196347,Minor_Damage_And_Injuries,13,0.160685899747566,0
9610,7,0.00434728367697683,80.45,50.6836827711942,11,47541.0050691026,37.5342465753425,Significant_Damage_And_Fatalities,1,0.52238802740714,3
3341,2,0.348220671345902,81.15,73.6554238833182,20,25768.1452141952,27.397260273972602,Minor_Damage_And_Injuries,2,0.404104579877389,2
8962,4,0.0698193987426945,78.7,63.76481312670921,13,37949.724386183996,28.7671232876712,Highly_Fatal_And_Damaging,12,0.38318860439956703,3
8379,3,0.186318355278325,78.08,34.8678213309025,8,37308.5865884339,42.283105022831,Significant_Damage_And_Fatalities,0,0.61939487919221,3
9100,1,0.6901550810236099,87.51,67.7757520510483,13,18897.2774645504,38.8584474885845,Significant_Damage_And_Serious_Injuries,22,0.344602235845654,2
5525,7,0.0032011061219487,87.08,50.3190519598906,7,36458.5802116072,82.23744292237441,Significant_Damage_And_Fatalities,10,0.354699603317706,3
10255,1,1.3512748761678701,82.53,80.4466727438469,14,37038.541445276496,48.3561643835616,Minor_Damage_And_Injuries,8,0.30313090515687,1
5118,4,0.0491943253022702,76.92,69.4165907019143,17,26972.5039664084,39.5890410958904,Minor_Damage_And_Injuries,11,0.440887847097007,0
8085,3,0.0970591864698041,78.93,82.9079307201459,12,18807.983759411498,31.5981735159817,Highly_Fatal_And_Damaging,0,0.18052001442481,1
1923,2,0.622444465973777,79.94,55.9708295350957,13,45878.87959122151,49.9086757990868,Highly_Fatal_And_Damaging,5,0.363354489722322,2
326,6,0.0084067327022918,82.37,68.7784867821331,10,34501.86147776,49.49771689497721,Significant_Damage_And_Serious_Injuries,5,0.34315975477821803,1
8949,3,0.0976587800714265,76.75,68.869644484959,20,20059.3847114503,15.753424657534199,Significant_Damage_And_Serious_Injuries,28,0.267429498737829,3
4212,4,0.0507105431114939,85.13,75.34184138559709,13,27603.784676157902,29.3607305936073,Highly_Fatal_And_Damaging,5,0.27103570140641897,2
11206,4,0.0571970099697241,78.09,62.2607110300821,14,31541.915327989303,25.8904109589041,Highly_Fatal_And_Damaging,2,0.314670753696357,3
4554,4,0.0585884246430177,80.82,41.4311759343665,12,32448.2626381128,32.557077625570805,Significant_Damage_And_Fatalities,0,0.6334590695997111,1
5460,5,0.0147190422445625,79.12,82.1786690975388,11,20761.9844156144,58.0365296803653,Minor_Damage_And_Injuries,6,0.35109340064911604,3
10197,1,1.43260534928215,83.52,61.7593436645397,16,39289.2195249257,31.324200913242002,Significant_Damage_And_Serious_Injuries,4,0.5483526866209879,1
1363,2,0.47830603239079794,81.12,72.97174111212401,13,35354.6491535324,63.7899543378995,Significant_Damage_And_Fatalities,0,0.365157591056617,0
6886,2,0.442732958866139,81.75,64.1294439380128,14,32713.7866990746,47.899543378995396,Minor_Damage_And_Injuries,8,0.45387017670393,1
4934,7,0.0032646245817578,78.89,64.2206016408387,18,33520.7500198555,45.5707762557078,Significant_Damage_And_Fatalities,7,0.40374395961053006,3
6634,1,1.08659236590527,84.27,56.4721969006381,12,29536.6428318262,31.1415525114155,Significant_Damage_And_Fatalities,3,0.463606923909124,1
12399,4,0.0667522739749065,87.34,57.611668185961705,8,36297.4081004407,44.337899543379,Highly_Fatal_And_Damaging,2,0.61939487919221,2
785,2,0.21005640358915198,82.41,65.4056517775752,11,15542.643666541,36.62100456621,Highly_Fatal_And_Damaging,11,0.329456184637577,4
2524,3,0.251509930289586,78.22,61.6681859617138,13,50314.7204576381,40.3196347031963,Significant_Damage_And_Serious_Injuries,13,0.4902928236566889,2
6792,7,0.00266826442491109,75.71,54.8313582497721,14,28559.6591388298,60.1826484018265,Significant_Damage_And_Serious_Injuries,8,0.409153263613415,3
7119,7,0.00333200752249141,77.04,65.8614402917047,14,32624.822618851802,34.6118721461187,Significant_Damage_And_Serious_Injuries,6,0.362272628921745,2
11217,2,0.703340359053397,77.27,66.6818596171377,19,52865.295098495095,44.20091324200911,Significant_Damage_And_Fatalities,4,0.34027479264334604,2
929,1,1.3892954965549498,77.93,40.5195989061076,10,37945.780251352204,62.55707762557079,Highly_Fatal_And_Damaging,7,0.7459725928597181,2
2859,5,0.0203538907847209,78.44,79.9453053783045,7,29881.473065472,82.7853881278539,Significant_Damage_And_Fatalities,6,0.308900829426614,2
3104,3,0.214762760356308,81.58,73.4731084776664,13,43655.1252570343,50.22831050228311,Minor_Damage_And_Injuries,5,0.28870609448251,1
4105,6,0.007594775661073491,81.7,80.99361896080221,18,29272.472449186098,24.2465753424658,Significant_Damage_And_Serious_Injuries,3,0.306015867291742,2
8565,2,0.542924325866252,77.76,64.9954421148587,14,40055.6619523624,47.7625570776256,Minor_Damage_And_Injuries,14,0.34748719798052696,3
10910,3,0.0815450263010881,75.05,76.5724703737466,17,16837.0598386233,27.8995433789954,Significant_Damage_And_Serious_Injuries,5,0.28149368914533,0
11383,6,0.006066866594977179,78.09,63.0811303555151,20,24370.2265407342,28.949771689497698,Significant_Damage_And_Fatalities,3,0.46108258204110997,2
10146,3,0.17236187533891498,75.12,58.1130355515041,6,34738.058245002,63.972602739726,Significant_Damage_And_Serious_Injuries,6,0.43295420122610906,3
2982,6,0.0131871755343616,79.6,43.664539653600706,12,49015.8888299757,53.105022831050206,Significant_Damage_And_Serious_Injuries,0,0.5981182834475289,2
1076,4,0.0587205544501303,76.63,57.0191431175934,13,31988.1959886504,64.2465753424657,Significant_Damage_And_Serious_Injuries,9,0.660144969347277,2
7324,4,0.0847954319979528,79.79,85.278030993619,16,46306.1920701527,29.9543378995434,Significant_Damage_And_Serious_Injuries,5,0.199632888568337,2
871,1,1.2693773865388898,77.56,52.82588878760261,18,34469.924982876,12.4200913242009,Significant_Damage_And_Fatalities,1,0.36155138838802703,1
9198,1,1.37759041351401,81.03,73.9288969917958,16,37384.6815719843,41.689497716895,Minor_Damage_And_Injuries,6,0.334865488640461,3
558,1,0.942297419702323,77.68,48.9061075660894,12,25739.384677142203,32.4200913242009,Highly_Fatal_And_Damaging,2,0.5436646231518211,2
10901,5,0.0199959371191929,84.02,63.90154968094811,10,28901.6079461952,62.0091324200913,Minor_Damage_And_Injuries,1,0.205042192571222,0
27,6,0.010247915761715,79.36,72.06016408386509,8,39012.9366973933,57.351598173515995,Significant_Damage_And_Serious_Injuries,3,0.2061240533718,2
1929,2,0.5069466404329221,80.79,63.126709206928,6,37581.571485695495,62.1461187214612,Highly_Fatal_And_Damaging,1,0.48993220338983,2
9884,6,0.007265459411321999,85.07,73.6554238833182,20,28603.7548438843,29.4977168949772,Minor_Damage_And_Injuries,1,0.412398846015146,0
2184,4,0.0544392802512786,76.18,56.2443026435734,10,30049.5696334466,37.5799086757991,Significant_Damage_And_Fatalities,2,0.463606923909124,2
2826,3,0.134484836771453,77.16,60.9845031905196,14,27240.6861862382,36.4383561643836,Significant_Damage_And_Serious_Injuries,11,0.40771078254597903,3
1097,2,0.442732958866139,79.39,66.4995442114859,13,32739.2459757613,38.584474885844706,Significant_Damage_And_Serious_Injuries,11,0.41384132708258203,2
9637,4,0.0509035417950462,83.46,57.11030082041929,14,27686.2413636474,49.2237442922374,Minor_Damage_And_Injuries,6,0.4261024161557879,2
11996,4,0.0619475176403955,84.74,45.897903372834996,19,34210.2043624715,42.4200913242009,Significant_Damage_And_Serious_Injuries,0,0.63021348719798,2
9950,3,0.128032619795491,84.3,69.1431175934367,13,26062.3673281312,37.9908675799087,Significant_Damage_And_Serious_Injuries,8,0.32008005769924297,5
5429,6,0.00751374310534355,79.24,70.6927985414767,17,29579.787941166298,26.438356164383602,Significant_Damage_And_Serious_Injuries,14,0.330177425171295,2
4896,4,0.0647973107166051,85.26,59.2980856882407,16,35728.3005695812,17.5799086757991,Highly_Fatal_And_Damaging,2,0.33811107104219196,3
8442,3,0.200404041434698,82.3,72.0145852324522,9,40726.4496920452,54.84018264840179,Significant_Damage_And_Serious_Injuries,34,0.30313090515687,1
3756,1,1.10323463410754,77.89,63.4457611668186,8,29893.733510433398,42.7853881278539,Highly_Fatal_And_Damaging,5,0.22595816804904398,1
9803,6,0.0091876148524485,76.8,85.278030993619,16,34929.7404234047,29.3150684931507,Significant_Damage_And_Serious_Injuries,3,0.240382978723404,1
11725,1,1.6458905420451497,78.7,73.0173199635369,16,45351.5663157796,18.7671232876712,Highly_Fatal_And_Damaging,1,0.222351965380454,2
12214,1,1.35648446678775,86.94,83.3637192342753,16,36644.9561608933,30.8675799086758,Significant_Damage_And_Serious_Injuries,3,0.315752614496934,3
11564,7,0.00391311571229848,80.59,73.1996353691887,15,42273.645727809104,56.6666666666667,Significant_Damage_And_Fatalities,0,0.34171727371078203,1
10694,4,0.0667773468350688,82.02,65.1321786690975,13,36292.1949816483,30.0,Highly_Fatal_And_Damaging,2,0.36046952758745,3
11177,4,0.0015233035421831,81.57,69.2342752962625,5,11265.917788590301,56.8493150684931,Highly_Fatal_And_Damaging,20,0.440887847097007,2
3593,4,0.0456012541554552,79.85,70.0091157702826,8,25251.1155579363,79.5433789954338,Significant_Damage_And_Fatalities,0,0.35325712225027,1
8371,6,0.009870495089477741,81.55,70.2370100273473,7,40485.8932005406,73.37899543379001,Minor_Damage_And_Injuries,2,0.41672628921745397,3
6128,7,0.00129983141772071,83.01,66.1804922515953,18,15301.251956966202,46.712328767123296,Significant_Damage_And_Fatalities,4,0.45639451857194396,3
5344,4,0.0701068078993242,77.98,50.957155879671895,19,38506.4933537661,30.0913242009132,Highly_Fatal_And_Damaging,0,0.43944536602957107,2
5717,4,0.0514949039430899,78.63,65.67912488605289,12,28029.830294965097,33.2420091324201,Highly_Fatal_And_Damaging,1,0.462885683375405,1
10747,7,0.00228638425828823,81.26,76.0711030082042,16,27520.75175597,54.7488584474886,Significant_Damage_And_Fatalities,1,0.378139920663541,3
7937,4,0.0511774425946486,75.94,65.1321786690975,16,27897.8067021377,30.9132420091324,Significant_Damage_And_Serious_Injuries,7,0.395810313739632,2
6639,2,0.387182416712817,79.26,72.0145852324522,12,28780.4235482389,56.9406392694064,Minor_Damage_And_Injuries,10,0.363354489722322,2
6631,4,0.0659562575913243,81.26,64.3117593436645,7,36408.268565211,49.49771689497721,Highly_Fatal_And_Damaging,2,0.34532347637937205,3
11709,4,0.0537163727417456,76.0,77.4840474020055,18,29428.5998046567,11.826484018264802,Highly_Fatal_And_Damaging,0,0.34243851424450106,4
3875,4,0.0384517831023515,82.01,51.0938924339107,12,20934.3727527267,54.3835616438356,Minor_Damage_And_Injuries,4,0.39472845293905495,3
3904,4,0.0758867263611491,83.36,54.4667274384686,20,41920.2471614135,4.520547945205481,Significant_Damage_And_Fatalities,0,0.35758456545257894,1
267,4,0.0637237663805801,87.51,67.7301731996354,13,34859.8063971959,29.406392694063896,Highly_Fatal_And_Damaging,13,0.375615578795528,0
10258,1,1.4947197458645503,76.35,75.432999088423,12,40226.4770095902,33.1963470319635,Highly_Fatal_And_Damaging,5,0.38318860439956703,2
5077,7,0.00266702594068057,81.58,81.26709206927991,14,29255.426646695,58.8584474885845,Significant_Damage_And_Fatalities,7,0.23713739632167302,2
4499,4,0.0373909164244532,82.08,73.33637192342749,18,20146.9172518634,12.4200913242009,Highly_Fatal_And_Damaging,3,0.323325640100974,2
430,4,0.0361958432532648,84.52,47.17411121239739,8,19762.260805179198,42.9680365296804,Significant_Damage_And_Fatalities,4,0.410595744680851,3
8668,2,0.225648056800934,81.37,65.6335460346399,11,16545.0718234845,59.13242009132421,Minor_Damage_And_Injuries,3,0.305294626758024,2
5580,5,0.0139062059906569,83.26,53.6918869644485,16,20739.631879623703,52.3744292237443,Significant_Damage_And_Fatalities,6,0.476589253516048,2
822,1,1.2858791156290201,78.31,88.24065633546041,9,35147.785367077406,40.86757990867579,Highly_Fatal_And_Damaging,3,0.25084096646231496,1
5079,4,0.0434450231706626,81.99,66.8641750227894,14,23467.081784370697,25.1598173515982,Highly_Fatal_And_Damaging,11,0.217303281644428,0
647,3,0.253669022423938,77.98,62.1695533272562,11,50882.168768630305,48.4474885844749,Significant_Damage_And_Serious_Injuries,19,0.525272989542012,2
11801,3,0.19556678318049597,83.73,62.5341841385597,7,38971.584973980294,70.5022831050228,Minor_Damage_And_Injuries,44,0.352535881716553,1
8981,4,0.0710287636448836,80.13,64.6308113035552,13,38281.714247204596,29.7260273972603,Highly_Fatal_And_Damaging,8,0.417086909484313,0
10267,2,0.5704720816796739,84.52,58.4776663628077,11,42049.7757475593,56.25570776255711,Highly_Fatal_And_Damaging,40,0.45964010097367497,4
4467,2,0.416733810413223,78.59,73.1996353691887,17,30784.989496023198,38.0821917808219,Minor_Damage_And_Injuries,3,0.318276956364948,2
343,4,0.075850778236244,78.4,76.8459434822243,9,41917.3221674367,39.8173515981735,Highly_Fatal_And_Damaging,4,0.3705668950595021,0
7808,4,0.0742913315746002,80.07,63.4001823154057,17,40073.720174847,13.789954337899498,Highly_Fatal_And_Damaging,1,0.585496574107465,1
8888,6,0.0106970316356193,81.53,79.17046490428442,7,43306.5874531553,60.136986301369895,Significant_Damage_And_Serious_Injuries,7,0.224876307248467,2
11144,6,0.006857542219663879,81.53,75.47857793983592,9,27827.8514266594,54.4292237442922,Significant_Damage_And_Serious_Injuries,2,0.282936170212766,2
10126,7,0.0044929035955593105,81.4,66.5907019143118,10,49461.7985956107,40.091324200913206,Highly_Fatal_And_Damaging,7,0.334144248106743,2
4088,6,0.00492049195200934,76.64,48.040109389243405,19,18640.0725275241,32.8310502283105,Highly_Fatal_And_Damaging,4,0.660144969347277,2
1833,7,0.00259659848763858,78.4,84.22971741112129,12,28885.5732444725,53.74429223744289,Minor_Damage_And_Injuries,15,0.28726361341507395,1
5220,4,0.0435767669649704,77.78,63.947128532361,14,24023.587745112403,48.4931506849315,Minor_Damage_And_Injuries,14,0.38751604760187497,2
6345,4,0.067196147915411,79.28,59.9817684594348,12,36657.8455729123,32.1461187214612,Highly_Fatal_And_Damaging,8,0.28149368914533,2
8343,4,0.0383477654432181,78.91,74.29352780309941,11,21036.148726241398,35.753424657534204,Highly_Fatal_And_Damaging,2,0.21802452217814602,2
821,4,0.0389899651600754,80.09,82.86235186873292,13,21267.7043733175,29.1324200913242,Highly_Fatal_And_Damaging,8,0.17330760908763,2
5088,5,0.0316153311067691,76.58,69.1431175934367,13,45972.13597876769,50.50228310502279,Minor_Damage_And_Injuries,5,0.254086548864046,2
6386,3,0.16242777702146602,76.6,75.25068368277121,16,32625.7179340323,17.1689497716895,Highly_Fatal_And_Damaging,14,0.29123043635052304,1
924,2,0.477812895620068,78.43,64.4940747493163,16,35342.3010579254,41.9178082191781,Minor_Damage_And_Injuries,3,0.24651352326000697,1
1104,3,0.24511840979653998,78.55,75.47857793983592,13,49758.6415438009,40.6392694063927,Significant_Damage_And_Serious_Injuries,1,0.388597908402452,2
3520,2,0.5178792514317611,77.56,70.6472196900638,15,38369.5421594542,46.1187214611872,Minor_Damage_And_Injuries,3,0.205402812838081,2
8814,2,0.19418011329717003,76.73,71.1030082041933,10,14865.9056452982,62.0091324200913,Minor_Damage_And_Injuries,1,0.375254958528669,1
3853,2,0.264253743919955,80.53,62.5341841385597,11,19518.5621631503,37.3972602739726,Highly_Fatal_And_Damaging,2,0.315752614496934,2
8113,2,0.5710304139516049,81.61,73.0173199635369,12,42287.0553410699,54.109589041095894,Minor_Damage_And_Injuries,1,0.246874143526866,1
2508,3,0.128573249180056,81.82,54.32999088422971,19,26015.962941191003,30.7305936073059,Minor_Damage_And_Injuries,4,0.527797331410025,2
10883,1,0.518572471316774,78.16,61.9872379216044,16,13860.578316269799,19.6803652968037,Highly_Fatal_And_Damaging,11,0.500029570861882,2
2946,4,0.08203656049267301,84.51,36.7365542388332,16,44475.6870097684,53.1963470319635,Significant_Damage_And_Serious_Injuries,7,0.662308690948431,1
4287,7,0.00332737623643381,79.17,64.1294439380128,13,33289.1776385925,40.2283105022831,Significant_Damage_And_Serious_Injuries,2,0.4902928236566889,2
6647,4,0.0531058897859763,79.31,73.746581586144,6,28684.067638596698,49.9086757990868,Highly_Fatal_And_Damaging,3,0.21441831950955603,0
4810,7,0.00387450146087035,84.03,61.440291704649105,15,46047.5076270262,22.328767123287697,Highly_Fatal_And_Damaging,27,0.40518644067796605,2
6263,6,0.009870495089477741,79.89,74.9316317228806,19,38525.414182678396,30.7305936073059,Minor_Damage_And_Injuries,1,0.337750450775333,2
8698,1,1.12126285001606,83.58,66.5451230628988,18,30810.615711822702,22.694063926940604,Significant_Damage_And_Serious_Injuries,0,0.363354489722322,2
578,2,0.7047896371445641,85.22,74.52142206016408,16,53908.7975082545,42.5114155251142,Minor_Damage_And_Injuries,4,0.58729967544176,2
11779,6,0.007642090628144741,79.09,59.2980856882407,15,32127.8884623933,31.9178082191781,Significant_Damage_And_Serious_Injuries,3,0.5029145329967539,1