Accident_ID,Accident_Type_Code,Adverse_Weather_Metric,Cabin_Temperature,Control_Metric,Days_Since_Inspection,Max_Elevation,Safety_Score,Severity,Total_Safety_Complaints,Turbulence_In_gforces,Violations
9020,1,1.06807520630698,81.93,54.922515952598,15,28921.5486997521,22.328767123287697,Significant_Damage_And_Fatalities,1,0.481277316985214,2
3244,1,1.1667522769343799,79.25,31.0847766636281,13,31864.0881889396,49.5890410958904,Minor_Damage_And_Injuries,3,0.607133790119004,0
1514,1,1.27950242269574,78.59,45.5332725615314,15,34608.2943986072,19.6803652968037,Significant_Damage_And_Fatalities,44,0.7214504147133071,1
6564,5,0.0193100351190768,79.09,80.2643573381951,12,28225.4878267242,41.8721461187215,Significant_Damage_And_Serious_Injuries,8,0.340996033177064,0
1401,4,0.0453896622023122,78.83,68.7784867821331,15,25321.373030517003,22.0091324200913,Highly_Fatal_And_Damaging,10,0.41167760548142796,3
12300,2,0.6065916954390029,86.03,39.7447584320875,13,44821.4006674425,28.9041095890411,Highly_Fatal_And_Damaging,0,0.553401370357014,2
10783,4,0.0580288359949266,77.7,67.18322698268001,13,31695.642232129503,50.136986301369895,Minor_Damage_And_Injuries,0,0.417086909484313,2
3500,4,0.0320805077660302,80.37,64.4029170464904,13,17869.2712881728,28.310502283105002,Highly_Fatal_And_Damaging,6,0.44413342949873796,2
3786,2,0.549198026049296,78.22,59.252506836827706,12,40813.3057574463,29.8173515981735,Highly_Fatal_And_Damaging,0,0.5097663180670751,3
1064,1,1.7395281798603202,77.48,44.712853236098496,16,46768.822185760706,17.7168949771689,Significant_Damage_And_Fatalities,16,0.694764514965741,1
1830,2,0.64817098869959,77.65,58.8422971741112,6,47324.952775232996,62.7853881278539,Significant_Damage_And_Serious_Injuries,0,0.42538117562207,2
1000,6,0.0074307343167388405,78.33,87.46581586144029,10,30445.299144306602,37.3972602739726,Highly_Fatal_And_Damaging,21,0.24543166245943,3
7552,7,0.000750738165396642,79.27,74.06563354603459,20,14087.1313421428,40.5479452054794,Significant_Damage_And_Fatalities,2,0.306737107825459,4
1203,4,0.0384089818644619,80.66,86.50865998176849,11,20937.170511046497,33.9269406392694,Highly_Fatal_And_Damaging,4,0.3629938694554629,1
392,4,0.0665314538675571,82.96,40.4740200546946,6,36297.4081004407,51.5525114155251,Significant_Damage_And_Fatalities,4,0.645359538406058,2
8283,4,0.0592921596021897,82.12,62.7620783956244,13,31967.454951725696,28.675799086757998,Highly_Fatal_And_Damaging,6,0.329456184637577,3
6445,1,1.0963361566327,79.08,74.74931631722879,9,29221.5095687008,44.0182648401826,Highly_Fatal_And_Damaging,1,0.34496285611251304,4
1112,4,0.0639760512072301,78.35,56.19872379216039,14,35120.776225878704,23.1050228310502,Highly_Fatal_And_Damaging,15,0.36263324918860396,0
7874,7,0.00281938218356537,75.78,54.0109389243391,8,30933.8277395381,57.077625570776206,Significant_Damage_And_Serious_Injuries,11,0.38102488279841296,3
2452,3,0.0983522686654718,77.34,66.362807657247,13,19754.5812375961,38.584474885844706,Significant_Damage_And_Serious_Injuries,5,0.39400721240533704,2
10980,5,0.0179458235336835,82.25,65.3600729261623,16,27306.2785397534,28.8127853881279,Significant_Damage_And_Serious_Injuries,2,0.449903353768481,1
2411,6,0.0106302255498573,82.02,58.38650865998179,12,43786.173360848,43.6529680365297,Significant_Damage_And_Serious_Injuries,2,0.46577064551027797,3
9188,7,0.00232829982073789,79.99,56.8368277119417,12,25644.4684192504,67.53424657534251,Significant_Damage_And_Serious_Injuries,4,0.487768481788677,0
8149,4,0.0447047839318407,87.08,59.7538742023701,9,24171.8428578746,42.648401826484,Highly_Fatal_And_Damaging,1,0.365878831590335,1
3931,2,0.7469087401266341,80.04,66.4995442114859,17,54788.2470429217,38.4474885844749,Minor_Damage_And_Injuries,8,0.346405337179949,1
866,6,0.00463226113987301,77.17,73.2907930720146,12,18110.9171033295,44.9315068493151,Significant_Damage_And_Serious_Injuries,3,0.316113234763794,3
11618,4,0.0763710398578118,75.35,75.70647219690059,7,41509.545282458,46.8493150684931,Highly_Fatal_And_Damaging,4,0.293394157951677,0
9346,1,1.27597904434728,80.82,43.072014585232495,11,34595.3633432901,34.7488584474886,Significant_Damage_And_Fatalities,5,0.518421204471691,1
8467,3,0.11275407269800698,76.4,69.8268003646308,13,22792.1740124056,39.634703196347,Significant_Damage_And_Serious_Injuries,6,0.38751604760187497,2
1578,5,0.0221611608546171,78.13,82.9079307201459,10,32364.3522171259,61.41552511415521,Minor_Damage_And_Injuries,1,0.43475730256040296,4
7105,5,0.0237990658424012,77.03,69.64448495897899,12,35167.1709289219,54.109589041095894,Minor_Damage_And_Injuries,10,0.333423007573026,2
11130,2,0.401935157666492,77.93,55.651777575205095,11,29784.274359472798,46.25570776255711,Minor_Damage_And_Injuries,0,0.44485467003245505,2
8108,3,0.0941747741034185,79.42,69.5077484047402,12,18784.4086840282,41.8264840182648,Significant_Damage_And_Serious_Injuries,1,0.46432816444284203,2
5374,5,0.0229899149310431,78.63,57.8395624430264,19,34376.5783210584,30.7305936073059,Minor_Damage_And_Injuries,1,0.44196970789758294,1
5850,4,0.0167141370542601,84.12,61.34913400182321,16,8652.45594797107,19.6803652968037,Highly_Fatal_And_Damaging,11,0.500029570861882,4
5462,5,0.024495461619962,81.73,60.7110300820419,11,36104.8569903325,70.41095890410959,Significant_Damage_And_Fatalities,0,0.368403173458348,3
9012,6,0.00899035486393975,79.2,94.4393801276208,17,34489.279660486,27.1689497716895,Significant_Damage_And_Serious_Injuries,6,0.22920375045077498,1
7036,7,0.0035331392273821103,80.05,71.19416590701921,7,38899.6594446884,58.6301369863014,Highly_Fatal_And_Damaging,2,0.24651352326000697,3
3814,7,0.00332737623643381,77.89,68.3682771194166,8,35320.9454536098,43.4246575342466,Highly_Fatal_And_Damaging,2,0.400498377208799,3
2360,7,0.0035461952531976797,78.11,69.5989061075661,12,38924.6214354371,42.191780821917796,Significant_Damage_And_Serious_Injuries,9,0.29555787955283,2
4041,7,0.00313473818084455,83.82,69.18869644484961,19,33740.8858200893,43.5616438356164,Significant_Damage_And_Fatalities,9,0.38030364226469504,4
330,4,0.0750060511303986,77.39,55.788514129443904,13,40894.8662671731,28.949771689497698,Significant_Damage_And_Fatalities,3,0.31935881716552506,3
6898,3,0.228868428380583,78.93,87.5569735642662,12,46043.985810050595,31.0958904109589,Highly_Fatal_And_Damaging,7,0.215860800576992,0
202,3,0.113475552580789,80.98,84.1841385597083,17,22753.313252124502,24.383561643835602,Significant_Damage_And_Serious_Injuries,2,0.240382978723404,3
6876,7,0.0020601739139869,82.97,56.8368277119417,8,17582.7396691811,82.23744292237441,Significant_Damage_And_Fatalities,7,0.40590768121168397,2
7310,7,0.00158505315023645,88.47,75.47857793983592,9,20217.165694795,54.657534246575295,Significant_Damage_And_Serious_Injuries,0,0.325849981968986,1
4038,3,0.21546132796126802,82.53,62.57976298997271,15,43032.2194004626,33.972602739726,Significant_Damage_And_Serious_Injuries,3,0.30781896862603697,3
3058,3,0.0782363458011667,81.3,62.5341841385597,7,15928.1520352656,71.324200913242,Minor_Damage_And_Injuries,19,0.284739271547061,3
7792,5,0.0187014909382164,81.09,61.212397447584294,15,27067.9196126077,33.7899543378995,Significant_Damage_And_Serious_Injuries,2,0.45278831590335294,3
8819,7,0.00228169437294458,86.4,62.306289881495,12,25177.5727499426,66.8036529680365,Significant_Damage_And_Fatalities,8,0.38102488279841296,2
11400,2,0.231292269047612,81.9,69.64448495897899,13,16546.394397041,50.22831050228311,Minor_Damage_And_Injuries,25,0.30998269022719105,2
5201,2,0.48312521539373704,80.25,62.7164995442115,16,35666.043399659,40.4566210045662,Minor_Damage_And_Injuries,8,0.375254958528669,1
3909,3,0.13755041769625198,82.58,74.567000911577,10,27627.7399343795,50.50228310502279,Significant_Damage_And_Serious_Injuries,0,0.24218608005769898,2
911,6,0.00952310647454607,84.74,42.8896991795807,18,37436.7322135348,45.9817351598173,Significant_Damage_And_Serious_Injuries,1,0.5209455463397039,2
8460,5,0.0320260726894477,83.41,74.29352780309941,15,45934.133475443894,45.0228310502283,Minor_Damage_And_Injuries,6,0.234973674720519,3
918,2,0.35522411724213504,75.98,41.5679124886053,11,26252.0559004645,57.9908675799087,Highly_Fatal_And_Damaging,1,0.457115759105661,2
7916,3,0.197627289388574,80.92,87.46581586144029,11,39651.766046119,47.1232876712329,Significant_Damage_And_Serious_Injuries,4,0.29231229715109996,2
1858,3,0.140526429214543,81.78,57.474931631722896,10,28135.917314679198,39.178082191780796,Highly_Fatal_And_Damaging,5,0.385352326000721,3
9691,2,0.43598352996746204,78.18,62.8988149498633,17,32230.500067409,38.8127853881278,Minor_Damage_And_Injuries,20,0.37958240173097707,2
839,5,0.0242970691299218,79.22,58.6144029170465,15,35634.894132916095,55.0228310502283,Significant_Damage_And_Fatalities,4,0.46829498737829,2
8203,3,0.24348749582293303,78.73,58.249772105742906,14,48525.1107104034,36.8493150684931,Significant_Damage_And_Serious_Injuries,0,0.350372160115398,2
10339,4,0.0949606702216228,83.57,63.90154968094811,17,51754.9703998605,36.0730593607306,Minor_Damage_And_Injuries,3,0.401580238009376,1
3075,3,0.264749960840887,78.63,66.04375569735639,15,55360.356917121906,33.6529680365297,Significant_Damage_And_Serious_Injuries,9,0.35686332491885997,2
11909,4,0.0449289157473636,78.88,45.3965360072927,17,24455.0851973201,15.296803652967998,Significant_Damage_And_Fatalities,2,0.5209455463397039,3
4452,1,1.42564127604361,78.7,89.88149498632629,20,38564.129227285,4.93150684931507,Highly_Fatal_And_Damaging,6,0.21513956004327398,2
10840,3,0.133480825287782,82.49,80.08204193254329,14,27206.7774652661,47.945205479452,Minor_Damage_And_Injuries,8,0.289427335016228,2
3631,6,0.00773208720267557,76.58,70.1914311759344,12,32158.99176163,41.8264840182648,Significant_Damage_And_Serious_Injuries,0,0.37958240173097707,0
7297,6,0.00608157992115948,81.85,71.8778486782133,15,25321.373030517003,31.324200913242002,Significant_Damage_And_Serious_Injuries,13,0.392564731337901,3
10393,4,0.0884973764056748,76.74,69.2342752962625,11,48613.9708748668,35.7077625570776,Highly_Fatal_And_Damaging,8,0.430790479624955,1
607,7,0.0022939358099787,83.58,46.6271649954421,11,27551.103527028703,70.5022831050228,Significant_Damage_And_Serious_Injuries,5,0.539697800216372,2
7189,1,1.29142485015568,79.8,75.47857793983592,16,35006.6478704957,18.949771689497698,Highly_Fatal_And_Damaging,3,0.22379444644789004,0
9934,2,0.25453838091895603,77.56,79.17046490428442,18,18660.8960062486,35.388127853881294,Minor_Damage_And_Injuries,1,0.29736098088712604,3
8825,4,0.0482410618460628,81.37,70.9206927985415,13,26069.3550793519,29.406392694063896,Highly_Fatal_And_Damaging,10,0.226679408582762,0
9301,4,0.055390533687851,80.27,65.2689152233364,14,30290.7501663771,25.707762557077604,Highly_Fatal_And_Damaging,2,0.306737107825459,2
9427,5,0.0159694333458848,77.91,76.5268915223336,8,22235.4870690089,70.0456621004566,Minor_Damage_And_Injuries,15,0.292672917417959,3
8455,2,0.514265510989051,75.61,61.2579762989973,10,38165.4207238734,60.4566210045662,Minor_Damage_And_Injuries,0,0.46108258204110997,4
8664,7,0.00155927424481951,77.78,68.5050136736554,17,19804.4945726575,48.7214611872146,Significant_Damage_And_Fatalities,13,0.502553912729895,3
8114,1,1.60962628025298,83.56,58.8422971741112,5,43419.8755634569,65.3424657534246,Highly_Fatal_And_Damaging,5,0.5404190407500901,1
11453,1,0.7680851341876271,76.96,59.89061075660889,17,21043.0745957428,39.634703196347,Minor_Damage_And_Injuries,11,0.496423368193292,4
12498,5,0.0350479665945333,79.31,70.37374658158609,8,49898.0501197341,68.310502283105,Minor_Damage_And_Injuries,12,0.39400721240533704,2
9345,4,0.0712119379602541,84.87,68.869644484959,16,39076.3135320841,16.7123287671233,Highly_Fatal_And_Damaging,4,0.44665777136675106,0
8957,7,0.00292710508522188,77.46,73.9288969917958,11,28566.6330064354,69.36073059360729,Significant_Damage_And_Fatalities,10,0.43619978362784007,2
6733,7,0.00311862643459303,79.39,52.5524156791249,13,36617.7244387796,62.1917808219178,Significant_Damage_And_Serious_Injuries,5,0.45639451857194396,2
5724,3,0.155473833405764,82.36,75.38742023701,7,31750.404675562,60.1826484018265,Significant_Damage_And_Serious_Injuries,6,0.29231229715109996,1
5761,1,1.27724201743561,80.27,66.3172288058341,12,34719.0376653958,33.470319634703195,Highly_Fatal_And_Damaging,9,0.6107399927875939,2
6959,2,0.525000448580524,78.73,48.268003646308095,13,39207.8409430981,49.6803652968036,Highly_Fatal_And_Damaging,7,0.516618103137396,0
8569,6,0.0063751423047172205,81.61,52.7803099361896,17,23701.007581183,50.0456621004566,Significant_Damage_And_Fatalities,0,0.22379444644789004,3
306,2,0.354010721828221,85.4,58.6144029170465,3,26314.0706968263,77.3059360730594,Minor_Damage_And_Injuries,19,0.47370429138117603,3
210,6,0.00939969446993571,79.41,73.33637192342749,14,37773.3553764435,25.296803652968002,Highly_Fatal_And_Damaging,4,0.434396682293545,1
5492,7,0.0021179586552055396,82.5,73.33637192342749,18,24323.5075076492,12.374429223744302,Highly_Fatal_And_Damaging,4,0.290509195816805,0
6955,2,0.505802785572527,76.85,53.96536007292621,11,37249.520086068,48.310502283105,Minor_Damage_And_Injuries,3,0.312867652362062,3
7816,7,0.0020680280176254397,79.35,51.1850501367366,17,22436.804795914,14.4748858447489,Significant_Damage_And_Fatalities,5,0.581529751172016,1
6397,2,0.450995315921427,78.42,75.38742023701,16,33257.595187085695,43.37899543379001,Minor_Damage_And_Injuries,7,0.311064551027768,1
5567,6,0.00676841361533494,82.41,66.362807657247,11,27700.906881249302,46.5753424657534,Significant_Damage_And_Serious_Injuries,1,0.224515686981608,2
1562,2,0.3911825356711121,84.82,59.2069279854148,16,28957.808823458,41.7351598173516,Minor_Damage_And_Injuries,5,0.504717634331049,1
10221,4,0.0486700861808518,76.18,87.2835004557885,9,26194.6862921461,55.342465753424705,Significant_Damage_And_Serious_Injuries,1,0.26815073927154703,2
3467,7,0.00123145523618514,82.64,80.4010938924339,19,5513.586528008571,41.643835616438295,Significant_Damage_And_Fatalities,4,0.28654237288135603,2
1938,6,0.006181819414541221,79.88,89.10665451230629,9,23639.852097366802,40.821917808219204,Highly_Fatal_And_Damaging,3,0.304573386224305,3
8775,1,0.6805149776311271,79.16,74.24794895168641,16,18660.8960062486,19.1780821917808,Highly_Fatal_And_Damaging,1,0.20432095203750503,2
9824,3,0.12054126112241302,78.03,73.9744758432088,11,24203.6895848125,47.4885844748858,Significant_Damage_And_Serious_Injuries,3,0.3352261089073211,3
986,5,0.0156792923406637,85.61,66.0893345487694,10,23123.3779300365,60.4566210045662,Minor_Damage_And_Injuries,6,0.300967183555716,2
7864,2,0.50630490065634,83.03,55.9252506836828,12,37215.0757155478,42.100456621004604,Minor_Damage_And_Injuries,2,0.578644789037144,3
9981,2,0.5554930623356171,85.64,69.9635369188697,13,40898.7067220507,50.86757990867579,Minor_Damage_And_Injuries,0,0.351454020915975,1
12411,2,0.373623459926084,83.97,53.783044667274396,13,27549.6797423815,30.1369863013699,Significant_Damage_And_Fatalities,10,0.42141435268662103,3
5181,7,0.00329707578895693,79.86,69.9635369188697,9,33954.1785816129,75.662100456621,Significant_Damage_And_Fatalities,8,0.355060223584565,2
1331,7,0.00307977328659493,76.53,49.6353691886965,5,34738.058245002,98.40182648401829,Significant_Damage_And_Serious_Injuries,28,0.35433898305084705,2
8415,4,0.0284279690986392,81.28,65.22333637192351,11,15509.434504814699,68.49315068493149,Significant_Damage_And_Fatalities,9,0.35614208438514205,3
5085,3,0.128032619795491,79.85,88.2862351868733,18,25712.689152337996,33.7899543378995,Minor_Damage_And_Injuries,2,0.199632888568337,2
6083,4,0.0350890825621048,77.82,62.2607110300821,13,19093.0822520948,28.9041095890411,Highly_Fatal_And_Damaging,8,0.38390984493328495,3
12287,2,0.279104058078208,83.9,54.2388331814038,10,20574.5487150508,62.7853881278539,Highly_Fatal_And_Damaging,6,0.45639451857194396,1
3360,6,0.0101185628153381,80.13,55.469462169553296,12,42277.9678950802,56.5753424657534,Highly_Fatal_And_Damaging,13,0.378139920663541,3
7764,7,0.00266007015636225,83.23,70.1002734731085,14,28715.683931649102,60.0,Significant_Damage_And_Fatalities,23,0.33702921024161503,3
11299,6,0.00463226113987301,78.33,75.2962625341842,11,18103.7897133572,46.5753424657534,Significant_Damage_And_Serious_Injuries,1,0.243989181391994,3
7613,7,0.00285586076405534,77.81,45.62443026435739,13,28287.9926044483,62.6940639269406,Significant_Damage_And_Serious_Injuries,3,0.40482582041110704,2
5902,2,0.38802378868079995,77.45,76.6180492251596,5,28671.295422820498,83.8812785388128,Minor_Damage_And_Injuries,2,0.455673278038226,2
11356,4,0.0601777442176999,81.21,79.2160437556974,11,32806.2895663649,35.205479452054796,Highly_Fatal_And_Damaging,3,0.31034331049404995,2
4535,1,0.8492890674264709,75.89,74.24794895168641,12,22950.581016018703,30.8219178082192,Highly_Fatal_And_Damaging,1,0.484522899386945,2
3966,3,0.248870117845611,75.61,82.3154056517776,6,49986.899410661,63.150684931506795,Significant_Damage_And_Serious_Injuries,4,0.35109340064911604,4
7493,4,0.0732702541950152,78.29,66.1349134001823,12,39985.2613160458,30.3196347031963,Highly_Fatal_And_Damaging,6,0.305294626758024,3
6310,7,0.0044289702451501,79.34,70.4193254329991,11,50476.5268180962,57.0319634703196,Minor_Damage_And_Injuries,9,0.229924990984493,1
1677,1,0.996497974431902,76.89,61.3947128532361,14,27179.8728762575,36.11872146118721,Significant_Damage_And_Serious_Injuries,3,0.40482582041110704,4
8494,4,0.0526430497150514,76.13,67.4567000911577,8,28815.0595298404,69.4520547945205,Minor_Damage_And_Injuries,0,0.41564442841687704,4
571,4,0.0697482164177026,78.5,76.8459434822243,9,37862.9199927159,40.2283105022831,Highly_Fatal_And_Damaging,10,0.39797403534078596,3
631,7,0.00474673776165719,78.89,76.253418413856,15,47578.1608846135,56.4840182648402,Significant_Damage_And_Fatalities,7,0.377058059862964,2
1530,6,0.0106302255498573,78.56,72.0145852324522,12,44888.1730165217,55.9817351598173,Minor_Damage_And_Injuries,5,0.420332491886044,2
9310,3,0.118795587606853,75.67,51.3673655423883,11,24084.887315452,46.8493150684931,Minor_Damage_And_Injuries,0,0.527436711143166,0
10675,7,0.000763558904105058,82.48,58.5232452142206,9,14894.162020201698,42.100456621004604,Highly_Fatal_And_Damaging,2,0.333423007573026,1
9960,4,0.0667215904701951,84.55,79.535095715588,12,36292.1949816483,30.593607305936104,Highly_Fatal_And_Damaging,3,0.366960692390912,4
6097,5,0.0238176990487667,78.23,61.6681859617138,14,34008.9892156969,38.7214611872146,Significant_Damage_And_Serious_Injuries,9,0.4902928236566889,1
4566,2,0.5009329535057521,88.39,66.6818596171377,23,36933.8446810816,31.7808219178082,Significant_Damage_And_Fatalities,7,0.368403173458348,3
11463,1,1.57560922196678,83.58,50.957155879671895,22,42866.579179189,30.0,Highly_Fatal_And_Damaging,0,0.481277316985214,2
1565,3,0.150293721810262,79.39,57.9762989972653,11,30440.471390659102,45.7077625570776,Significant_Damage_And_Serious_Injuries,0,0.502553912729895,1
7329,3,0.172001299953239,78.18,49.589790337283496,11,34132.2412197546,58.310502283105,Highly_Fatal_And_Damaging,5,0.511930039668229,3
6217,5,0.0212408510470994,79.97,40.3828623518687,14,32860.905764516,36.8493150684931,Minor_Damage_And_Injuries,4,0.558089433826181,2
12467,6,0.008769982604874809,77.55,54.968094804010896,10,34887.2172055117,50.9132420091324,Minor_Damage_And_Injuries,10,0.605691309051569,1
2417,6,0.00772489540024573,83.29,85.5970829535096,13,32184.4664342672,63.1963470319635,Significant_Damage_And_Fatalities,16,0.306737107825459,2
3430,1,0.74626961323349,77.17,76.02552415679129,15,20399.7828161936,32.4657534246575,Significant_Damage_And_Serious_Injuries,18,0.317916336098088,2
1033,4,0.0941830531015625,74.82,60.3919781221513,10,52783.6699929497,37.4885844748858,Highly_Fatal_And_Damaging,2,0.363354489722322,2
11587,6,0.00470102364038039,80.8,76.9826800364631,12,18147.483466394,55.7077625570776,Minor_Damage_And_Injuries,23,0.29447601875225393,2
8019,3,0.17583752963143803,78.67,77.073837739289,13,35393.989690318704,40.1826484018265,Significant_Damage_And_Serious_Injuries,2,0.344602235845654,1
8254,7,0.00307549916899895,78.97,57.8851412944394,15,32734.066163725096,34.6575342465753,Significant_Damage_And_Serious_Injuries,8,0.309622069960331,1
510,7,0.00331235995409662,81.35,47.7210574293528,17,32473.8642120236,50.273972602739704,Significant_Damage_And_Serious_Injuries,7,0.504717634331049,3
4159,3,0.22184634471979503,81.02,58.38650865998179,14,43887.3019722406,36.027397260274,Significant_Damage_And_Serious_Injuries,6,0.350372160115398,1
1194,4,0.0651636744257849,79.1,56.8368277119417,14,35509.2285154196,25.251141552511395,Significant_Damage_And_Fatalities,13,0.505078254597908,3
5071,5,0.0198462668231589,76.1,60.9845031905196,15,30217.386689370698,46.4383561643836,Minor_Damage_And_Injuries,7,0.36119076812116796,1
5722,6,0.00701608590015726,81.16,54.7857793983592,10,26187.948380089398,49.5890410958904,Minor_Damage_And_Injuries,6,0.25985647313379,2
1805,7,0.00138423972261142,82.66,80.1276207839562,16,5513.586528008571,53.01369863013699,Significant_Damage_And_Fatalities,0,0.297721601153985,3
1088,2,0.423475054314669,83.5,52.9626253418414,4,31288.3431555066,77.8538812785388,Highly_Fatal_And_Damaging,10,0.43042985935809597,4
5095,7,0.00145443416670772,77.09,71.4676390154968,10,15748.134143673899,72.32876712328759,Significant_Damage_And_Fatalities,12,0.32368626036783194,3
6882,2,0.5106337660714121,81.66,49.589790337283496,17,37966.0325415586,25.251141552511395,Minor_Damage_And_Injuries,5,0.6962069960331769,2
11923,1,0.9734429824391421,78.94,67.7757520510483,10,26565.0475824998,50.50228310502279,Significant_Damage_And_Serious_Injuries,0,0.392564731337901,2
8840,4,0.0378292648966444,79.62,75.11394712853242,17,20146.9172518634,37.85388127853879,Minor_Damage_And_Injuries,11,0.281133068878471,1
11072,3,0.162108139005818,77.25,54.7402005469462,16,32613.933789019102,41.7351598173516,Highly_Fatal_And_Damaging,1,0.5032751532636129,3
4677,4,0.0538478066834855,77.27,80.4010938924339,19,28643.6306545032,42.100456621004604,Significant_Damage_And_Fatalities,0,0.358305805986296,3
6787,2,0.27472799847221696,83.56,80.08204193254329,14,20432.2797281007,47.8538812785388,Minor_Damage_And_Injuries,7,0.283296790479625,3
3270,3,0.14223250604765397,81.23,69.1431175934367,13,28510.1224862741,41.1415525114155,Significant_Damage_And_Serious_Injuries,2,0.32008005769924297,4
9372,4,0.0488975818320902,80.34,70.9206927985415,13,27009.595368617098,27.8538812785388,Highly_Fatal_And_Damaging,2,0.409874504147133,2
1188,4,0.036900366110634006,78.86,76.7547857793984,7,20490.6517189881,48.9041095890411,Highly_Fatal_And_Damaging,1,0.281854309412189,1
3494,7,0.00346277084197133,79.64,44.439380127620794,7,38888.753009181804,79.1780821917808,Significant_Damage_And_Serious_Injuries,5,0.589824017309773,2
7878,1,0.685290136584357,80.34,35.824977210574296,19,19033.8963381742,9.31506849315068,Significant_Damage_And_Fatalities,13,0.61939487919221,3
8849,3,0.07446727623579401,77.64,44.758432087511395,15,14274.0590139556,20.8219178082192,Significant_Damage_And_Fatalities,2,0.727941579516768,1
9629,1,1.1071332294227298,77.17,82.1786690975388,11,30095.00139223,58.4474885844749,Minor_Damage_And_Injuries,5,0.292672917417959,2
6309,1,0.8902819480198572,81.53,68.4138559708295,11,24420.713003042,36.164383561643795,Highly_Fatal_And_Damaging,2,0.377058059862964,1
11883,6,0.00625706195449091,77.66,62.5341841385597,9,23792.108607128197,52.9680365296804,Significant_Damage_And_Serious_Injuries,6,0.28906671474936896,3
9472,2,0.362925272467254,76.64,48.678213309024706,19,26816.7519798023,30.7305936073059,Highly_Fatal_And_Damaging,2,0.691158312297151,0
11969,7,0.00397746981857576,84.95,71.19416590701921,12,42627.7631749649,65.662100456621,Significant_Damage_And_Fatalities,4,0.232449332852506,2
10203,2,0.425876292389397,82.88,82.9079307201459,14,31463.568565177902,36.0730593607306,Significant_Damage_And_Serious_Injuries,3,0.35109340064911604,1
5646,3,0.142927068408558,78.71,62.944393801276206,13,28742.1312654465,40.2283105022831,Significant_Damage_And_Serious_Injuries,0,0.358305805986296,2
5159,3,0.15149360081567903,82.06,88.6052871467639,12,30207.8523138926,55.9817351598173,Minor_Damage_And_Injuries,0,0.18448683736025895,1
2875,4,0.0516564922244154,76.66,56.107566089334604,18,28559.521985121602,9.31506849315068,Significant_Damage_And_Fatalities,4,0.375615578795528,2
2436,7,0.00212511012983095,78.63,66.5451230628988,12,23826.0913171613,65.98173515981729,Significant_Damage_And_Fatalities,3,0.32116191849982,1
11012,7,0.00243338404986988,80.19,52.2333637192343,17,23192.1558746436,37.808219178082204,Highly_Fatal_And_Damaging,11,0.297721601153985,1
10598,4,0.102535145756963,83.57,50.5925250683683,10,54279.8866136332,49.5890410958904,Minor_Damage_And_Injuries,0,0.411316985214569,2
11096,5,0.0241015917950138,82.2,48.222424794895204,15,35903.2114970254,44.4292237442922,Highly_Fatal_And_Damaging,2,0.610018752253877,0
175,7,0.00243243998136578,78.27,45.897903372834996,9,26531.1770939678,65.8904109589041,Significant_Damage_And_Serious_Injuries,2,0.6579812477461229,2
10159,2,0.551419592392081,77.59,64.94986326344579,13,40840.646356118,29.1780821917808,Highly_Fatal_And_Damaging,1,0.455673278038226,3
4286,5,0.0153310618746404,77.09,72.06016408386509,8,23674.0618451923,57.260273972602704,Significant_Damage_And_Serious_Injuries,3,0.420332491886044,1
2789,1,1.22673721768654,79.29,61.212397447584294,10,33501.2328039891,49.0867579908676,Significant_Damage_And_Serious_Injuries,1,0.46937684817886705,1
476,5,0.0116003338192722,78.0,79.7629899726527,12,15865.8721701261,43.8356164383562,Significant_Damage_And_Serious_Injuries,3,0.378139920663541,1
6594,2,0.318224181847226,77.53,56.9279854147676,13,23407.410999469,28.9041095890411,Significant_Damage_And_Fatalities,0,0.409153263613415,1
5534,2,0.311425647542448,78.24,88.4685505925251,8,23008.264465096403,45.15981735159821,Highly_Fatal_And_Damaging,14,0.199632888568337,2
6539,1,0.957063791121957,77.62,65.9981768459435,10,25958.1374625071,38.4474885844749,Highly_Fatal_And_Damaging,2,0.474064911648034,0
5241,6,0.00937101263382326,77.12,51.0938924339107,12,39152.9933728058,44.611872146118706,Minor_Damage_And_Injuries,13,0.644998918139199,2
11004,7,0.0020680280176254397,79.6,40.5651777575205,3,21720.5738257697,57.671232876712295,Significant_Damage_And_Fatalities,10,0.578644789037144,2
4652,4,0.075850778236244,77.0,74.2023701002735,12,41432.748713901805,29.8630136986301,Highly_Fatal_And_Damaging,1,0.337750450775333,3
11404,7,0.00259978665309837,83.53,91.20328167730172,9,31529.762323460698,64.2922374429224,Minor_Damage_And_Injuries,1,0.21766390191128698,2
4925,2,0.40559831303273297,77.55,63.719234275296294,12,29989.750197918398,54.885844748858396,Minor_Damage_And_Injuries,1,0.5685474215650921,3
2670,2,0.542971582342991,77.04,72.3792160437557,7,39884.6532151898,70.5479452054795,Minor_Damage_And_Injuries,1,0.334865488640461,1
1044,4,0.0557625104986608,79.16,75.432999088423,19,30476.691698662,20.8675799086758,Significant_Damage_And_Serious_Injuries,1,0.23821925712225,2