Accident_ID,Accident_Type_Code,Adverse_Weather_Metric,Cabin_Temperature,Control_Metric,Days_Since_Inspection,Max_Elevation,Safety_Score,Severity,Total_Safety_Complaints,Turbulence_In_gforces,Violations
11516,2,0.40359393619200296,80.83,49.31631722880589,12,29673.4596655361,54.0182648401826,Minor_Damage_And_Injuries,17,0.44413342949873796,1
4864,2,0.568908460170474,78.13,66.5451230628988,10,42059.5289116091,60.0,Minor_Damage_And_Injuries,0,0.368763793725207,1
5031,2,0.451609331339098,79.37,64.9042844120328,16,33355.8640395299,40.1369863013699,Minor_Damage_And_Injuries,2,0.274641904075009,1
10097,4,0.0847856393439959,80.96,57.748404740200606,18,45969.4526879013,46.6666666666667,Significant_Damage_And_Fatalities,0,0.303852145690588,3
2802,2,0.432637459972526,79.02,83.54603463992709,11,31865.4133969239,69.26940639269411,Significant_Damage_And_Fatalities,10,0.37128813559322,3
9970,2,0.299180249329287,84.15,65.0865998176846,15,21997.4295032142,20.1826484018265,Highly_Fatal_And_Damaging,0,0.256610890732059,2
7739,1,1.37940962208732,79.92,71.05742935278029,14,37304.9976210729,36.7579908675799,Significant_Damage_And_Serious_Injuries,3,0.29555787955283,0
10616,3,0.132616661769745,79.22,61.212397447584294,18,26501.394552042002,24.703196347031998,Significant_Damage_And_Serious_Injuries,7,0.38102488279841296,4
9255,4,0.0392842404749492,82.4,71.3764813126709,17,21536.2194666649,12.9680365296804,Highly_Fatal_And_Damaging,0,0.309622069960331,1
1426,4,0.0565389335559622,76.27,75.432999088423,18,30726.5644703725,12.374429223744302,Highly_Fatal_And_Damaging,7,0.316113234763794,1
6644,6,0.00773208720267557,79.99,71.9690063810392,8,32861.2768383276,45.79908675799089,Highly_Fatal_And_Damaging,24,0.27103570140641897,2
5578,3,0.236948192249694,80.14,50.7292616226071,11,47156.9384261401,36.2100456621005,Significant_Damage_And_Fatalities,10,0.618313018391633,2
1752,3,0.18989185232330502,76.58,68.91522333637201,12,38140.7981125223,42.4200913242009,Significant_Damage_And_Serious_Injuries,4,0.41384132708258203,0
9388,4,0.05607319593887901,75.95,64.6763901549681,11,30380.734554979303,36.11872146118721,Highly_Fatal_And_Damaging,6,0.324046880634692,2
9518,7,0.0035736178259826203,78.9,51.549680948040105,21,39496.160018679104,31.7808219178082,Highly_Fatal_And_Damaging,4,0.51156941940137,2
3461,4,0.0638981672168987,81.86,67.5934366453965,11,35237.7775518202,36.2557077625571,Highly_Fatal_And_Damaging,2,0.26706887847097,3
1006,6,0.00705230146184997,81.04,64.5852324521422,10,28542.004184011003,49.8173515981735,Significant_Damage_And_Serious_Injuries,10,0.339553552109629,2
10881,3,0.0659238242008835,82.13,57.2926162260711,11,13671.3751225996,35.1598173515982,Highly_Fatal_And_Damaging,1,0.441609087630725,2
9332,3,0.119606400550729,77.43,74.2023701002735,20,24272.059107843197,14.8858447488584,Significant_Damage_And_Serious_Injuries,2,0.235334294987378,1
7964,3,0.147969484951643,77.54,52.0966271649954,3,29830.851137973197,71.8721461187215,Minor_Damage_And_Injuries,34,0.44773963216732793,0
9084,1,1.04600375319121,77.4,66.4995442114859,12,28072.9877206237,44.0639269406393,Significant_Damage_And_Serious_Injuries,7,0.430790479624955,1
8220,2,0.27763754271505103,81.8,65.9981768459435,15,20478.7647390918,45.433789954337904,Minor_Damage_And_Injuries,5,0.300967183555716,1
7956,1,1.3901185803260703,80.52,40.5651777575205,14,37764.967026453,26.2100456621005,Significant_Damage_And_Fatalities,5,0.7351539848539491,3
5043,3,0.16601023985890803,75.35,51.00273473108479,8,33284.9308408919,57.945205479452,Significant_Damage_And_Serious_Injuries,16,0.43944536602957107,2
9992,4,0.0905402526442483,77.22,67.4111212397448,23,49433.3029790945,2.7397260273972597,Highly_Fatal_And_Damaging,5,0.46973746844572706,2
6476,2,0.387182416712817,78.24,79.03372835004559,8,28658.6331440388,68.2648401826484,Minor_Damage_And_Injuries,4,0.281133068878471,2
10416,2,0.6557992780136329,85.98,61.6681859617138,12,48197.220754101,55.890410958904106,Minor_Damage_And_Injuries,3,0.316834475297511,0
4224,1,1.24933997725514,78.2,60.2552415679125,13,34151.7001524221,40.7762557077626,Significant_Damage_And_Serious_Injuries,20,0.35361774251712896,2
10149,7,0.00454883282263719,83.34,60.9845031905196,23,62672.5995653643,2.64840182648402,Highly_Fatal_And_Damaging,3,0.369124413992066,2
9286,4,0.0453050042984426,78.34,68.91522333637201,8,25270.3960670288,44.4292237442922,Highly_Fatal_And_Damaging,4,0.33306238730616605,3
5191,2,0.6065916954390029,83.57,55.0592525068368,14,44557.47774983651,36.62100456621,Minor_Damage_And_Injuries,5,0.48848972232239396,1
6942,3,0.231845913463668,84.41,82.3609845031905,9,46553.5755769139,51.7808219178082,Significant_Damage_And_Serious_Injuries,2,0.22884313018391603,3
1225,4,0.05298780403596,78.2,73.4275296262534,11,29123.2583793699,33.9269406392694,Highly_Fatal_And_Damaging,14,0.311064551027768,1
7487,2,0.637297326574672,78.46,82.6800364630811,11,46540.2467885055,56.9406392694064,Minor_Damage_And_Injuries,0,0.28906671474936896,3
363,3,0.173410918167831,83.56,56.8368277119417,12,34772.312097789305,30.3196347031963,Significant_Damage_And_Fatalities,5,0.330538045438154,1
1526,4,0.0503844630892246,75.97,52.3245214220602,13,27476.947330737403,26.4840182648402,Significant_Damage_And_Fatalities,25,0.463246303642264,4
3457,4,0.0480482439830435,84.78,74.1567912488605,20,26198.215840415898,5.2054794520547905,Highly_Fatal_And_Damaging,6,0.23569491525423697,2
8276,7,0.00445126854005271,76.56,75.70647219690059,9,54110.277505055994,54.84018264840179,Significant_Damage_And_Serious_Injuries,3,0.368763793725207,3
958,1,1.1897385093264299,78.7,58.4320875113947,14,32279.3814069112,23.8356164383562,Highly_Fatal_And_Damaging,7,0.39400721240533704,2
6479,2,0.276520836417221,77.13,76.253418413856,16,20374.9875573108,41.324200913242,Minor_Damage_And_Injuries,2,0.5209455463397039,4
3994,3,0.167893190363399,75.97,74.2023701002735,12,33861.5536967773,42.3744292237443,Significant_Damage_And_Serious_Injuries,8,0.234973674720519,1
11652,7,0.00142941827528228,78.67,55.2871467639016,11,5142.286073104389,68.675799086758,Significant_Damage_And_Serious_Injuries,6,0.590184637576631,2
3616,6,0.0083982544312787,80.02,55.9708295350957,19,33914.1168763119,18.1278538812785,Minor_Damage_And_Injuries,18,0.315752614496934,0
6348,2,0.375592449338442,77.35,48.723792160437604,13,27716.3461658188,28.538812785388103,Significant_Damage_And_Fatalities,2,0.514093761269383,2
1040,4,0.0363976969306029,77.04,68.4594348222425,7,19245.887227457,70.5479452054795,Minor_Damage_And_Injuries,0,0.377418680129823,1
7327,7,0.00311549295347341,82.13,74.74931631722879,14,32510.721732294598,23.607305936073104,Highly_Fatal_And_Damaging,15,0.532124774612333,2
4156,3,0.0575890974839405,80.23,50.3646308113035,14,11809.795062478,49.36073059360729,Highly_Fatal_And_Damaging,2,0.498947710061305,2
4578,6,0.0047760663608893104,80.42,66.2716499544212,14,19618.548566256002,25.662100456620998,Highly_Fatal_And_Damaging,6,0.47370429138117603,3
11781,1,0.998432424921525,81.26,56.8824065633546,16,26930.376234739502,30.776255707762605,Minor_Damage_And_Injuries,3,0.32224377930039694,2
6165,3,0.236948192249694,89.19,73.6554238833182,15,47592.316643138,22.922374429223698,Highly_Fatal_And_Damaging,8,0.404104579877389,2
2052,4,0.0480000313191448,78.67,65.1321786690975,15,26433.2861366269,31.369863013698602,Significant_Damage_And_Serious_Injuries,2,0.438724125495853,3
881,1,1.10289715584837,76.18,87.693710118505,12,30095.00139223,54.703196347032005,Minor_Damage_And_Injuries,1,0.27752686620988104,4
209,4,0.0743575787909855,77.95,56.7456700091158,20,40729.8147773945,25.9817351598173,Minor_Damage_And_Injuries,0,0.555204471691309,3
241,4,0.0722610484320384,82.39,64.5396536007293,18,39901.6054859658,11.5068493150685,Highly_Fatal_And_Damaging,32,0.387876667868734,1
5634,7,0.00266826442491109,82.0,58.20419325433001,21,30195.7392180597,39.5433789954338,Significant_Damage_And_Fatalities,3,0.46829498737829,3
11822,3,0.162085006509895,81.74,42.5706472196901,16,32655.841930990802,29.8173515981735,Minor_Damage_And_Injuries,3,0.6082156509195811,4
5830,7,0.00224682397687893,84.4,73.70100273473109,11,25758.1197982121,36.4383561643836,Highly_Fatal_And_Damaging,3,0.21441831950955603,1
11119,4,0.0547403831070529,79.48,65.2689152233364,14,29727.4972777029,25.8904109589041,Highly_Fatal_And_Damaging,5,0.316473855030653,3
11415,2,0.34492667419949397,79.83,76.6180492251596,11,25605.0986574627,33.2420091324201,Highly_Fatal_And_Damaging,8,0.371648755860079,0
6230,4,0.100005416841789,82.15,53.7374658158614,17,53966.6227232374,12.5114155251142,Highly_Fatal_And_Damaging,14,0.554122610890732,1
2724,6,0.00821406609515457,77.63,82.3154056517776,13,32222.0358753946,29.223744292237395,Highly_Fatal_And_Damaging,0,0.221270104579877,3
1732,3,0.199990448988869,77.89,50.1823154056518,14,40442.728147577596,48.2648401826484,Highly_Fatal_And_Damaging,20,0.484522899386945,1
5448,6,0.00869067328026623,85.26,57.611668185961705,13,35808.753438644504,26.7123287671233,Highly_Fatal_And_Damaging,2,0.438002884962135,4
12294,7,0.00307977328659493,78.14,70.9206927985415,10,32463.032918282002,73.1050228310502,Significant_Damage_And_Fatalities,7,0.24903786512801998,2
8667,2,0.379276810633701,77.52,74.65815861440291,8,28185.910470362996,69.36073059360729,Minor_Damage_And_Injuries,1,0.306015867291742,2
11912,3,0.17306668059365998,82.13,47.9489516864175,7,34791.9975752394,71.9178082191781,Highly_Fatal_And_Damaging,1,0.598839523981248,3
6673,4,0.0597560868165434,77.4,77.2561531449408,11,33007.8815916319,34.2465753424658,Highly_Fatal_And_Damaging,2,0.262020194734944,3
6894,4,0.0796416216471924,77.87,79.535095715588,15,43569.6921226912,32.8767123287671,Significant_Damage_And_Serious_Injuries,4,0.222351965380454,2
1132,1,1.4613482216058897,80.55,59.2069279854148,9,39923.9953288216,39.8173515981735,Highly_Fatal_And_Damaging,2,0.29231229715109996,2
340,2,0.451609331339098,76.27,70.4193254329991,10,33309.9400006456,60.0,Minor_Damage_And_Injuries,4,0.390401009736747,2
8160,2,0.35647718909282,76.95,43.1631722880583,14,26385.9208020125,49.178082191780796,Highly_Fatal_And_Damaging,22,0.4856047601875229,2
6549,4,0.0722610484320384,81.23,73.83773928896991,9,39694.5021804369,53.1963470319635,Highly_Fatal_And_Damaging,0,0.36984565452578405,1
10822,4,0.0502229972557038,83.17,46.080218778486795,9,27281.220171922403,40.821917808219204,Significant_Damage_And_Fatalities,10,0.37489433826181,2
3276,6,0.00847670132384697,78.91,65.4512306289882,14,35818.6532209991,59.4520547945205,Significant_Damage_And_Fatalities,32,0.46108258204110997,2
302,3,0.142927068408558,76.79,59.3892433910666,20,28554.7773720691,15.205479452054801,Significant_Damage_And_Serious_Injuries,10,0.28365741074648404,2
4725,3,0.18705950079338501,85.1,57.4293527803099,14,37686.4244586815,34.7488584474886,Significant_Damage_And_Serious_Injuries,13,0.505078254597908,3
4303,7,0.00345265139045912,81.08,51.3673655423883,10,36885.6979512017,76.6666666666667,Significant_Damage_And_Serious_Injuries,1,0.640310854670032,3
3340,7,0.00303903530874409,78.23,49.6809480401094,6,32253.3806018104,51.8721461187215,Significant_Damage_And_Fatalities,2,0.36155138838802703,3
4692,2,0.25328347095111703,77.67,65.2689152233364,15,19243.133090562398,44.3835616438356,Minor_Damage_And_Injuries,12,0.32116191849982,1
9617,2,0.209602822932632,81.93,60.6198723792161,15,16099.4774068421,45.0684931506849,Minor_Damage_And_Injuries,3,0.45278831590335294,2
5552,3,0.21051362579014202,78.54,76.0711030082042,15,42485.506454896,32.3744292237443,Significant_Damage_And_Serious_Injuries,22,0.27788748647674,2
10814,6,0.00831088754460274,79.7,68.7784867821331,12,36292.1949816483,31.8264840182648,Highly_Fatal_And_Damaging,3,0.38354922466642605,2
6706,4,0.0573884601721742,84.52,59.0701914311759,13,31227.754214610097,51.2785388127854,Minor_Damage_And_Injuries,1,0.46721312657771297,0
4055,7,0.00290596062936777,78.09,59.525979945305394,10,30049.5696334466,72.32876712328759,Significant_Damage_And_Fatalities,2,0.366960692390912,3
10164,1,1.0827906220613501,77.39,61.9872379216044,16,29430.8034286226,19.6803652968037,Highly_Fatal_And_Damaging,11,0.556646952758745,2
6205,2,0.134834939340907,80.86,55.6973564266181,21,10923.0194874701,4.29223744292237,Significant_Damage_And_Fatalities,4,0.4185293905517489,0
2942,4,0.0804705844406809,81.53,68.4138559708295,10,43568.4879176962,36.4383561643836,Highly_Fatal_And_Damaging,3,0.24543166245943,1
4563,4,0.0892827355015043,82.92,68.4594348222425,17,48025.5664059958,15.4794520547945,Highly_Fatal_And_Damaging,2,0.34027479264334604,3
7815,3,0.164634007734505,77.55,60.6198723792161,8,33372.8197860987,54.5205479452055,Significant_Damage_And_Serious_Injuries,0,0.5036357735304721,0
310,4,0.0453323988881035,79.15,47.0829535095716,16,24600.5650962669,29.4977168949772,Minor_Damage_And_Injuries,1,0.6038882077172739,4
11942,2,0.600381644287286,83.92,58.4320875113947,16,44363.1891191291,41.2785388127854,Minor_Damage_And_Injuries,7,0.3932859718716189,3
12360,4,0.0639057568277937,83.81,50.136736554238794,18,34811.6846134921,12.694063926940599,Significant_Damage_And_Fatalities,13,0.448460872701046,1
3861,2,0.0957534182118543,88.71,70.1458523245214,8,6695.81475147089,68.9954337899543,Minor_Damage_And_Injuries,21,0.301327803822575,0
10256,6,0.009597840559474559,84.8,78.9881494986326,10,40757.3230112037,49.8173515981735,Significant_Damage_And_Serious_Injuries,11,0.311064551027768,2
8189,3,0.16817304288473597,80.24,87.5569735642662,12,33570.2963672233,31.0958904109589,Highly_Fatal_And_Damaging,5,0.234973674720519,1
826,3,0.145406245169267,77.63,64.7219690063811,15,29267.164873459904,33.287671232876704,Significant_Damage_And_Serious_Injuries,4,0.4145625676163,2
1783,7,0.00317375662311287,79.31,74.74931631722879,14,34289.0143128188,37.5342465753425,Significant_Damage_And_Serious_Injuries,1,0.389679769203029,1
1178,4,0.031352391443090995,82.54,45.8067456700091,11,17019.5745882236,35.9817351598173,Significant_Damage_And_Fatalities,6,0.410595744680851,4
5502,6,0.00433208132714267,79.54,70.0091157702826,16,17260.0722672599,29.5433789954338,Significant_Damage_And_Serious_Injuries,12,0.46432816444284203,0
11369,7,0.00285292274889008,90.87,62.853236098450296,15,32019.919489192,22.7397260273973,Highly_Fatal_And_Damaging,2,0.330898665705012,3
4325,6,0.00917072119817155,81.23,73.9288969917958,12,36468.4292231444,44.703196347032005,Significant_Damage_And_Serious_Injuries,3,0.38174612333213104,4
10969,1,0.969928358500008,79.34,66.9097538742024,10,26600.528829705097,47.4885844748858,Minor_Damage_And_Injuries,0,0.420332491886044,1
11892,4,0.0443042071804465,75.54,54.649042844120295,11,24170.0895338431,47.4885844748858,Minor_Damage_And_Injuries,16,0.474786152181753,2
4076,5,0.025816320539417997,83.73,51.8231540565178,10,38340.917759317,38.8584474885845,Significant_Damage_And_Fatalities,17,0.639950234403173,1
4667,4,0.0356172029643824,78.53,91.11212397447581,15,20028.1631631448,21.735159817351605,Highly_Fatal_And_Damaging,19,0.25769275153263604,3
4408,2,0.278446237781689,76.77,68.7784867821331,14,20871.6060187312,48.4474885844749,Minor_Damage_And_Injuries,1,0.265265777136675,1
1427,2,0.116198848524886,78.0,78.7602552415679,12,9065.40417066948,55.1141552511415,Minor_Damage_And_Injuries,2,0.39076163000360603,3
5886,5,0.0142540310188067,80.31,65.4512306289882,12,21779.8358358126,55.0684931506849,Minor_Damage_And_Injuries,1,0.45134583483591795,2
10885,2,0.67013217659738,79.85,74.7037374658159,11,50246.9001511825,35.9360730593607,Highly_Fatal_And_Damaging,9,0.326931842769563,2
10833,3,0.12443500146802301,78.18,49.6809480401094,15,24897.4411607909,34.0182648401826,Minor_Damage_And_Injuries,8,0.33702921024161503,3
10939,1,0.859867417828303,82.97,63.90154968094811,14,23362.5382988508,25.251141552511395,Highly_Fatal_And_Damaging,43,0.24651352326000697,3
2707,7,0.00270472976860055,77.55,70.1458523245214,13,29646.1499330135,50.0913242009132,Minor_Damage_And_Injuries,5,0.6724060584204828,3
11256,6,0.00720357970658475,77.47,56.19872379216039,14,29311.5725785883,23.0593607305936,Highly_Fatal_And_Damaging,15,0.399416516408222,2
9147,4,0.0763710398578118,78.46,79.39835916134909,15,41371.6365588084,20.8219178082192,Highly_Fatal_And_Damaging,1,0.24579228272628895,3
8711,2,0.641805738503765,77.17,37.511394712853296,16,47505.462290606796,17.4885844748858,Significant_Damage_And_Fatalities,1,0.577923548503426,2
6874,4,0.0665314538675571,81.1,62.2607110300821,13,35920.1462391505,29.589041095890398,Highly_Fatal_And_Damaging,12,0.247234763793725,2
2555,1,1.29880477316908,76.63,33.682771194165895,6,35305.1741362138,63.01369863013699,Minor_Damage_And_Injuries,11,0.5642199783627839,4
625,6,0.0100247500426134,81.1,92.2971741112124,8,41264.2046444076,58.2191780821918,Significant_Damage_And_Serious_Injuries,7,0.21153335737468398,2
3355,3,0.156147792298604,76.79,72.8350045578852,14,31728.6566869053,36.894977168949794,Significant_Damage_And_Serious_Injuries,11,0.351814641182834,2
7044,7,0.0029121853389128803,76.19,51.4585232452142,14,31532.359463829398,60.136986301369895,Significant_Damage_And_Serious_Injuries,2,0.480556076451497,2
854,7,0.00307248713334016,78.19,66.5451230628988,15,35769.5193950316,21.8264840182648,Highly_Fatal_And_Damaging,0,0.523469888207717,2
8689,3,0.12376105756485901,79.1,53.919781221513205,13,24865.1960841046,39.4977168949772,Significant_Damage_And_Serious_Injuries,0,0.474425531914894,2
8062,4,0.0765664060964708,83.72,56.8368277119417,20,41920.2471614135,28.630136986301398,Highly_Fatal_And_Damaging,1,0.36443635052289897,2
6943,6,0.00497222435160952,78.3,73.4275296262534,14,19550.4236118066,58.7214611872146,Significant_Damage_And_Fatalities,7,0.22271258564731303,0
12305,7,0.0040045627353063,78.92,61.5314494074749,14,41329.443554677404,59.8173515981735,Significant_Damage_And_Fatalities,0,0.250119725928597,3
2874,5,0.0295890722160564,83.25,57.748404740200606,16,43803.4361082034,40.7305936073059,Minor_Damage_And_Injuries,10,0.7174835917778578,1
12243,4,0.0628086341822525,85.87,53.327256153145,14,34446.9762238693,23.7442922374429,Significant_Damage_And_Fatalities,7,0.395449693472773,3
239,6,0.007286016381882591,77.09,72.4247948951687,13,28967.635325761403,41.8264840182648,Significant_Damage_And_Serious_Injuries,1,0.37345185719437396,4
4083,4,0.0775419698101819,83.63,57.2926162260711,12,42442.885238422205,30.9132420091324,Highly_Fatal_And_Damaging,0,0.34892967904796196,1
10585,4,0.0563295397232032,79.91,75.8432087511395,6,31003.9110435795,50.7305936073059,Highly_Fatal_And_Damaging,1,0.37092751532636103,2
962,7,0.00279628317028023,81.78,57.4293527803099,11,28891.498017638598,70.0913242009132,Significant_Damage_And_Fatalities,3,0.399777136675081,0
9546,2,0.30509366117033504,79.65,68.2771194165907,7,22472.167459524302,69.7260273972603,Minor_Damage_And_Injuries,9,0.35686332491885997,4
3469,3,0.205286208938162,80.16,50.6836827711942,12,41138.0780833803,53.7899543378995,Highly_Fatal_And_Damaging,0,0.645720158672917,1
6084,2,0.5510408050069999,79.6,53.2360984503191,16,40868.6537866347,40.7762557077626,Highly_Fatal_And_Damaging,9,0.42465993508835204,0
5782,2,0.28359564915839097,88.93,78.5323609845032,14,20970.593544561998,58.767123287671204,Significant_Damage_And_Fatalities,8,0.249759105661738,2
11590,2,0.561343946515332,76.89,78.07657247037379,15,41494.368499835,46.1643835616438,Minor_Damage_And_Injuries,3,0.355060223584565,3
9902,6,0.00745327975699493,81.09,69.91795806745671,11,28586.8716057328,47.5799086757991,Significant_Damage_And_Serious_Injuries,6,0.22848250991705701,1
4326,3,0.194627896518072,79.57,80.4922515952598,17,39140.6113678675,26.575342465753398,Significant_Damage_And_Serious_Injuries,13,0.324768121168409,2
5657,2,0.169198630884806,79.98,92.8896991795807,14,12091.874378793998,49.0867579908676,Minor_Damage_And_Injuries,2,0.16248900108186098,2
8541,7,0.00148033397409175,76.48,69.7812215132179,16,4203.2663726212295,31.1415525114155,Significant_Damage_And_Serious_Injuries,7,0.309261449693473,1
7034,4,0.0373196077530156,77.16,62.8988149498633,13,20692.5240026338,26.3470319634703,Highly_Fatal_And_Damaging,22,0.288345474215651,3
12087,1,1.0371979078718199,77.26,81.4494074749317,12,28193.962254837003,31.9634703196347,Highly_Fatal_And_Damaging,17,0.4336754417598271,1
10396,7,0.00251233544374229,78.8,65.9981768459435,15,27035.8387936996,20.4566210045662,Highly_Fatal_And_Damaging,2,0.260577713667508,3
8923,3,0.18488641874688602,79.03,64.9954421148587,17,37047.5511597612,27.945205479452,Significant_Damage_And_Serious_Injuries,1,0.4257417958889289,3
1140,2,0.6773000189219929,77.04,66.1349134001823,7,50138.8533250908,72.5570776255708,Highly_Fatal_And_Damaging,2,0.335586729174179,2
6430,3,0.227253121797105,78.65,74.9772105742936,13,45645.0096876542,38.310502283105,Significant_Damage_And_Serious_Injuries,3,0.249759105661738,0
7611,3,0.11037399040250902,76.35,62.944393801276206,13,22231.9110606015,38.7214611872146,Significant_Damage_And_Serious_Injuries,9,0.37958240173097707,2
8504,3,0.16143027469441198,80.79,74.52142206016408,12,32649.462507135097,41.8264840182648,Significant_Damage_And_Serious_Injuries,3,0.40013775694194004,1
4520,1,1.0889628054204499,81.73,68.1859617137648,9,29306.9507519677,42.5570776255708,Highly_Fatal_And_Damaging,9,0.237498016588532,2
10285,7,0.0038872058821915103,84.03,72.97174111212401,6,43564.0944400642,87.48858447488578,Significant_Damage_And_Fatalities,21,0.49281716552470295,2
10381,4,0.0602782872200922,80.61,37.876025524156795,18,32986.7833036824,46.1643835616438,Significant_Damage_And_Serious_Injuries,4,0.600282005048683,2
11615,7,0.00155927424481951,83.04,56.8368277119417,8,17582.7396691811,80.958904109589,Significant_Damage_And_Fatalities,7,0.409153263613415,4
2071,3,0.18710519224946104,78.15,71.8322698268004,14,37550.3987735086,35.1141552511415,Significant_Damage_And_Serious_Injuries,2,0.363715109989181,2
6803,5,0.0237065079134959,81.58,56.4721969006381,15,34458.296716550496,23.424657534246602,Significant_Damage_And_Fatalities,0,0.37597619906238705,2
5767,7,0.0031758860473211,77.78,63.719234275296294,17,35247.2887973971,39.3607305936073,Minor_Damage_And_Injuries,2,0.452427695636495,2
11060,7,0.0024008732129236396,79.88,77.7575205104832,12,26150.179721422202,68.03652968036529,Significant_Damage_And_Fatalities,5,0.263823296069239,2
2710,3,0.0659238242008835,77.38,62.351868732907896,15,13375.354862521399,34.3835616438356,Significant_Damage_And_Serious_Injuries,5,0.339192931842769,2
10744,7,0.0038460374795458,78.23,46.2625341841386,16,45864.178042370404,53.2420091324201,Significant_Damage_And_Serious_Injuries,0,0.510848178867652,0
8063,2,0.256113629626921,77.89,69.91795806745671,15,19100.8703857173,46.4383561643836,Minor_Damage_And_Injuries,6,0.324046880634692,2
9732,2,0.39697993367177503,87.0,53.96536007292621,13,29498.4301186926,41.4611872146119,Minor_Damage_And_Injuries,2,0.461803822574828,1
9304,3,0.134611369951369,76.22,36.782133090246205,6,26733.763247326002,63.6529680365297,Minor_Damage_And_Injuries,11,0.45603389830508395,2
1324,1,0.202495647194575,77.29,71.6043755697357,17,12642.682015181299,14.246575342465698,Highly_Fatal_And_Damaging,0,0.29014857554994605,1
12270,1,1.15647808158358,77.64,80.6289881494986,18,31497.9499673991,10.502283105022801,Highly_Fatal_And_Damaging,0,0.281854309412189,4
1130,6,0.00898285702476395,78.02,56.9279854147676,14,36484.232630419305,38.3561643835616,Minor_Damage_And_Injuries,1,0.538976559682654,2
1949,2,0.7515914847110421,76.68,67.6390154968095,15,57329.6806139297,56.2100456621004,Significant_Damage_And_Fatalities,0,0.34027479264334604,2
1077,2,0.34492667419949397,82.17,75.34184138559709,17,25688.520495908302,37.4429223744292,Minor_Damage_And_Injuries,11,0.38823728813559294,2
10335,5,0.0108072656643546,76.86,70.2825888787603,15,14139.9067872575,43.3333333333333,Minor_Damage_And_Injuries,9,0.3936465921384779,2
7096,4,0.0710959797816375,78.76,63.8559708295351,13,38550.1322252062,40.9132420091324,Significant_Damage_And_Serious_Injuries,0,0.27139632167327804,2
7650,3,0.233684409670316,78.74,65.2689152233364,13,47495.6595147704,39.908675799086794,Significant_Damage_And_Serious_Injuries,1,0.250119725928597,1
8951,3,0.198958190239315,78.31,53.1905195989061,8,39820.419251239706,56.1187214611872,Minor_Damage_And_Injuries,1,0.584775333573747,2
10931,4,0.0392500739871597,76.8,43.072014585232495,17,21448.468553893897,14.4748858447489,Significant_Damage_And_Fatalities,3,0.45603389830508395,1
1871,4,0.0359326251060639,77.94,72.3792160437557,16,19615.290329981002,40.684931506849296,Minor_Damage_And_Injuries,1,0.302409664623152,1
8810,4,0.0865139983925863,75.59,72.7438468550593,15,47141.2263132954,43.1963470319635,Minor_Damage_And_Injuries,0,0.231728092318788,1
9348,6,0.00880518950811756,83.82,64.2206016408387,13,33355.8640395299,40.821917808219204,Significant_Damage_And_Serious_Injuries,0,0.273560043274432,2
8554,5,0.0163680516978405,76.42,90.154968094804,12,24842.6498966652,54.109589041095894,Minor_Damage_And_Injuries,1,0.26815073927154703,1
6707,5,0.026380928931565,77.1,60.027347310847794,12,38801.3690549755,44.7488584474886,Significant_Damage_And_Serious_Injuries,4,0.40771078254597903,2
11076,5,0.0331848565099239,87.86,71.55879671832271,12,48169.6410596784,33.1963470319635,Highly_Fatal_And_Damaging,14,0.351454020915975,3
7914,1,0.41453735177692497,77.25,53.6918869644485,16,10587.3525848917,40.6392694063927,Highly_Fatal_And_Damaging,1,0.474425531914894,2
9867,2,0.691152160528896,80.07,58.7055606198724,13,50738.4335410912,52.55707762557079,Minor_Damage_And_Injuries,5,0.377058059862964,2
12471,4,0.0865963416873615,79.28,73.60984503190521,10,47147.8297247954,36.62100456621,Highly_Fatal_And_Damaging,11,0.40590768121168397,2
314,7,0.00270472976860055,78.7,69.64448495897899,20,30696.568878763,4.65753424657534,Highly_Fatal_And_Damaging,5,0.199632888568337,1
7522,3,0.108798254585535,83.96,79.85414767547859,15,21852.7135965614,33.7899543378995,Significant_Damage_And_Serious_Injuries,5,0.29519725928597196,3
9795,2,0.37226471910453496,81.86,70.0091157702826,11,27619.7064200209,36.4383561643836,Highly_Fatal_And_Damaging,3,0.282575549945907,2
5952,2,0.17603090511794,82.97,82.4521422060164,17,15127.535399943601,26.1187214611872,Significant_Damage_And_Serious_Injuries,0,0.18448683736025895,1
6270,7,0.00243338404986988,79.56,43.072014585232495,17,23304.6623368483,50.273972602739704,Significant_Damage_And_Serious_Injuries,0,0.438724125495853,3
103,7,0.0028252370061434603,79.88,84.8678213309025,10,30107.346641430602,71.7808219178082,Significant_Damage_And_Fatalities,3,0.199993508835196,2
5754,3,0.109711641703001,80.79,75.8432087511395,11,22172.6983509275,45.2511415525114,Significant_Damage_And_Serious_Injuries,3,0.3849917057338621,3
8292,7,0.0036221837791412296,79.17,72.0145852324522,15,39241.561083223,46.25570776255711,Minor_Damage_And_Injuries,17,0.388958528669311,1
12138,4,0.0691843136690765,78.63,65.0865998176846,14,37949.724386183996,25.570776255707802,Highly_Fatal_And_Damaging,15,0.38931914893617,1