Accident_ID,Accident_Type_Code,Adverse_Weather_Metric,Cabin_Temperature,Control_Metric,Days_Since_Inspection,Max_Elevation,Safety_Score,Severity,Total_Safety_Complaints,Turbulence_In_gforces,Violations
8607,3,0.189127877173483,77.0,61.0300820419326,12,37974.6171677544,43.150684931506795,Significant_Damage_And_Serious_Injuries,21,0.413120086548864,1
8158,7,0.0036173616998907295,77.36,74.74931631722879,14,40762.813278056805,34.7488584474886,Significant_Damage_And_Serious_Injuries,6,0.263823296069239,2
5645,2,0.45885903355730295,79.88,78.94257064721971,8,33976.455314444596,55.890410958904106,Significant_Damage_And_Serious_Injuries,9,0.36119076812116796,3
8636,2,0.38932566963730997,79.54,87.2835004557885,9,28707.341865646402,54.84018264840179,Significant_Damage_And_Serious_Injuries,0,0.27752686620988104,2
11033,1,1.4261822535335702,76.13,68.3682771194166,13,38752.9477457052,28.9041095890411,Highly_Fatal_And_Damaging,0,0.398695275874504,3
3301,3,0.193090443884492,76.71,70.1914311759344,11,38924.6214354371,47.351598173515995,Significant_Damage_And_Serious_Injuries,8,0.280411828344753,1
11419,4,0.049008374205047,78.4,63.90154968094811,18,26880.342186243302,35.388127853881294,Minor_Damage_And_Injuries,3,0.26274143526866195,3
7217,1,1.7000268879320202,76.56,64.35733819507749,11,45972.13597876769,33.8812785388128,Highly_Fatal_And_Damaging,3,0.324046880634692,2
11045,5,0.0109511184797237,80.9,35.824977210574296,19,15714.1901232461,20.958904109589,Minor_Damage_And_Injuries,2,0.611100613054453,2
7896,4,0.0557625104986608,88.74,78.669097538742,13,30469.2343965727,26.3013698630137,Highly_Fatal_And_Damaging,10,0.39761341507392695,2
3083,3,0.19098604741638797,78.55,69.8268003646308,13,38350.7195579992,40.821917808219204,Significant_Damage_And_Serious_Injuries,1,0.324046880634692,2
9870,1,1.3463640845786797,80.6,41.4311759343665,12,37034.4056430355,32.557077625570805,Significant_Damage_And_Fatalities,0,0.553401370357014,1
1614,5,0.0191324436332997,81.76,66.1804922515953,18,27222.894127003397,46.894977168949794,Significant_Damage_And_Fatalities,11,0.377418680129823,1
3773,5,0.024495461619962,79.36,83.9106654512306,11,35847.895873568,57.671232876712295,Minor_Damage_And_Injuries,9,0.29447601875225393,4
7449,2,0.352152738713723,80.51,61.5314494074749,15,26021.860445271803,33.698630136986296,Significant_Damage_And_Serious_Injuries,16,0.46721312657771297,3
10669,7,0.00270436622546922,82.97,53.6463081130356,10,30551.914471598397,74.2009132420091,Significant_Damage_And_Fatalities,1,0.387876667868734,2
2771,7,0.00250016144798474,79.21,59.115770282588905,11,27034.8776966234,67.4429223744292,Significant_Damage_And_Fatalities,3,0.366960692390912,3
2498,7,0.0032343539250976397,79.96,75.2051048313583,15,33959.191621617996,57.9908675799087,Significant_Damage_And_Fatalities,7,0.237858636855391,3
6881,2,0.43265129710754,77.16,60.5287146763902,15,32158.5045387508,43.1963470319635,Minor_Damage_And_Injuries,8,0.315752614496934,0
598,3,0.181056414605482,77.82,31.5405651777575,18,36350.8751542663,11.5068493150685,Significant_Damage_And_Fatalities,4,0.584775333573747,3
10341,6,0.00686081877193683,76.86,64.8131267092069,8,26006.0804589729,55.9360730593607,Significant_Damage_And_Serious_Injuries,0,0.365518211323476,3
10204,7,0.00260493974551828,79.45,97.7666362807658,14,30664.9684488475,46.894977168949794,Minor_Damage_And_Injuries,2,0.37092751532636103,2
8014,5,0.0140645549945742,75.35,67.50227894257071,7,21524.2012567384,47.899543378995396,Highly_Fatal_And_Damaging,6,0.257332131265777,3
3332,5,0.0176558251102843,78.87,45.442114858705594,13,24600.5650962669,39.3607305936073,Minor_Damage_And_Injuries,0,0.698731337901189,1
903,4,0.0905924441864506,80.26,53.96536007292621,15,49696.2613236884,46.4840182648402,Highly_Fatal_And_Damaging,0,0.621558600793364,2
780,5,0.0125835462103629,80.76,61.440291704649105,17,19494.8587357381,27.1232876712329,Significant_Damage_And_Serious_Injuries,0,0.48632600072124,3
12058,2,0.40130981931802706,80.17,53.2360984503191,7,29699.2142813025,58.8584474885845,Minor_Damage_And_Injuries,0,0.584775333573747,3
2405,5,0.0324373855024073,76.56,60.3463992707384,11,48367.5893217614,57.0319634703196,Minor_Damage_And_Injuries,39,0.40338333934367104,2
6037,2,0.30011361651155,78.68,57.247037374658206,13,21723.6549068887,27.7168949771689,Highly_Fatal_And_Damaging,5,0.308900829426614,1
5738,5,0.0257192489346566,81.29,76.5268915223336,19,39152.7700279413,31.9634703196347,Minor_Damage_And_Injuries,10,0.317555715831229,2
41,2,0.262284440356596,82.53,68.8240656335461,12,19364.545391415602,56.8036529680365,Minor_Damage_And_Injuries,1,0.200354129102055,2
1445,4,0.0679868152263464,80.36,66.1349134001823,9,37123.4671202188,43.105022831050206,Highly_Fatal_And_Damaging,9,0.317916336098088,1
851,7,0.00417600932533172,79.62,73.1084776663628,17,45751.983412795096,38.4931506849315,Minor_Damage_And_Injuries,36,0.405547060944825,4
9217,4,0.0435695366800226,78.1,66.8641750227894,14,24068.4258556326,25.1141552511416,Highly_Fatal_And_Damaging,5,0.47803173458348297,1
5904,1,1.4947197458645503,78.08,74.9316317228806,12,40754.7656202953,30.3196347031963,Highly_Fatal_And_Damaging,10,0.19133862243058,0
5764,6,0.00545998902726207,78.43,55.2871467639016,11,22022.4520363672,45.0684931506849,Minor_Damage_And_Injuries,35,0.5833328525063111,2
1191,7,0.0035124130283169398,82.2,57.520510483135794,13,38340.917759317,40.091324200913206,Significant_Damage_And_Serious_Injuries,12,0.605691309051569,1
8947,2,0.484710456352861,78.7,82.0875113947128,17,35996.0359317606,26.575342465753398,Significant_Damage_And_Serious_Injuries,2,0.22163072484673602,2
7753,2,0.429274158143407,79.75,70.60164083865091,13,31661.628809564303,50.9132420091324,Minor_Damage_And_Injuries,0,0.36119076812116796,1
11118,2,0.513039501471087,81.78,66.6362807657247,11,37749.2312463216,57.9908675799087,Minor_Damage_And_Injuries,1,0.41564442841687704,1
2329,4,0.0701503302031917,77.29,65.1777575205105,16,38399.455104896,17.1689497716895,Highly_Fatal_And_Damaging,0,0.272838802740714,0
6048,7,0.00260608261095233,81.04,65.1321786690975,10,28153.6835624095,75.5707762557078,Significant_Damage_And_Fatalities,13,0.32116191849982,1
10512,2,0.503944598786528,79.14,70.5560619872379,11,37236.7491118675,34.703196347032,Highly_Fatal_And_Damaging,0,0.33702921024161503,0
7594,3,0.0665379775736837,80.06,67.31996353691889,13,13192.6746411516,37.9908675799087,Significant_Damage_And_Serious_Injuries,0,0.301327803822575,2
5735,2,0.42350412650355296,76.36,76.253418413856,16,31290.8093282879,40.7305936073059,Minor_Damage_And_Injuries,2,0.5209455463397039,1
3682,4,0.0462706745428268,78.52,60.80218778486779,20,25239.6627058985,29.634703196346997,Minor_Damage_And_Injuries,22,0.48993220338983,2
5029,2,0.7730096114867209,79.8,56.0619872379216,17,55535.5164400847,26.575342465753398,Minor_Damage_And_Injuries,15,0.491735304724126,1
4429,2,0.280042859677686,86.56,69.1431175934367,16,20815.9142089448,18.538812785388103,Highly_Fatal_And_Damaging,0,0.325849981968986,1
12373,1,1.14117623817193,78.63,55.651777575205095,13,31195.581346851097,29.7260273972603,Significant_Damage_And_Fatalities,21,0.5130119004688061,3
6213,6,0.00784444465721868,77.08,44.8951686417502,13,31432.1242314197,28.9041095890411,Significant_Damage_And_Fatalities,0,0.623001081860801,0
2882,2,0.426934615801289,80.77,56.1531449407475,13,31433.117171692902,38.4474885844749,Minor_Damage_And_Injuries,1,0.41348070681572296,3
9598,6,0.00930781326945242,76.77,58.4320875113947,18,38605.1262744008,23.8812785388128,Significant_Damage_And_Serious_Injuries,8,0.28221492967904804,0
1152,6,0.005389074790336929,76.12,42.023701002734704,9,22418.797459827598,53.6529680365297,Minor_Damage_And_Injuries,3,0.413120086548864,3
12141,4,0.0434717134034317,78.37,61.440291704649105,16,23720.178932652598,19.1780821917808,Highly_Fatal_And_Damaging,3,0.38571294626758,3
10434,7,0.00331235995409662,77.91,70.5560619872379,20,32269.0683506148,39.4520547945205,Significant_Damage_And_Fatalities,13,0.293754778218536,0
415,3,0.125493231955833,80.22,62.7164995442115,14,25474.308316526698,36.027397260274,Significant_Damage_And_Serious_Injuries,3,0.267790119004688,0
11128,1,1.0371979078718199,80.64,52.5524156791249,20,28475.160006696602,19.5433789954338,Minor_Damage_And_Injuries,12,0.30781896862603697,1
4766,2,0.43265129710754,79.6,53.463992707383795,16,32147.4177639373,18.7214611872146,Significant_Damage_And_Fatalities,1,0.395449693472773,1
185,6,0.0061810368598627895,78.76,45.897903372834996,19,24941.7862445858,41.689497716895,Significant_Damage_And_Serious_Injuries,8,0.668078615218175,1
7903,1,1.3583961336022699,77.16,61.485870556062004,11,37060.2236393683,33.7442922374429,Highly_Fatal_And_Damaging,2,0.44413342949873796,2
2377,1,1.9079256458467,79.88,33.682771194165895,6,52118.2696447033,62.0091324200913,Minor_Damage_And_Injuries,21,0.668078615218175,4
2421,4,0.0688662703827097,76.16,75.432999088423,18,37164.6419753701,12.694063926940599,Highly_Fatal_And_Damaging,6,0.285821132347638,3
1531,6,0.00627654085155748,86.94,79.2616226071103,15,25373.3038769229,33.1050228310502,Significant_Damage_And_Serious_Injuries,5,0.296639740353408,2
599,3,0.161099598375108,78.96,87.46581586144029,13,32133.432178501298,40.7762557077626,Significant_Damage_And_Serious_Injuries,2,0.372009376126938,2
8169,6,0.00957553756891347,83.64,72.0145852324522,17,37664.9213225571,24.9315068493151,Significant_Damage_And_Serious_Injuries,7,0.41348070681572296,2
6062,3,0.199585420560171,80.02,82.0875113947128,9,39961.8207622236,52.9223744292237,Significant_Damage_And_Serious_Injuries,0,0.22884313018391603,1
1399,5,0.0351650331134311,80.53,73.0173199635369,12,58976.8520255293,54.5205479452055,Minor_Damage_And_Injuries,2,0.32116191849982,3
7409,5,0.0166996848599072,80.85,72.7438468550593,8,24664.528930302797,70.0,Minor_Damage_And_Injuries,2,0.427905517490083,2
2221,7,0.00454671815180665,78.51,32.4521422060164,12,49288.6355066503,30.1369863013699,Significant_Damage_And_Fatalities,2,0.678175982690227,1
4069,3,0.16756358864324697,81.39,69.00638103919779,13,33523.702338797404,39.13242009132421,Significant_Damage_And_Serious_Injuries,3,0.20396033177064501,2
9527,1,1.5073458936192399,86.58,61.0300820419326,15,41118.8206454296,22.602739726027398,Highly_Fatal_And_Damaging,25,0.298803461954562,3
9683,4,0.0488975818320902,79.53,76.6180492251596,18,26632.0129708879,23.6529680365297,Significant_Damage_And_Serious_Injuries,0,0.23389181391994196,1
4068,1,0.9785787680736759,80.61,52.7803099361896,13,26412.3256335554,28.9041095890411,Highly_Fatal_And_Damaging,2,0.280411828344753,2
9825,2,0.44307751270827794,76.63,68.64175022789429,11,32800.8368678312,36.9406392694064,Highly_Fatal_And_Damaging,0,0.25084096646231496,2
2378,2,0.469625726447576,78.02,59.9817684594348,10,34616.5337280709,37.2146118721461,Highly_Fatal_And_Damaging,2,0.26815073927154703,4
11470,6,0.00917072119817155,87.43,75.1595259799453,18,34859.8063971959,21.9178082191781,Significant_Damage_And_Serious_Injuries,12,0.428626758023801,0
10417,6,0.0126813008067152,76.6,42.7985414767548,19,51044.7091093402,41.7351598173516,Significant_Damage_And_Serious_Injuries,11,0.5378946988820771,2
11477,3,0.17837978120928102,76.96,71.9234275296263,14,35906.4415472225,37.85388127853879,Significant_Damage_And_Serious_Injuries,5,0.27788748647674,1
11583,4,0.0650199308625511,88.39,70.8751139471286,9,35683.7170907573,41.1872146118721,Highly_Fatal_And_Damaging,12,0.35938766678687295,1
3114,7,0.00281938218356537,76.68,76.4813126709207,20,30384.1142456733,29.5433789954338,Minor_Damage_And_Injuries,4,0.28149368914533,4
1010,1,1.01036207837383,82.31,55.0136736554239,17,27752.8670889775,36.164383561643795,Highly_Fatal_And_Damaging,1,0.47911359538406,2
9107,3,0.224922205425169,81.57,69.1431175934367,10,44701.648582514805,51.7808219178082,Significant_Damage_And_Serious_Injuries,1,0.4087926433465561,3
9600,1,0.647130362493558,79.81,73.4275296262534,14,16868.7507825344,23.013698630137,Highly_Fatal_And_Damaging,22,0.338471691309052,2
5098,2,0.15978428784918697,75.8,65.9981768459435,11,12376.561373231201,34.474885844748805,Highly_Fatal_And_Damaging,8,0.399055896141363,2
11172,6,0.00892252524172122,79.6,72.0145852324522,11,34481.225822636,45.0684931506849,Significant_Damage_And_Serious_Injuries,14,0.326210602235846,3
12428,2,0.292872788776625,78.76,87.46581586144029,14,21718.099605676398,24.7945205479452,Highly_Fatal_And_Damaging,10,0.263823296069239,3
6652,6,0.00538399196490689,81.59,68.1403828623519,9,22389.3806337181,55.0684931506849,Significant_Damage_And_Serious_Injuries,1,0.213697078975838,2
4591,6,0.00812807991710159,81.63,61.440291704649105,14,31993.458888341,37.3972602739726,Significant_Damage_And_Serious_Injuries,7,0.35217526144969297,3
4589,6,0.00633567921863729,76.18,72.8805834092981,16,24411.8291325658,30.9132420091324,Significant_Damage_And_Serious_Injuries,7,0.406989542012261,2
5747,5,0.0203538907847209,77.36,72.5615314494075,16,30465.089991741603,41.7351598173516,Minor_Damage_And_Injuries,6,0.26815073927154703,2
11273,4,0.0395851389792826,77.87,65.8614402917047,14,21541.920815782,25.1141552511416,Highly_Fatal_And_Damaging,9,0.282575549945907,2
8950,2,0.522405012067274,79.58,59.161349134001796,13,38666.0454138036,51.2785388127854,Minor_Damage_And_Injuries,13,0.42177497295348,1
8826,3,0.147316875425451,77.62,63.2634457611668,9,29542.2935498954,78.2191780821918,Significant_Damage_And_Fatalities,12,0.498947710061305,2
1595,3,0.17869972048531,77.0,79.535095715588,12,36048.4823583013,30.5022831050228,Highly_Fatal_And_Damaging,0,0.228121889650198,1
7321,1,1.53479794159215,77.62,62.1695533272562,10,42049.7757475593,48.2648401826484,Significant_Damage_And_Serious_Injuries,38,0.525272989542012,3
10431,6,0.00631949156737795,83.72,45.8067456700091,12,23588.118797977404,43.607305936073,Minor_Damage_And_Injuries,3,0.5458283447529749,3
6176,2,0.45461802393977596,77.46,40.5651777575205,4,33751.1121700652,57.945205479452,Significant_Damage_And_Fatalities,4,0.445215290299315,2
6315,3,0.11682712877859698,83.71,48.5870556061987,6,23595.2491430253,62.6940639269406,Minor_Damage_And_Injuries,21,0.541140281283808,3
4415,5,0.0321506743413185,77.89,71.0118505013674,14,47101.485751435706,48.9954337899543,Minor_Damage_And_Injuries,5,0.42718427695636496,1
10967,4,0.0370683583090205,82.2,51.0938924339107,13,20654.0788047055,40.1369863013699,Minor_Damage_And_Injuries,12,0.575759826902272,4
5341,4,0.0379490753135521,75.8,65.7247037374658,10,20412.1443415095,36.6666666666667,Highly_Fatal_And_Damaging,11,0.358305805986296,2
6466,4,0.0544392802512786,78.93,74.88605287146758,11,30077.4161879637,34.6118721461187,Highly_Fatal_And_Damaging,5,0.300606563288856,2
1236,2,0.467548979553349,77.62,52.0966271649954,7,34473.7994438458,60.365296803653,Minor_Damage_And_Injuries,21,0.581529751172016,3
7741,2,0.503141110685375,81.14,64.9954421148587,7,36844.4611648139,73.3333333333333,Minor_Damage_And_Injuries,6,0.371648755860079,2
4705,1,0.7680851341876271,80.44,62.57976298997271,15,20870.1016412194,20.1826484018265,Highly_Fatal_And_Damaging,3,0.44485467003245505,2
5082,5,0.0208654093668965,79.09,71.0118505013674,8,28767.4921370382,69.36073059360729,Minor_Damage_And_Injuries,1,0.23100685178507,2
10676,4,0.0886488268505119,81.56,54.876937101185,11,48905.770876860195,35.5707762557078,Significant_Damage_And_Fatalities,7,0.450263974035341,2
8341,7,0.0023784050751280397,80.71,67.228805834093,13,27170.4051650641,30.1369863013699,Highly_Fatal_And_Damaging,11,0.357223945185719,3
3202,6,0.0064098498207914,78.61,45.3965360072927,9,23588.118797977404,52.9680365296804,Minor_Damage_And_Injuries,3,0.47839235485034204,2
3744,3,0.0325791108401254,78.83,55.0592525068368,16,6543.68933703962,42.4657534246575,Highly_Fatal_And_Damaging,8,0.38210674359899,2
3570,4,0.0600603540074943,77.03,70.6472196900638,15,32958.7093866118,46.25570776255711,Minor_Damage_And_Injuries,18,0.17943815362423302,3
3300,3,0.160231707920052,80.54,80.35551504102101,15,32301.8190911345,33.7899543378995,Significant_Damage_And_Serious_Injuries,0,0.19638730616660602,1
4703,7,0.00282237165175104,77.27,57.748404740200606,18,31533.396152706202,47.5342465753425,Significant_Damage_And_Fatalities,0,0.395810313739632,4
331,6,0.0064098498207914,87.23,73.33637192342749,9,25667.6530718603,52.8767123287671,Significant_Damage_And_Serious_Injuries,0,0.43295420122610906,0
5249,4,0.0395779155196466,76.89,62.1239744758432,8,21402.760113738503,44.566210045662096,Highly_Fatal_And_Damaging,0,0.278608727010458,3
7226,3,0.132616661769745,80.05,72.69826800364629,14,26471.4004943625,34.9315068493151,Significant_Damage_And_Serious_Injuries,22,0.18665055896141297,2
11333,2,0.568908460170474,79.82,63.30902461257979,6,42303.4059989138,63.698630136986296,Significant_Damage_And_Serious_Injuries,6,0.37345185719437396,0
3579,6,0.00869241503050263,82.82,53.919781221513205,6,36056.3247444592,52.3744292237443,Significant_Damage_And_Fatalities,16,0.427905517490083,3
8591,2,0.405867133723055,78.01,79.489516864175,7,29881.473065472,73.42465753424659,Minor_Damage_And_Injuries,10,0.28906671474936896,2
3830,2,0.409374818142981,83.32,68.9608021877849,9,30479.980245267798,65.79908675799089,Minor_Damage_And_Injuries,18,0.255168409664623,4
8520,7,0.00304457767393473,80.77,65.22333637192351,8,36384.8862884969,46.62100456620999,Highly_Fatal_And_Damaging,15,0.38931914893617,2
9496,3,0.20183070520726104,77.86,35.824977210574296,19,40580.037740715,20.1826484018265,Minor_Damage_And_Injuries,0,0.7546274792643342,1
2365,6,0.00532697752793188,81.38,82.4521422060164,8,22753.313252124502,56.7579908675799,Significant_Damage_And_Serious_Injuries,4,0.27500252434186795,1
6040,4,0.0631839152641844,76.6,75.6608933454877,16,34703.885987701,16.8036529680365,Highly_Fatal_And_Damaging,14,0.29591849981969,0
8457,4,0.0670797080220191,81.89,54.147675478577995,12,36753.9007047078,32.1461187214612,Significant_Damage_And_Fatalities,2,0.38427046520014396,3
397,3,0.19434068694000303,81.49,63.6736554238833,15,38976.3406797894,33.2420091324201,Significant_Damage_And_Serious_Injuries,2,0.298442841687703,0
9342,4,0.0485064756050535,79.28,75.432999088423,15,26233.4523381533,23.424657534246602,Highly_Fatal_And_Damaging,0,0.305294626758024,3
7396,3,0.159919770812086,77.95,80.08204193254329,6,32088.979250442797,63.150684931506795,Significant_Damage_And_Serious_Injuries,0,0.200354129102055,2
6893,3,0.170645148830517,80.71,83.77392889699179,9,34481.225822636,43.5616438356164,Highly_Fatal_And_Damaging,7,0.358305805986296,2
1907,4,0.0359881742898631,81.53,68.7329079307201,9,19364.545391415602,40.7762557077626,Highly_Fatal_And_Damaging,0,0.146261089073206,2
8092,3,0.155473833405764,74.85,60.847766636280795,7,31282.0377767493,73.3333333333333,Minor_Damage_And_Injuries,0,0.406268301478543,2
9646,4,0.0619475176403955,79.37,59.480401093892496,14,34205.1278146446,24.8858447488584,Highly_Fatal_And_Damaging,19,0.448460872701046,2
12220,1,0.8902819480198572,78.23,48.9061075660894,12,24605.471319082997,32.3744292237443,Highly_Fatal_And_Damaging,5,0.431872340425532,2
11450,3,0.19833600453073896,81.61,75.25068368277121,11,39961.8207622236,45.79908675799089,Significant_Damage_And_Serious_Injuries,2,0.168258925351605,3
5289,4,0.0438845610976343,78.65,73.70100273473109,10,23690.6304006591,37.4885844748858,Highly_Fatal_And_Damaging,0,0.29159105661738105,1
11747,3,0.13477627277493198,82.27,54.1932543299909,13,26959.6131745727,27.1689497716895,Highly_Fatal_And_Damaging,4,0.5995607645149661,3
6464,4,0.0736768154938745,82.97,76.4813126709207,16,40666.4707114104,53.47031963470321,Significant_Damage_And_Fatalities,0,0.26021709340064897,4
11737,3,0.253327401518899,80.19,60.027347310847794,19,51650.72423580151,18.904109589041102,Significant_Damage_And_Serious_Injuries,1,0.508323836999639,3
9973,2,0.313755620026398,83.82,66.0893345487694,14,22925.932038374798,47.1232876712329,Minor_Damage_And_Injuries,6,0.30998269022719105,2
11232,1,1.13036713664789,76.92,72.0145852324522,15,30479.084301248702,45.342465753424705,Minor_Damage_And_Injuries,14,0.27788748647674,3
2060,2,0.39227281167258293,85.24,57.7028258887876,15,28957.808823458,45.0228310502283,Minor_Damage_And_Injuries,3,0.482359177785791,3
2832,3,0.138291599813172,78.69,65.1321786690975,12,27584.056491732,44.566210045662096,Significant_Damage_And_Serious_Injuries,3,0.354699603317706,2
11213,6,0.00566656035545686,78.7,76.02552415679129,20,23049.1459255511,2.64840182648402,Highly_Fatal_And_Damaging,0,0.20143598990263198,2
6545,2,0.451449913906382,79.75,57.8851412944394,13,33324.2968969837,51.7351598173516,Minor_Damage_And_Injuries,16,0.47839235485034204,1
11796,1,1.60962628025298,79.3,62.625341841385605,13,43221.1122552617,27.6255707762557,Highly_Fatal_And_Damaging,5,0.45891886043995594,4
3203,7,0.00255080018652134,78.7,61.850501367365595,14,31856.303382075897,58.7214611872146,Significant_Damage_And_Fatalities,9,0.331980526505589,3
6934,5,0.00259797974810656,80.5,54.2844120328168,13,6740.55705429001,52.4657534246575,Highly_Fatal_And_Damaging,7,0.462164442841687,4
412,4,0.0568549273049757,75.88,76.7547857793984,7,31282.0377767493,48.2648401826484,Highly_Fatal_And_Damaging,1,0.401940858276235,2
10117,7,0.00179714325210385,80.8,65.0865998176846,8,22027.1678575191,57.077625570776206,Significant_Damage_And_Serious_Injuries,19,0.293394157951677,4
629,2,0.444553307539715,76.86,60.80218778486779,17,32848.2932837612,39.5890410958904,Minor_Damage_And_Injuries,5,0.405547060944825,1
6859,1,1.1919151731455802,78.96,54.7857793983592,13,32053.669842043502,63.972602739726,Significant_Damage_And_Serious_Injuries,5,0.30313090515687,2
4001,6,0.00717483287417318,77.09,62.2607110300821,12,29833.6230571433,41.3698630136986,Significant_Damage_And_Serious_Injuries,6,0.45459141723764895,4
6372,1,1.72052881699442,80.34,29.8997265268915,19,46768.822185760706,9.90867579908676,Significant_Damage_And_Fatalities,10,0.804753696357736,2
456,5,0.0282456403562167,78.65,54.3755697356427,12,41643.7682906453,31.415525114155198,Significant_Damage_And_Fatalities,1,0.375254958528669,3
1857,7,0.00262759331216413,80.17,53.783044667274396,11,28535.262401524702,59.315068493150704,Significant_Damage_And_Serious_Injuries,3,0.48091669671835496,0
10549,1,0.738027144366183,81.23,48.723792160437604,13,20061.6577544012,27.671232876712303,Significant_Damage_And_Fatalities,0,0.41348070681572296,4
11313,1,1.06635953548775,79.83,80.08204193254329,16,28955.3468267006,28.493150684931503,Significant_Damage_And_Serious_Injuries,22,0.352535881716553,1
11874,4,0.0700961253409168,82.16,38.331814038286204,10,38476.5659567678,39.406392694063896,Significant_Damage_And_Fatalities,1,0.7405632888568342,2
7276,2,0.612998871089524,80.68,76.29899726526891,11,45300.0270165971,59.4063926940639,Minor_Damage_And_Injuries,1,0.455673278038226,3
6954,4,0.059612982861875,79.99,74.0200546946217,13,33067.6244116376,39.6803652968037,Significant_Damage_And_Serious_Injuries,2,0.250119725928597,1
6438,3,0.135335798161695,78.44,55.834092980856894,18,26936.7517230808,34.1552511415525,Minor_Damage_And_Injuries,3,0.368403173458348,2
1726,4,0.0426308441003985,77.36,89.24339106654509,6,23278.628894125497,75.296803652968,Minor_Damage_And_Injuries,1,0.168980165885323,2
6339,3,0.23473522219048001,79.24,72.7894257064722,18,47852.980051112005,21.9178082191781,Significant_Damage_And_Serious_Injuries,13,0.273560043274432,4
7224,6,0.0117567892943136,82.27,46.2625341841386,16,48338.7786128591,52.3744292237443,Highly_Fatal_And_Damaging,6,0.5681868012982328,4
6440,7,0.00314676670034171,81.18,73.1996353691887,13,32463.032918282002,61.872146118721396,Significant_Damage_And_Fatalities,20,0.260938333934367,4
1349,7,0.00307248713334016,80.43,75.5241567912489,10,35862.1682875726,71.7808219178082,Significant_Damage_And_Fatalities,4,0.325849981968986,2
3364,4,0.044082859659204,79.42,74.1567912488605,16,23543.5817988608,19.589041095890398,Highly_Fatal_And_Damaging,0,0.335586729174179,2
4233,2,0.28149638212529604,88.0,54.922515952598,4,20574.5487150508,77.8538812785388,Highly_Fatal_And_Damaging,10,0.604609448250992,1
2105,3,0.0784881253243107,76.61,79.2160437556974,14,16149.317703506398,37.3972602739726,Significant_Damage_And_Serious_Injuries,7,0.21333645870898002,3
10869,5,0.0286321409870276,83.38,56.517775752051,14,42190.154354331,37.3059360730594,Minor_Damage_And_Injuries,9,0.463606923909124,3
12363,7,0.00397253120656083,80.19,57.474931631722896,10,41643.7682906453,39.634703196347,Highly_Fatal_And_Damaging,0,0.385352326000721,2
10838,3,0.190396357309199,78.63,78.0309936189608,6,38281.2923716348,63.4246575342466,Significant_Damage_And_Serious_Injuries,0,0.449182113234764,2
12374,7,0.00325551820679858,77.09,60.9845031905196,13,33111.5733657375,62.3744292237443,Significant_Damage_And_Fatalities,5,0.250119725928597,4
1837,4,0.0533411083739841,78.25,58.933454876937105,8,29260.1492435623,82.23744292237441,Significant_Damage_And_Fatalities,12,0.495702127659574,2
620,1,1.41399626399471,79.27,69.8723792160438,20,38288.4040060295,42.100456621004604,Significant_Damage_And_Fatalities,2,0.30781896862603697,2
11505,5,0.0216865530062197,79.22,74.0200546946217,15,31904.3936315135,46.027397260274,Minor_Damage_And_Injuries,13,0.474786152181753,3
1237,3,0.170714949985897,76.8,75.25068368277121,19,34522.3491637318,20.1826484018265,Significant_Damage_And_Serious_Injuries,10,0.23821925712225,1
5915,2,0.32343757098837606,81.52,43.072014585232495,11,24602.8187246127,35.1141552511415,Significant_Damage_And_Fatalities,4,0.5433040028849621,5
12342,3,0.162085006509895,80.61,74.52142206016408,13,32538.6591268151,50.7762557077626,Minor_Damage_And_Injuries,8,0.23894049765596803,2
1212,6,0.0069463924865017105,77.17,74.52142206016408,11,26096.541229040602,46.894977168949794,Significant_Damage_And_Serious_Injuries,3,0.363354489722322,1
3700,7,0.0032238601136394,79.43,80.21877848678221,10,34977.6810000549,40.273972602739704,Highly_Fatal_And_Damaging,10,0.32368626036783194,2
5083,4,0.0765923031796364,78.84,76.0711030082042,19,41573.9651981208,31.735159817351605,Minor_Damage_And_Injuries,0,0.23389181391994196,4
12365,5,0.0276128944227577,81.62,76.253418413856,17,40394.144525374504,38.4474885844749,Minor_Damage_And_Injuries,22,0.378139920663541,2
6645,6,0.00341841601177495,87.0,57.0191431175934,13,16639.9008805656,40.1369863013699,Minor_Damage_And_Injuries,0,0.42898737829066,1
3313,6,0.00821422374383652,80.62,61.3947128532361,12,32060.336418976298,41.8721461187215,Significant_Damage_And_Serious_Injuries,8,0.409874504147133,0
5097,3,0.19483461206238398,78.83,62.1695533272562,14,39230.7767992872,36.027397260274,Significant_Damage_And_Serious_Injuries,4,0.427905517490083,2
9421,4,0.0540647100858169,82.66,76.6180492251596,16,28852.4655752009,18.310502283105,Highly_Fatal_And_Damaging,1,0.299164082221421,3
1969,1,1.30286988382774,78.25,82.9990884229718,14,35265.5321249845,25.296803652968002,Highly_Fatal_And_Damaging,3,0.3629938694554629,1
4060,6,0.00530521382185971,82.39,64.4940747493163,18,22017.5530926833,11.598173515981697,Highly_Fatal_And_Damaging,31,0.38030364226469504,2