Accident_ID,Accident_Type_Code,Adverse_Weather_Metric,Cabin_Temperature,Control_Metric,Days_Since_Inspection,Max_Elevation,Safety_Score,Severity,Total_Safety_Complaints,Turbulence_In_gforces,Violations
5910,3,0.20736129067751602,77.51,74.52142206016408,14,41696.2616017663,37.7168949771689,Significant_Damage_And_Serious_Injuries,4,0.58729967544176,0
4607,7,0.00209934289166878,79.37,58.6599817684595,19,25466.7530710337,44.20091324200911,Significant_Damage_And_Fatalities,19,0.5833328525063111,4
3271,3,0.202628386150138,77.41,74.0200546946217,18,40416.903479105895,24.566210045662103,Significant_Damage_And_Serious_Injuries,5,0.25264406779661,2
11374,2,0.570660424199921,77.86,65.1321786690975,6,42303.4059989138,76.62100456620999,Minor_Damage_And_Injuries,11,0.339553552109629,0
8274,3,0.151460169601184,81.71,69.0975387420237,10,30479.980245267798,51.2785388127854,Significant_Damage_And_Serious_Injuries,3,0.315752614496934,0
3539,4,0.0675585123833132,80.39,79.535095715588,12,37066.9622418898,30.5022831050228,Highly_Fatal_And_Damaging,0,0.22884313018391603,2
3499,6,0.00718264021283833,78.79,78.80583409298092,14,30163.1094343542,35.5251141552511,Significant_Damage_And_Serious_Injuries,8,0.34171727371078203,1
5131,2,0.38116484962130603,88.27,68.5961713764813,13,28208.2593702175,50.136986301369895,Minor_Damage_And_Injuries,25,0.37489433826181,2
5853,3,0.16641915600505303,75.61,96.80948040109391,17,33367.412070855804,38.0365296803653,Minor_Damage_And_Injuries,5,0.17294698882077197,3
1093,1,1.6707826995897799,78.57,59.57155879671829,17,45265.3882053258,16.0730593607306,Highly_Fatal_And_Damaging,3,0.392564731337901,2
4393,4,0.0290802124759881,82.5,90.97538742023701,16,16355.890560807,17.077625570776302,Highly_Fatal_And_Damaging,2,0.28726361341507395,2
7640,2,0.513268538032724,82.81,49.6353691886965,11,37871.0557631729,57.4885844748858,Minor_Damage_And_Injuries,11,0.35433898305084705,3
9174,3,0.0779498065911034,78.39,39.8814949863264,10,16144.1937601826,49.863013698630105,Minor_Damage_And_Injuries,5,0.646441399206635,2
11497,5,0.0234203858008667,81.63,85.278030993619,13,35377.2441941688,52.1917808219178,Minor_Damage_And_Injuries,2,0.29231229715109996,3
9410,4,0.0698193987426945,82.72,62.6709206927985,13,38081.2358451794,28.721461187214604,Highly_Fatal_And_Damaging,6,0.443772809231878,3
5804,5,0.025353860841502998,81.3,73.1996353691887,11,35982.8618510581,56.5753424657534,Minor_Damage_And_Injuries,1,0.34171727371078203,2
1740,3,0.17312114797213402,77.36,82.1786690975388,15,34651.7099939779,32.8767123287671,Significant_Damage_And_Serious_Injuries,5,0.23894049765596803,4
1727,5,0.00868877979364907,75.69,75.25068368277121,17,12024.898224047,39.8173515981735,Minor_Damage_And_Injuries,5,0.324046880634692,1
8658,5,0.0121842629372386,86.39,69.9635369188697,9,17731.5542769187,75.662100456621,Significant_Damage_And_Fatalities,8,0.414923187883159,4
3969,2,0.36085746918424705,76.18,56.6545123062899,7,26687.6997953238,59.9086757990868,Minor_Damage_And_Injuries,1,0.409153263613415,1
6798,1,0.7160175002615309,78.68,66.5907019143118,10,19662.846046713,40.091324200913206,Highly_Fatal_And_Damaging,5,0.474064911648034,3
8581,3,0.164857538935295,76.53,45.897903372834996,8,33284.9308408919,82.2831050228311,Significant_Damage_And_Serious_Injuries,35,0.46108258204110997,2
2559,5,0.0331848565099239,76.42,77.1649954421149,17,48882.9969470896,37.7625570776256,Minor_Damage_And_Injuries,7,0.256610890732059,1
8783,4,0.088524033837248,77.32,53.783044667274396,14,48814.08678091231,26.7123287671233,Significant_Damage_And_Fatalities,0,0.476589253516048,3
5026,3,0.086846843745868,76.8,84.5487693710119,11,17287.255617720803,34.474885844748805,Highly_Fatal_And_Damaging,1,0.16284962134872,2
3963,1,0.848784775083053,80.22,65.8158614402917,15,23183.578777298197,20.0913242009132,Highly_Fatal_And_Damaging,5,0.24759538406058398,1
1632,7,0.00142941827528228,78.2,87.693710118505,13,15690.4942394297,62.3744292237443,Significant_Damage_And_Fatalities,0,0.21766390191128698,2
10935,2,0.378611274088549,78.37,52.5979945305378,15,27787.0718761387,33.1050228310502,Minor_Damage_And_Injuries,2,0.6385077533357371,3
7106,3,0.185100239617324,80.92,63.5824977210575,19,36971.4061639792,20.045662100456603,Significant_Damage_And_Serious_Injuries,8,0.40807140281283794,2
7630,4,0.0324831783332799,75.59,74.2023701002735,20,16837.0598386233,15.753424657534199,Significant_Damage_And_Serious_Injuries,5,0.206484673638658,3
6678,4,0.086532665384485,83.28,60.847766636280795,17,47245.2344742998,15.296803652967998,Highly_Fatal_And_Damaging,5,0.36083014785430895,2
3580,6,0.00950376333512928,79.28,59.9817684594348,12,39110.395871080094,55.890410958904106,Minor_Damage_And_Injuries,3,0.273560043274432,2
2088,1,1.15647808158358,77.23,64.4940747493163,8,31503.4535809663,56.9406392694064,Significant_Damage_And_Serious_Injuries,1,0.276805625676163,1
2004,4,0.0337209758074731,80.61,62.07839562443029,15,18311.1920618673,32.0091324200913,Significant_Damage_And_Serious_Injuries,0,0.43042985935809597,2
3519,2,0.513039501471087,79.35,66.0893345487694,14,37925.700213399105,47.0319634703196,Minor_Damage_And_Injuries,8,0.337750450775333,0
1718,7,0.00324948173042506,79.81,63.90154968094811,5,36722.333573037096,95.2511415525114,Significant_Damage_And_Fatalities,0,0.306737107825459,2
4752,1,1.13694765500617,76.68,60.483135824977204,17,30575.8127772809,27.8995433789954,Significant_Damage_And_Serious_Injuries,1,0.29447601875225393,3
8548,4,0.0704801840529321,76.48,65.9981768459435,15,38394.5509317175,42.9680365296804,Minor_Damage_And_Injuries,4,0.262380815001803,2
3898,2,0.429074922493588,79.8,73.1084776663628,17,31677.4511328005,26.1643835616438,Significant_Damage_And_Serious_Injuries,2,0.23280995311936498,1
11488,6,0.007077647836384609,83.07,86.82771194165909,10,30317.4037657127,48.310502283105,Significant_Damage_And_Serious_Injuries,7,0.29519725928597196,4
655,1,1.29384557291003,78.43,55.19598906107571,11,35098.2780197552,34.885844748858396,Significant_Damage_And_Fatalities,5,0.240382978723404,3
8601,2,0.5147322431834871,77.65,59.024612579763,8,38165.4207238734,56.7579908675799,Significant_Damage_And_Serious_Injuries,10,0.438724125495853,1
12337,7,0.00285292274889008,78.5,62.7620783956244,11,28153.6835624095,71.2328767123288,Significant_Damage_And_Fatalities,2,0.315391994230076,1
11091,2,0.314050656397823,79.01,69.8723792160438,19,23214.4912184096,41.689497716895,Significant_Damage_And_Fatalities,2,0.33161990623873,0
3007,2,0.578783519836537,77.23,65.5423883318141,10,42674.1929421019,62.4657534246575,Minor_Damage_And_Injuries,6,0.27896934727731704,2
2526,4,0.0958258956683562,78.2,60.57429352780311,12,51330.728192905895,32.4200913242009,Highly_Fatal_And_Damaging,8,0.40735016227912,2
10944,1,1.06483370509357,78.16,56.2898814949863,12,28921.5486997521,31.1872146118721,Significant_Damage_And_Fatalities,3,0.48632600072124,0
5155,2,0.38802378868079995,78.92,85.278030993619,10,28780.4235482389,62.283105022831,Minor_Damage_And_Injuries,7,0.346405337179949,2
3920,1,1.1843958018508403,78.93,80.4010938924339,11,32254.0720662131,46.894977168949794,Significant_Damage_And_Serious_Injuries,0,0.21838514244500498,2
3243,4,0.0488975818320902,78.49,79.9453053783045,13,27009.595368617098,27.077625570776302,Highly_Fatal_And_Damaging,2,0.3932859718716189,3
6691,3,0.11615420110310999,81.78,70.3281677301732,15,23275.652222331402,56.4840182648402,Significant_Damage_And_Fatalities,6,0.26346267580238,3
4580,2,0.538167721698178,79.45,71.55879671832271,11,39615.1050970733,33.1963470319635,Highly_Fatal_And_Damaging,8,0.324046880634692,2
6116,6,0.00608880394708359,76.79,65.9070191431176,18,24475.4867069302,22.694063926940604,Significant_Damage_And_Serious_Injuries,13,0.282575549945907,1
10168,5,0.0248162256986244,80.01,73.6554238833182,9,37477.5074617678,64.5662100456621,Minor_Damage_And_Injuries,11,0.44882149296790397,1
8558,6,0.0055107397932919,82.66,75.6608933454877,18,21200.8828158285,10.867579908675802,Highly_Fatal_And_Damaging,0,0.39436783267219605,2
12120,7,0.00332774857972545,81.93,61.6226071103008,15,35769.9337769873,54.885844748858396,Significant_Damage_And_Fatalities,3,0.656538766678687,3
7965,7,0.00366865430208517,79.27,66.22607110300821,11,40277.3094684945,46.0730593607306,Significant_Damage_And_Serious_Injuries,10,0.46108258204110997,1
1733,5,0.036830045683054,75.95,69.27985414767551,13,53323.6708564959,39.8173515981735,Significant_Damage_And_Serious_Injuries,15,0.38030364226469504,1
557,5,0.0193428547975353,79.34,77.7575205104832,10,28259.6806196274,62.1461187214612,Minor_Damage_And_Injuries,7,0.30781896862603697,2
9975,1,1.6683432072720101,77.25,57.155879671832295,12,44739.943520739405,33.013698630137,Significant_Damage_And_Fatalities,5,0.412398846015146,3
10843,2,0.42435208330785296,80.26,83.54603463992709,10,31326.111460109103,61.3698630136986,Minor_Damage_And_Injuries,2,0.237858636855391,2
1067,3,0.11013412211354302,76.26,47.7210574293528,13,22096.231357729303,50.7305936073059,Highly_Fatal_And_Damaging,8,0.495702127659574,2
7448,4,0.0015233035421831,77.38,59.2980856882407,10,11360.597917622701,38.1278538812785,Highly_Fatal_And_Damaging,4,0.246874143526866,1
5308,2,0.521370136841834,79.29,62.07839562443029,15,38558.2326995907,32.100456621004604,Significant_Damage_And_Serious_Injuries,20,0.431511720158673,3
12341,6,0.008176606091522421,78.7,71.3764813126709,20,32944.3336789672,5.2054794520547905,Highly_Fatal_And_Damaging,2,0.20396033177064501,2
10543,7,0.00239474352382663,79.55,56.2443026435734,3,26659.3534516486,71.8721461187215,Minor_Damage_And_Injuries,3,0.319719437432383,2
700,3,0.205700937392858,78.74,70.510483135825,16,41259.8228090867,30.958904109589,Significant_Damage_And_Serious_Injuries,0,0.29519725928597196,2
7632,4,0.0690777355402737,81.88,62.5341841385597,14,38081.2358451794,23.150684931506802,Highly_Fatal_And_Damaging,7,0.39292535160476,2
12221,5,0.0238725883088484,81.44,59.57155879671829,17,33635.2346432366,16.1187214611872,Highly_Fatal_And_Damaging,10,0.476589253516048,3
11073,4,0.0263158471738954,79.1,71.05742935278029,17,14682.351416136398,26.2557077625571,Significant_Damage_And_Serious_Injuries,26,0.42213559322033894,3
1541,6,0.00957553756891347,79.55,58.6144029170465,10,39923.9953288216,49.2694063926941,Significant_Damage_And_Serious_Injuries,5,0.296279120086549,1
2381,3,0.18762965910647197,81.2,66.7730173199635,12,37571.9051001859,43.972602739726,Significant_Damage_And_Serious_Injuries,2,0.37597619906238705,1
3435,5,0.0217946673291327,75.67,57.474931631722896,12,33346.7855725603,55.1141552511415,Minor_Damage_And_Injuries,4,0.48993220338983,2
208,3,0.15378800083089,75.58,58.02187784867821,9,30869.211770023998,54.657534246575295,Significant_Damage_And_Serious_Injuries,3,0.482359177785791,2
6569,2,0.482865676422502,78.37,65.9070191431176,6,35730.897140885696,75.98173515981729,Minor_Damage_And_Injuries,11,0.298803461954562,2
238,4,0.0665789502615001,77.09,68.2771194165907,6,36105.9642626058,73.42465753424659,Minor_Damage_And_Injuries,2,0.35902704652001394,3
5428,6,0.00605108745987546,84.11,67.9124886052872,12,24783.150149214904,43.1963470319635,Significant_Damage_And_Serious_Injuries,10,0.330538045438154,2
4020,3,0.14135997031636302,80.9,88.6508659981769,10,28707.341865646402,50.50228310502279,Significant_Damage_And_Serious_Injuries,0,0.24579228272628895,1
10240,2,0.130827813843521,80.26,73.746581586144,11,9720.70649609129,36.392694063926896,Highly_Fatal_And_Damaging,2,0.296279120086549,2
6660,6,0.00421551230750146,78.92,67.6390154968095,14,19406.5744440946,59.8173515981735,Significant_Damage_And_Fatalities,0,0.29447601875225393,2
10538,7,0.00395021646980087,81.31,69.4165907019143,9,46564.1105882428,78.2191780821918,Significant_Damage_And_Fatalities,16,0.322604399567255,2
7447,4,0.039655280345073,83.58,76.8915223336372,16,21532.3463857748,55.433789954337904,Significant_Damage_And_Fatalities,1,0.28437865128020196,3
589,4,0.0486700861808518,81.02,59.89061075660889,15,26380.4456263727,31.9634703196347,Significant_Damage_And_Serious_Injuries,0,0.434396682293545,1
7427,1,1.2229712083589799,78.9,50.1823154056518,19,33313.7192567944,20.958904109589,Minor_Damage_And_Injuries,4,0.5642199783627839,4
11630,2,0.39227281167258293,81.08,53.7374658158614,11,28929.744669350097,34.6575342465753,Significant_Damage_And_Fatalities,5,0.43223296069239103,1
2612,6,0.0117759856610587,78.2,70.60164083865091,19,45351.5663157796,9.49771689497717,Highly_Fatal_And_Damaging,12,0.23100685178507,2
8997,1,1.4858576491890099,78.97,65.9981768459435,15,40566.1030877106,43.3333333333333,Minor_Damage_And_Injuries,2,0.38066426253155394,3
8154,2,0.437330248263288,80.33,72.24247948951691,15,32183.3988569363,45.205479452054796,Minor_Damage_And_Injuries,3,0.30637648755860103,0
10472,3,0.159286052499828,79.97,72.8350045578852,14,31993.458888341,36.894977168949794,Significant_Damage_And_Serious_Injuries,13,0.335947349441038,3
11188,2,0.45949541165729707,77.77,74.3391066545123,7,33959.191621617996,72.5570776255708,Minor_Damage_And_Injuries,34,0.319719437432383,1
9603,2,0.420569864297446,81.15,67.4111212397448,16,30955.530849464503,39.3607305936073,Minor_Damage_And_Injuries,7,0.312867652362062,2
5559,3,0.19846802436901603,77.44,58.7055606198724,13,39848.6893071312,38.0365296803653,Significant_Damage_And_Serious_Injuries,1,0.39112225027046504,0
8782,6,0.007672060965200609,81.45,56.0619872379216,12,31639.1855021958,55.5707762557078,Highly_Fatal_And_Damaging,1,0.39292535160476,2
7774,2,0.542720465498432,79.8,68.3682771194166,10,40101.8250426003,60.0,Minor_Damage_And_Injuries,2,0.398695275874504,1
9141,3,0.130685044919669,80.78,79.71741112123979,9,26266.3679590952,52.9223744292237,Significant_Damage_And_Serious_Injuries,3,0.305294626758024,3
5878,4,0.0748983296849029,77.48,62.8988149498633,16,40808.477420646,17.4885844748858,Highly_Fatal_And_Damaging,5,0.47911359538406,4
8934,1,1.6164346520006698,81.13,85.18687329079309,8,43154.905667115,43.972602739726,Highly_Fatal_And_Damaging,3,0.269953840605842,2
5973,5,0.0185634424474068,82.49,76.7092069279854,15,27206.7774652661,44.3835616438356,Minor_Damage_And_Injuries,11,0.281854309412189,2
6669,6,0.00625706195449091,81.38,75.34184138559709,6,24377.0453612042,62.7853881278539,Significant_Damage_And_Serious_Injuries,6,0.243989181391994,2
6592,4,0.0847717786435794,77.49,75.25068368277121,12,46623.751002758,32.6027397260274,Highly_Fatal_And_Damaging,33,0.46721312657771297,2
11936,7,0.00340300794355129,78.91,72.3792160437557,14,39722.0683812798,61.7808219178082,Significant_Damage_And_Fatalities,19,0.388958528669311,3
9218,7,0.0025586921894384896,81.56,52.3245214220602,11,31461.125638474303,36.2557077625571,Significant_Damage_And_Fatalities,10,0.4686556076451501,0
2690,1,0.703984357896898,81.18,68.64175022789429,16,18584.990656943897,17.3972602739726,Highly_Fatal_And_Damaging,14,0.44413342949873796,2
3867,7,0.00391311571229848,78.13,62.807657247037405,9,42047.101727922796,55.342465753424705,Significant_Damage_And_Serious_Injuries,1,0.328734944103858,1
9329,1,0.8729172766288531,77.69,74.29352780309941,11,23690.6304006591,35.9817351598173,Highly_Fatal_And_Damaging,7,0.19819040750090197,3
5092,7,0.00387886876565629,78.97,50.3190519598906,8,43564.0944400642,80.5936073059361,Significant_Damage_And_Fatalities,11,0.329095564370718,0
7328,5,0.0227514745473042,79.83,79.03372835004559,15,34197.4538787785,45.5251141552511,Minor_Damage_And_Injuries,31,0.352535881716553,0
2174,4,0.0664714737763402,79.85,62.2607110300821,10,36375.38646361,40.365296803653,Highly_Fatal_And_Damaging,1,0.267790119004688,1
5311,2,0.404487468588732,76.86,70.6472196900638,14,30056.215219895,47.7625570776256,Minor_Damage_And_Injuries,14,0.276805625676163,2
1689,4,0.03945540426315701,86.47,66.9553327256153,9,21374.9791131121,76.027397260274,Significant_Damage_And_Fatalities,6,0.30637648755860103,1
7574,4,0.0723253469968561,77.96,74.4758432087512,10,39662.1519115334,39.4520547945205,Highly_Fatal_And_Damaging,1,0.26490515686981597,2
852,6,0.00847058438588612,82.69,62.807657247037405,11,34172.776389764396,48.310502283105,Significant_Damage_And_Serious_Injuries,4,0.328734944103858,0
12414,6,0.0047760663608893104,79.99,62.0328167730173,12,17354.6545912252,43.1963470319635,Significant_Damage_And_Serious_Injuries,21,0.26490515686981597,2
3272,2,0.36085746918424705,78.51,43.1631722880583,13,26637.595319634103,27.671232876712303,Significant_Damage_And_Fatalities,0,0.623001081860801,2
3419,2,0.34398585055344105,83.01,74.52142206016408,14,25114.395402466,37.671232876712295,Significant_Damage_And_Serious_Injuries,4,0.363354489722322,3
6696,4,0.0705595833499785,81.89,55.788514129443904,14,38636.3533646517,26.2557077625571,Significant_Damage_And_Fatalities,26,0.3932859718716189,2
11355,5,0.0221611608546171,79.36,81.5405651777575,11,32746.1554861564,58.4474885844749,Minor_Damage_And_Injuries,8,0.392204111071042,2
11616,1,0.957063791121957,80.49,58.5232452142206,9,26226.1962177896,41.7351598173516,Highly_Fatal_And_Damaging,6,0.28870609448251,3
2158,5,0.0288171950116467,76.95,66.9097538742024,14,41646.5245489458,48.9041095890411,Minor_Damage_And_Injuries,0,0.352535881716553,1
6224,5,0.0217946673291327,79.79,49.13400182315411,14,31702.3296639883,46.894977168949794,Highly_Fatal_And_Damaging,19,0.687191489361702,1
12088,7,0.00243360517719337,77.29,77.30173199635371,16,26271.6146432469,17.8995433789954,Highly_Fatal_And_Damaging,4,0.26165957446808497,3
9654,3,0.143183126568889,80.84,64.6763901549681,12,28403.236110781603,55.2511415525114,Minor_Damage_And_Injuries,9,0.438002884962135,0
778,1,1.32549605669318,82.75,83.1358249772106,14,36027.8612723001,58.8584474885845,Significant_Damage_And_Fatalities,1,0.187371799495131,2
4171,1,0.509902180530233,77.52,91.3855970829535,11,13214.8518929535,57.71689497716889,Minor_Damage_And_Injuries,7,0.18520807789397797,2
9477,4,0.0242212153861943,87.08,49.2251595259799,8,13504.5464512098,79.1780821917808,Significant_Damage_And_Serious_Injuries,3,0.412759466282005,2
4225,2,0.37341368105690204,84.76,54.3755697356427,17,27520.4924785671,38.4474885844749,Highly_Fatal_And_Damaging,0,0.309622069960331,1
3398,1,1.1867680681606,78.8,60.665451230628996,8,32562.577235293702,43.972602739726,Highly_Fatal_And_Damaging,6,0.324768121168409,1
10857,4,0.0599548194439076,77.86,73.5186873290793,9,32624.4911271595,52.3744292237443,Significant_Damage_And_Serious_Injuries,12,0.318276956364948,2
3183,3,0.17869972048531,77.28,64.35733819507749,13,35977.0123074185,40.3196347031963,Significant_Damage_And_Serious_Injuries,9,0.4902928236566889,0
5258,2,0.36085746918424705,77.25,52.82588878760261,8,26687.6997953238,44.566210045662096,Significant_Damage_And_Fatalities,3,0.410235124413992,2
7245,1,1.22673721768654,81.12,76.8915223336372,11,33346.1748713174,58.082191780821894,Minor_Damage_And_Injuries,7,0.426823656689506,2
883,4,0.0709905354811421,80.98,80.08204193254329,8,38428.2020163946,56.5753424657534,Significant_Damage_And_Serious_Injuries,6,0.523469888207717,2
11359,7,0.00287537899264483,86.32,88.2862351868733,11,28566.6330064354,69.36073059360729,Significant_Damage_And_Fatalities,13,0.330177425171295,3
3905,4,0.0220243693545426,82.43,53.09936189608021,13,12035.079771564098,38.4474885844749,Minor_Damage_And_Injuries,1,0.286181752614497,1
6712,2,0.296424469318709,81.46,68.7329079307201,11,21703.2159005865,45.15981735159821,Significant_Damage_And_Serious_Injuries,2,0.27644500540930395,3
9823,6,0.010108419161522,83.43,53.96536007292621,19,41873.4884147618,42.4200913242009,Significant_Damage_And_Serious_Injuries,9,0.695485755499459,1
5872,2,0.325277767406605,79.39,55.651777575205095,11,24243.1465011165,47.71689497716889,Minor_Damage_And_Injuries,2,0.48848972232239396,2
7596,7,0.0041581241129062295,80.59,71.4676390154968,15,46973.5663521554,57.1689497716895,Significant_Damage_And_Fatalities,0,0.43295420122610906,2
10423,1,0.7176306637004479,78.08,54.056517775752106,9,19662.846046713,40.6392694063927,Significant_Damage_And_Fatalities,4,0.5519588892895779,1
758,1,1.10323463410754,77.52,93.66453965360078,15,30095.00139223,44.337899543379,Minor_Damage_And_Injuries,3,0.23100685178507,1
4504,7,0.00277874039577012,78.24,75.75205104831359,14,28259.6806196274,59.5433789954338,Significant_Damage_And_Fatalities,15,0.311064551027768,3
11181,3,0.12054126112241302,82.98,60.07292616226071,17,24242.431985578998,27.945205479452,Significant_Damage_And_Serious_Injuries,5,0.38102488279841296,1
3404,6,0.0074261472785553,75.84,70.6927985414767,13,30312.6031560311,39.9543378995434,Significant_Damage_And_Serious_Injuries,3,0.42393869455463395,3
454,2,0.451859982865108,77.02,62.07839562443029,13,33324.2968969837,51.232876712328796,Minor_Damage_And_Injuries,14,0.4902928236566889,2
3739,1,2.1169768440478602,83.58,63.6736554238833,5,53831.738526699104,55.662100456621,Highly_Fatal_And_Damaging,0,0.306737107825459,0
6763,2,0.678555591591014,82.06,76.7547857793984,15,50246.9001511825,33.2420091324201,Significant_Damage_And_Serious_Injuries,0,0.49750522899386895,1
7260,3,0.18395910365292498,85.4,89.9726526891523,14,37242.7749066967,24.1095890410959,Highly_Fatal_And_Damaging,5,0.328734944103858,2
11398,2,0.674011436218172,78.62,56.517775752051,16,50122.019751680804,41.0958904109589,Highly_Fatal_And_Damaging,1,0.231728092318788,1
10429,3,0.19992900626374902,80.16,48.9516864175023,20,40671.275067023904,15.753424657534199,Minor_Damage_And_Injuries,7,0.6843065272268299,0
9914,4,0.0353962611529476,79.43,82.4521422060164,13,19984.5446103508,40.5479452054794,Significant_Damage_And_Serious_Injuries,5,0.18448683736025895,2
4111,5,0.0232444911274353,80.2,55.9708295350957,19,34108.4950856052,42.100456621004604,Significant_Damage_And_Serious_Injuries,0,0.338471691309052,4
5672,1,0.859867417828303,77.2,56.9279854147676,10,23350.8910565508,36.7579908675799,Significant_Damage_And_Fatalities,2,0.5003901911287411,0
5291,6,0.00376153914630119,84.6,71.64995442114859,16,12239.717286206398,19.2237442922374,Highly_Fatal_And_Damaging,3,0.4567551388388029,2
357,2,0.33855966784126096,76.81,70.0091157702826,16,25019.9299511302,42.328767123287705,Minor_Damage_And_Injuries,5,0.6724060584204828,2
783,3,0.1464108501454,80.72,59.6171376481313,18,29457.1314157155,24.383561643835602,Significant_Damage_And_Serious_Injuries,6,0.365157591056617,1
9749,3,0.15978836792246898,83.57,57.520510483135794,12,32346.154299062997,53.9269406392694,Minor_Damage_And_Injuries,8,0.35109340064911604,0
4949,7,0.00325551820679858,76.86,64.17502278942571,19,34582.733162784505,41.689497716895,Significant_Damage_And_Fatalities,5,0.4185293905517489,2
10844,3,0.18395910365292498,78.53,74.29352780309941,15,37178.3769732465,32.8310502283105,Significant_Damage_And_Serious_Injuries,15,0.251562206996033,1
10660,7,0.0033245921784687397,77.0,75.75205104831359,12,36315.727010331604,29.7260273972603,Highly_Fatal_And_Damaging,1,0.36046952758745,1
11686,6,0.00507961089685079,80.42,72.5615314494075,14,22429.337175223198,35.0228310502283,Significant_Damage_And_Serious_Injuries,2,0.37489433826181,1
5982,2,0.3139417150984,76.96,63.76481312670921,16,23197.3294465658,43.3333333333333,Minor_Damage_And_Injuries,10,0.448460872701046,2
3688,2,0.25937755896550496,77.32,72.0145852324522,14,19525.85738177,48.4474885844749,Minor_Damage_And_Injuries,1,0.37345185719437396,2
2001,1,0.942924513782212,76.61,81.7684594348222,15,25520.9245281417,22.602739726027398,Highly_Fatal_And_Damaging,15,0.21658204111070997,1
7281,2,0.46436065937593995,77.36,79.3072014585233,10,34174.581605999396,61.324200913241995,Minor_Damage_And_Injuries,13,0.31034331049404995,2
10763,1,2.1761498796845,81.14,49.179580674567006,14,55934.468569702,25.9817351598173,Significant_Damage_And_Fatalities,2,0.45278831590335294,1
3056,4,0.0497643329463912,83.73,63.6736554238833,9,27432.9987675072,54.0639269406393,Highly_Fatal_And_Damaging,1,0.30168842408943397,3
2356,7,0.00353978635402655,81.84,42.023701002734704,13,37495.8584854302,61.872146118721396,Significant_Damage_And_Fatalities,7,0.445215290299315,3
11915,2,0.38826118548322797,78.74,72.4247948951687,17,28770.8750092367,36.4840182648402,Minor_Damage_And_Injuries,0,0.28762423368193296,2
10312,2,0.367490581778457,79.52,69.2342752962625,10,27234.680124837596,61.5068493150685,Minor_Damage_And_Injuries,5,0.246874143526866,3
10262,1,0.942297419702323,83.6,84.1385597082954,13,25820.201823365,50.365296803653,Minor_Damage_And_Injuries,0,0.29519725928597196,2
3233,6,0.0047760663608893104,79.14,67.4111212397448,15,17576.823227723,56.1187214611872,Significant_Damage_And_Fatalities,4,0.31034331049404995,1
8568,3,0.134288189902806,82.19,78.6235186873291,14,26977.613452267597,36.712328767123296,Significant_Damage_And_Serious_Injuries,0,0.39797403534078596,2
3052,4,0.0659522021298071,86.57,85.5970829535096,13,36065.2085271643,29.2694063926941,Highly_Fatal_And_Damaging,0,0.281133068878471,0
2743,7,0.0030441132408250303,76.12,45.897903372834996,19,32944.2751416848,41.415525114155294,Significant_Damage_And_Serious_Injuries,11,0.623001081860801,2
7025,5,0.0245406632757047,80.44,45.5332725615314,12,35903.2114970254,54.703196347032005,Highly_Fatal_And_Damaging,2,0.52238802740714,2
2681,1,0.6837035977052979,78.76,85.5059252506837,13,18807.983759411498,27.7168949771689,Highly_Fatal_And_Damaging,0,0.19133862243058,1
7168,2,0.32809530982753,78.35,76.5724703737466,12,24305.390903594598,56.62100456620999,Minor_Damage_And_Injuries,6,0.281854309412189,1
2985,5,0.0130313613858333,83.5,64.6308113035552,15,19433.6327994899,46.1187214611872,Minor_Damage_And_Injuries,2,0.5029145329967539,2
6805,2,0.38229781948811603,79.99,57.11030082041929,14,28208.2593702175,49.2237442922374,Minor_Damage_And_Injuries,6,0.372009376126938,3
2935,3,0.190936989659089,77.95,79.2160437556974,14,38146.3856724747,36.4383561643836,Significant_Damage_And_Serious_Injuries,6,0.21333645870898002,3
4673,2,0.273440189207303,83.36,82.3609845031905,10,20228.1228705605,62.328767123287705,Minor_Damage_And_Injuries,20,0.4336754417598271,3
9161,3,0.20312108342873397,80.66,57.9762989972653,11,41187.0679632975,45.890410958904106,Significant_Damage_And_Serious_Injuries,0,0.43259358095925005,2
9792,7,0.00179098046175975,78.11,65.8158614402917,13,19742.2730195278,62.328767123287705,Significant_Damage_And_Fatalities,7,0.26165957446808497,3
4511,4,0.0546421866657251,84.14,57.748404740200606,12,29784.7464710627,32.9223744292237,Highly_Fatal_And_Damaging,7,0.39400721240533704,2
6534,4,0.0015233035421831,80.03,60.6198723792161,8,10850.5497369271,54.5205479452055,Significant_Damage_And_Serious_Injuries,3,0.31863757663180603,2
4381,4,0.0311427687291141,82.22,78.07657247037379,18,18002.7881913085,23.6529680365297,Significant_Damage_And_Serious_Injuries,7,0.36768193292463,2
6911,7,0.00250158912835895,82.86,50.0,11,24079.424360651603,59.315068493150704,Significant_Damage_And_Serious_Injuries,3,0.7524637576631801,2
8346,2,0.41168492804541795,79.09,70.6472196900638,15,30451.566012661402,46.1187214611872,Minor_Damage_And_Injuries,3,0.30745834835917796,1