Accident_ID,Accident_Type_Code,Adverse_Weather_Metric,Cabin_Temperature,Control_Metric,Days_Since_Inspection,Max_Elevation,Safety_Score,Severity,Total_Safety_Complaints,Turbulence_In_gforces,Violations
11661,2,0.4229938131274121,76.39,70.0091157702826,16,31290.8093282879,42.283105022831,Minor_Damage_And_Injuries,5,0.501472051929318,2
5326,5,0.0228367689591343,79.01,54.557885141294406,18,34108.4950856052,45.890410958904106,Significant_Damage_And_Fatalities,1,0.368763793725207,3
10028,3,0.13544581285781299,79.4,61.6681859617138,14,26989.614643587203,37.5799086757991,Significant_Damage_And_Serious_Injuries,9,0.309261449693473,2
11535,4,0.0568993839144786,78.51,70.7839562443026,14,31778.056103388702,24.337899543379002,Highly_Fatal_And_Damaging,12,0.226679408582762,3
3721,2,0.55559389881049,77.46,66.8641750227894,9,40973.9095182754,66.57534246575341,Minor_Damage_And_Injuries,3,0.27500252434186795,2
1521,4,0.0755380401037781,79.21,56.7456700091158,20,41232.8372944868,29.041095890411,Highly_Fatal_And_Damaging,13,0.375615578795528,3
8194,3,0.18710519224946104,82.06,65.587967183227,10,37657.6872093112,40.091324200913206,Highly_Fatal_And_Damaging,18,0.41744752975117205,2
7432,1,0.925964716461701,86.58,62.853236098450296,15,25342.9808820361,22.648401826483997,Highly_Fatal_And_Damaging,8,0.330898665705012,2
2235,5,0.023547370390477995,77.44,52.9626253418414,19,34198.7569609193,20.410958904109602,Minor_Damage_And_Injuries,9,0.454952037504507,1
336,4,0.05607319593887901,89.51,68.8240656335461,12,30469.2343965727,30.1369863013699,Highly_Fatal_And_Damaging,14,0.44413342949873796,1
2866,1,1.0652076809531899,77.09,49.863263445761206,16,28955.3468267006,28.8584474885845,Minor_Damage_And_Injuries,7,0.33702921024161503,2
11711,7,0.00391332884816276,78.31,50.6836827711942,4,42628.3886404936,58.675799086758005,Significant_Damage_And_Fatalities,7,0.618313018391633,1
2562,2,0.40693396192835896,81.06,68.7784867821331,12,30043.7911297499,54.246575342465704,Minor_Damage_And_Injuries,6,0.27067508113956,1
11809,4,0.0421404182107254,76.92,66.4995442114859,17,22792.1740124056,39.4520547945205,Minor_Damage_And_Injuries,6,0.39400721240533704,2
9184,3,0.190936989659089,77.08,84.5487693710119,9,38210.2878344268,52.8767123287671,Significant_Damage_And_Serious_Injuries,6,0.27536314460872696,1
3529,1,1.24945876649406,78.18,62.1695533272562,12,34183.351199220895,56.4840182648402,Minor_Damage_And_Injuries,13,0.38102488279841296,3
6033,1,1.2138584565258002,84.62,70.464904284412,16,32896.9593523965,30.8219178082192,Significant_Damage_And_Serious_Injuries,4,0.341356653443924,4
713,6,0.00446244504152694,79.77,41.4311759343665,10,17731.5542769187,48.2648401826484,Minor_Damage_And_Injuries,7,0.45891886043995594,3
1699,4,0.0255489502130423,80.43,73.2907930720146,12,13696.9970624703,68.03652968036529,Significant_Damage_And_Fatalities,1,0.29591849981969,3
8288,3,0.179246049162375,77.03,68.7784867821331,12,36156.8263602184,54.337899543379,Minor_Damage_And_Injuries,7,0.284739271547061,3
5073,1,1.2036414840358702,83.75,72.3792160437557,14,32896.9593523965,36.8493150684931,Significant_Damage_And_Serious_Injuries,13,0.49389902632527904,5
937,3,0.18331092928732604,79.15,64.6763901549681,10,36656.5473460937,36.62100456621,Highly_Fatal_And_Damaging,7,0.321883159033537,4
3764,4,0.0660394623674445,82.96,57.0191431175934,21,36354.4884269448,19.1780821917808,Highly_Fatal_And_Damaging,9,0.695485755499459,1
11668,4,0.0383477654432181,77.09,68.91522333637201,8,20871.6060187312,44.5205479452055,Highly_Fatal_And_Damaging,1,0.30998269022719105,2
4551,4,0.0728120877547151,78.93,74.74931631722879,11,39662.1519115334,33.7899543378995,Highly_Fatal_And_Damaging,6,0.322604399567255,2
5243,3,0.0908168756629649,83.12,50.820419325432994,15,18247.3728312848,46.4840182648402,Highly_Fatal_And_Damaging,3,0.438002884962135,3
2927,6,0.007547421130119441,78.73,79.85414767547859,15,29575.3516590254,33.7899543378995,Significant_Damage_And_Serious_Injuries,1,0.283296790479625,1
1978,2,0.47026964284866707,77.62,62.2607110300821,13,34936.6263297196,41.324200913242,Significant_Damage_And_Serious_Injuries,6,0.480556076451497,1
10003,6,0.00901665326935307,78.52,70.1914311759344,23,36566.3964795644,4.29223744292237,Highly_Fatal_And_Damaging,0,0.199632888568337,4
8045,2,0.79816489732788,79.65,60.1640838650866,20,54788.2470429217,40.5479452054794,Significant_Damage_And_Fatalities,6,0.390401009736747,2
7274,7,0.00270436622546922,79.06,61.5770282588879,15,28354.1216769969,31.5981735159817,Significant_Damage_And_Serious_Injuries,12,0.5703505228993871,3
4419,3,0.208364579052776,82.17,50.7748404740201,12,41649.6286034309,54.109589041095894,Significant_Damage_And_Serious_Injuries,1,0.49389902632527904,2
8850,7,0.0035540175873783205,84.27,59.161349134001796,9,39189.4780352356,76.62100456620999,Significant_Damage_And_Fatalities,12,0.43331482149296796,2
769,1,1.16373844343373,76.89,38.787602552415706,17,31633.6906386513,15.296803652967998,Significant_Damage_And_Fatalities,2,0.59090587811035,2
1463,2,0.534664927361894,80.49,62.7164995442115,16,39482.9418262533,40.821917808219204,Minor_Damage_And_Injuries,9,0.425020555355211,3
10643,1,0.7744578493406309,86.02,64.1294439380128,19,21051.9469877011,9.49771689497717,Highly_Fatal_And_Damaging,4,0.41961125135232596,1
12189,6,0.00910625571870795,77.18,49.589790337283496,20,36226.2376766065,14.1095890410959,Significant_Damage_And_Serious_Injuries,12,0.30204904435629304,2
6493,2,0.315570346061336,83.27,62.807657247037405,10,23317.669902061698,39.041095890411,Highly_Fatal_And_Damaging,1,0.392204111071042,2
12156,2,0.48771365612333,80.55,52.5979945305378,11,36037.4356530986,46.4840182648402,Minor_Damage_And_Injuries,0,0.417808150018031,2
4657,4,0.0633522461493981,79.82,60.5287146763902,16,34452.597870784,54.109589041095894,Significant_Damage_And_Fatalities,3,0.629852866931121,3
8750,1,1.1807018626302799,81.72,67.36554238833179,11,32279.3814069112,33.9269406392694,Highly_Fatal_And_Damaging,4,0.377418680129823,2
82,2,0.30509366117033504,77.47,89.6080218778487,11,22458.282532452,34.8401826484018,Highly_Fatal_And_Damaging,0,0.203599711503786,3
1602,7,0.00269768127782206,78.06,45.897903372834996,9,30752.633797183702,65.662100456621,Significant_Damage_And_Serious_Injuries,2,0.411316985214569,3
6175,4,0.0487621006652892,80.53,62.07839562443029,11,27007.9663942613,34.7945205479452,Highly_Fatal_And_Damaging,13,0.336668589974756,2
6816,6,0.0069463924865017105,79.03,64.17502278942571,15,28164.6002001739,31.2328767123288,Significant_Damage_And_Serious_Injuries,7,0.3352261089073211,2
1184,2,0.42471250415918893,76.14,70.4193254329991,10,31290.8093282879,60.0913242009132,Minor_Damage_And_Injuries,3,0.375254958528669,3
7980,3,0.146834841957242,76.98,62.807657247037405,11,29574.7363905462,48.1735159817352,Significant_Damage_And_Serious_Injuries,2,0.28149368914533,2
9236,5,0.0260124136604809,78.93,63.30902461257979,17,39572.9275184445,13.698630136986301,Highly_Fatal_And_Damaging,14,0.300967183555716,2
7744,4,0.0488975818320902,81.81,45.897903372834996,9,26885.1576261271,66.25570776255711,Significant_Damage_And_Serious_Injuries,2,0.668078615218175,3
69,4,0.0419768073468294,78.87,45.3965360072927,8,22727.3215190547,45.890410958904106,Significant_Damage_And_Fatalities,15,0.7351539848539491,1
7911,2,0.5737489438521589,75.94,61.34913400182321,12,42394.6313282581,31.0958904109589,Highly_Fatal_And_Damaging,13,0.556646952758745,0
3542,3,0.186318355278325,79.28,56.4721969006381,12,37375.2237227186,42.4200913242009,Minor_Damage_And_Injuries,2,0.276805625676163,2
949,1,1.2490580969436,80.33,85.18687329079309,14,33941.903054487004,46.6666666666667,Minor_Damage_And_Injuries,4,0.262380815001803,1
5050,3,0.15696186288629502,76.96,64.0382862351869,14,31728.6566869053,37.2146118721461,Significant_Damage_And_Serious_Injuries,19,0.387876667868734,2
7963,2,0.415749786415761,77.56,57.8395624430264,19,30719.9849494449,30.593607305936104,Minor_Damage_And_Injuries,1,0.42898737829066,2
5251,5,0.0165134897469149,79.35,41.2488605287147,11,24600.5650962669,48.310502283105,Minor_Damage_And_Injuries,1,0.645359538406058,1
10191,3,0.147269092453377,76.02,64.6308113035552,15,29428.5998046567,46.027397260274,Minor_Damage_And_Injuries,0,0.389679769203029,2
2460,5,0.0142540310188067,75.69,73.4731084776664,12,22004.4704078618,54.337899543379,Minor_Damage_And_Injuries,5,0.222351965380454,3
1389,3,0.20736129067751602,75.01,72.8805834092981,15,41709.0152758443,22.328767123287697,Highly_Fatal_And_Damaging,4,0.24002235845654502,1
8906,3,0.13399846481578198,76.19,72.105742935278,11,27030.051169266,46.1643835616438,Significant_Damage_And_Serious_Injuries,3,0.413120086548864,3
5661,4,0.0539003607023165,83.36,62.2607110300821,10,28921.6551250448,40.091324200913206,Highly_Fatal_And_Damaging,7,0.4372816444284171,3
12044,6,0.0035568774101538,81.56,66.6362807657247,14,14871.6649197146,37.4885844748858,Significant_Damage_And_Serious_Injuries,7,0.29555787955283,2
1478,6,0.0073302481648599,76.18,64.4940747493163,6,28354.1216769969,76.1187214611872,Minor_Damage_And_Injuries,29,0.557368193292463,3
11769,4,0.0255489502130423,77.19,61.34913400182321,16,14053.4045980027,30.7305936073059,Significant_Damage_And_Serious_Injuries,16,0.299524702488279,1
11344,5,0.022192923086607006,77.41,71.05742935278029,13,32958.7093866118,50.5936073059361,Minor_Damage_And_Injuries,22,0.215860800576992,2
1696,1,1.0963361566327,78.37,48.5870556061987,15,29636.502041771,20.365296803653,Significant_Damage_And_Fatalities,2,0.641753335737468,4
2310,3,0.0983522686654718,78.63,67.7301731996354,12,20231.0982565313,43.150684931506795,Significant_Damage_And_Serious_Injuries,4,0.313228272628922,3
5814,4,0.0905402526442483,85.07,57.247037374658206,17,49961.381759709,15.4337899543379,Highly_Fatal_And_Damaging,2,0.44413342949873796,2
7319,7,0.00412999471383646,79.31,69.91795806745671,17,44762.5045506306,48.6301369863014,Significant_Damage_And_Fatalities,13,0.303852145690588,3
757,2,0.518441261968944,83.85,65.587967183227,15,38399.455104896,21.369863013698602,Highly_Fatal_And_Damaging,1,0.260577713667508,3
10807,3,0.205286208938162,76.48,71.9234275296263,14,41259.8228090867,36.5753424657534,Significant_Damage_And_Serious_Injuries,5,0.31358889289578,2
6992,2,0.209716720905563,77.95,78.5323609845032,11,16008.613269874399,59.4063926940639,Minor_Damage_And_Injuries,32,0.2061240533718,5
8760,4,0.0361205596335011,82.07,31.5405651777575,18,19721.1573415103,11.9634703196347,Significant_Damage_And_Fatalities,9,0.584054093040028,5
7666,4,0.0785727187769532,78.54,92.1148587055606,13,42790.3357609339,38.310502283105,Significant_Damage_And_Serious_Injuries,0,0.17943815362423302,2
6555,3,0.14135997031636302,79.03,59.115770282588905,19,28887.1389583202,18.904109589041102,Significant_Damage_And_Serious_Injuries,1,0.47117994951316206,2
2253,3,0.12399500240157,85.07,59.9817684594348,20,24998.0502221417,16.6666666666667,Significant_Damage_And_Serious_Injuries,2,0.47117994951316206,3
10870,2,0.116198848524886,79.25,30.401093892433895,9,8400.182529794649,53.5616438356164,Minor_Damage_And_Injuries,3,0.882647673999279,2
5393,5,0.026029374638129998,78.46,40.5195989061076,13,38537.363408144905,53.6529680365297,Significant_Damage_And_Serious_Injuries,1,0.5029145329967539,2
462,7,0.00145523988109246,80.44,63.90154968094811,4,14251.9158934857,85.7534246575342,Significant_Damage_And_Fatalities,2,0.350732780382257,3
1619,6,0.0130417779497398,77.79,54.3755697356427,15,53455.0451129203,31.1872146118721,Minor_Damage_And_Injuries,16,0.538976559682654,1
11927,6,0.0065616041594808,79.88,76.6180492251596,11,26632.0129708879,48.7214611872146,Significant_Damage_And_Serious_Injuries,0,0.281854309412189,2
6759,2,0.612998871089524,79.64,75.8432087511395,13,45300.0270165971,64.0182648401826,Significant_Damage_And_Fatalities,11,0.4340360620266861,2
5710,4,0.0443042071804465,79.16,83.40929808568829,10,24326.5989895252,37.5799086757991,Highly_Fatal_And_Damaging,10,0.14337612693833401,3
4130,2,0.46516824533957707,75.7,59.2980856882407,7,34354.111221382205,71.5981735159817,Minor_Damage_And_Injuries,0,0.41420194734944105,2
9335,2,0.25453838091895603,79.31,73.33637192342749,11,19543.4071694023,58.401826484018294,Minor_Damage_And_Injuries,3,0.27428128380815,1
4384,2,0.300683552375606,78.95,62.4886052871468,15,21693.8235763697,45.9817351598173,Minor_Damage_And_Injuries,2,0.28870609448251,1
1639,7,0.00245895525239092,74.82,55.6973564266181,15,24613.548891670096,22.328767123287697,Significant_Damage_And_Fatalities,4,0.280411828344753,1
1515,7,0.003992843623840021,77.21,50.5013673655424,12,42176.9222862854,30.3196347031963,Significant_Damage_And_Fatalities,0,0.35686332491885997,3
11830,6,0.00660141601205951,77.48,61.5314494074749,15,26607.923991415897,21.2785388127854,Highly_Fatal_And_Damaging,15,0.476228633249188,2
8350,3,0.19520099345621,75.61,76.8915223336372,6,39092.0580179608,62.7853881278539,Significant_Damage_And_Serious_Injuries,4,0.36768193292463,1
8353,3,0.27447787565096,79.92,47.356426618049206,11,55046.967573114904,58.0365296803653,Highly_Fatal_And_Damaging,1,0.48380165885322796,1
5090,6,0.00630093883464786,81.71,60.75660893345489,15,24189.277507375296,55.79908675799089,Significant_Damage_And_Fatalities,21,0.527797331410025,3
10211,3,0.129039751153255,77.6,95.077484047402,13,26032.9419014836,41.1872146118721,Significant_Damage_And_Serious_Injuries,3,0.22199134511359503,1
4666,3,0.10804396358478399,77.02,60.4375569735643,11,21429.8142836296,47.3059360730593,Significant_Damage_And_Serious_Injuries,1,0.34568409664623106,3
2448,4,0.0634078516306716,79.66,68.5050136736554,16,34447.6813526234,18.310502283105,Highly_Fatal_And_Damaging,8,0.417086909484313,2
12427,2,0.321668685211402,82.11,64.6308113035552,11,23768.2796029631,57.44292237442921,Minor_Damage_And_Injuries,10,0.330898665705012,4
2845,7,0.00311549295347341,82.12,62.807657247037405,10,35862.1682875726,39.041095890411,Highly_Fatal_And_Damaging,2,0.329095564370718,3
4401,1,1.0889628054204499,83.9,53.6918869644485,18,29536.6428318262,12.694063926940599,Significant_Damage_And_Fatalities,13,0.4985870897944461,1
2375,2,0.399359325657671,80.61,52.3245214220602,13,29416.791554196698,26.392694063926896,Significant_Damage_And_Fatalities,5,0.312507032095204,2
11724,6,0.00985570910807226,82.92,76.5724703737466,14,42076.998636432996,25.342465753424698,Highly_Fatal_And_Damaging,12,0.335586729174179,3
8628,4,0.0554629237628166,83.74,62.853236098450296,9,30660.2752933007,42.8310502283105,Highly_Fatal_And_Damaging,5,0.29519725928597196,1
7982,1,0.936484556293277,78.61,55.6061987237922,18,25739.384677142203,34.0182648401826,Minor_Damage_And_Injuries,13,0.541140281283808,4
6777,4,0.06247188790261099,82.7,41.6134913400182,10,34210.2043624715,38.9041095890411,Significant_Damage_And_Fatalities,0,0.584775333573747,2
4936,6,0.007037899937134641,81.31,68.9608021877849,10,28542.004184011003,49.0867579908676,Significant_Damage_And_Serious_Injuries,7,0.325849981968986,0
10304,7,0.00209293652588338,80.81,58.7055606198724,13,26424.9508350846,52.3744292237443,Minor_Damage_And_Injuries,7,0.3932859718716189,2
974,6,0.00463226113987301,78.29,78.4867821330902,15,17474.5485605647,45.4794520547945,Minor_Damage_And_Injuries,31,0.37489433826181,2
12210,7,0.00397253120656083,79.16,74.9772105742936,10,43023.0169934209,36.986301369863,Highly_Fatal_And_Damaging,10,0.240382978723404,2
943,6,0.004571289732378529,78.42,70.1458523245214,14,17413.579886413798,47.7625570776256,Minor_Damage_And_Injuries,1,0.49389902632527904,1
11286,2,0.640473588799548,76.6,54.4211485870556,14,47251.5827787636,61.41552511415521,Highly_Fatal_And_Damaging,2,0.48091669671835496,3
12091,6,0.00956279453232168,79.78,58.5232452142206,14,39818.7823826373,24.7945205479452,Highly_Fatal_And_Damaging,14,0.40013775694194004,2
404,2,0.375592449338442,80.1,61.303555150410205,16,27752.7367849651,41.9178082191781,Minor_Damage_And_Injuries,3,0.3492902993148211,2
4271,2,0.67415476619384,82.53,76.7092069279854,15,50246.9001511825,44.337899543379,Minor_Damage_And_Injuries,6,0.3352261089073211,4
5396,1,0.8492890674264709,77.13,84.68550592525071,16,23171.5450883006,42.5114155251142,Minor_Damage_And_Injuries,0,0.33450486837360305,3
7643,3,0.23987657036110102,78.63,69.5077484047402,12,47572.0590615232,42.100456621004604,Significant_Damage_And_Serious_Injuries,4,0.22848250991705701,1
2992,6,0.009870495089477741,79.21,57.611668185961705,20,37616.414931202904,28.630136986301398,Minor_Damage_And_Injuries,8,0.35109340064911604,1
7104,2,0.513039501471087,79.75,54.922515952598,14,37854.0579003469,49.0867579908676,Highly_Fatal_And_Damaging,4,0.385352326000721,3
6231,5,0.0212527753729633,78.72,48.723792160437604,19,33391.2869416829,30.0,Highly_Fatal_And_Damaging,4,0.691158312297151,1
11982,2,0.33659510505908197,76.89,76.8915223336372,11,25019.9299511302,48.1735159817352,Significant_Damage_And_Serious_Injuries,2,0.38174612333213104,2
9510,5,0.0336210417064479,79.36,71.42206016408392,9,64297.6512179186,51.689497716895,Significant_Damage_And_Serious_Injuries,3,0.322604399567255,2
9753,2,0.7469087401266341,81.21,79.3527803099362,11,54429.811908463606,36.164383561643795,Highly_Fatal_And_Damaging,1,0.41744752975117205,1
4123,4,0.0528505428278382,80.06,51.276207839562396,13,29133.3615239579,28.538812785388103,Significant_Damage_And_Fatalities,5,0.23605553552109598,1
2266,6,0.00775200553445017,80.07,79.17046490428442,7,32585.484191749303,60.22831050228311,Significant_Damage_And_Serious_Injuries,9,0.254086548864046,2
6879,1,1.66486418964678,77.65,60.80218778486779,16,45265.3882053258,19.6803652968037,Highly_Fatal_And_Damaging,5,0.39508907320591397,4
11624,1,1.32525896658218,80.03,69.8723792160438,18,36428.754069417206,12.9680365296804,Highly_Fatal_And_Damaging,0,0.309622069960331,3
3005,5,0.025816320539417997,81.14,64.9042844120328,7,38971.584973980294,72.5570776255708,Minor_Damage_And_Injuries,44,0.557007573025604,3
5684,7,0.00150871526146397,80.78,34.685505925250695,16,11567.0794388674,53.47031963470321,Significant_Damage_And_Serious_Injuries,7,0.584054093040028,3
2878,1,1.3954917626166998,78.18,49.863263445761206,16,37945.780251352204,28.8127853881279,Minor_Damage_And_Injuries,11,0.696567616300036,1
8603,2,0.12212240073769,76.96,52.5979945305378,11,9666.94055790232,46.52968036529679,Minor_Damage_And_Injuries,1,0.396892174540209,3
3784,2,0.438778571303419,76.4,70.464904284412,8,32463.032918282002,69.8630136986301,Minor_Damage_And_Injuries,2,0.272838802740714,2
4292,2,0.549198026049296,77.5,74.3391066545123,6,40744.7030223456,74.4292237442922,Minor_Damage_And_Injuries,8,0.339192931842769,0
4394,3,0.18124998691243,80.53,62.5341841385597,13,36315.727010331604,28.721461187214604,Highly_Fatal_And_Damaging,1,0.37128813559322,2
3691,5,0.0222599212440119,77.65,50.7748404740201,17,33391.2869416829,37.9452054794521,Highly_Fatal_And_Damaging,5,0.52238802740714,3
9370,7,0.00275349500295359,82.45,76.7547857793984,16,28317.5314359767,29.4977168949772,Significant_Damage_And_Serious_Injuries,10,0.265987017670393,3
7167,3,0.130772545735495,80.36,71.42206016408392,14,26207.129115582902,36.027397260274,Significant_Damage_And_Serious_Injuries,10,0.324046880634692,2
10025,7,0.00297265410884441,79.52,66.362807657247,9,33599.0902717774,54.657534246575295,Significant_Damage_And_Serious_Injuries,1,0.224876307248467,2
10468,7,0.0036868583858324397,78.11,63.90154968094811,10,38466.937091707005,72.32876712328759,Significant_Damage_And_Fatalities,2,0.264183916336098,4
6827,7,0.0038358663612205897,79.32,60.7110300820419,11,43558.483161140095,70.5022831050228,Significant_Damage_And_Fatalities,1,0.314670753696357,3
8619,6,0.0106302255498573,78.57,61.0756608933455,18,43209.8141033971,23.6529680365297,Significant_Damage_And_Serious_Injuries,15,0.557368193292463,5
12,5,0.021602470060268,83.08,57.520510483135794,10,33095.9115787169,73.5159817351598,Significant_Damage_And_Fatalities,20,0.397252794807068,2
12417,3,0.135850462114308,77.36,62.5341841385597,9,27432.9987675072,52.9223744292237,Significant_Damage_And_Serious_Injuries,7,0.317916336098088,3
3603,4,0.0640529720617364,87.86,69.0975387420237,12,34859.8063971959,31.1872146118721,Highly_Fatal_And_Damaging,8,0.460000721240533,2
8498,7,0.00332774857972545,79.58,72.6526891522334,12,35719.992068152795,64.6575342465753,Significant_Damage_And_Fatalities,17,0.335586729174179,3
10035,5,0.0210316608109044,76.13,65.67912488605289,14,30951.3029879359,37.2146118721461,Significant_Damage_And_Serious_Injuries,5,0.540058420483231,2
7773,7,0.00490041074442536,77.64,42.0692798541477,8,48401.007404396296,79.7260273972603,Significant_Damage_And_Serious_Injuries,35,0.607133790119004,1
2817,1,0.740331809983515,77.27,57.748404740200606,16,20061.6577544012,17.5799086757991,Highly_Fatal_And_Damaging,2,0.438002884962135,0
4957,4,0.0297420079274472,82.59,63.3546034639927,9,15738.4878024104,53.7899543378995,Highly_Fatal_And_Damaging,2,0.289427335016228,3
3224,6,0.00787225123456485,81.02,58.7511394712853,14,32666.809391351202,34.7488584474886,Significant_Damage_And_Serious_Injuries,9,0.44593653083303203,3
2169,4,0.0801631199888322,80.35,66.2716499544212,14,43635.754690978596,23.7899543378995,Highly_Fatal_And_Damaging,9,0.363354489722322,1
9064,7,0.00332774857972545,80.15,67.0464904284412,19,36290.2303566085,8.0365296803653,Highly_Fatal_And_Damaging,15,0.35217526144969297,3
10972,2,0.5762014289405589,78.46,56.79124886052871,12,42365.0610556393,53.972602739726,Highly_Fatal_And_Damaging,4,0.54402524341868,3
7410,1,1.00725096824699,77.84,84.8678213309025,12,27087.6233599448,31.0958904109589,Highly_Fatal_And_Damaging,25,0.326571222502704,2
2790,6,0.00482966112605034,76.8,54.922515952598,17,19391.696304701898,14.5205479452055,Highly_Fatal_And_Damaging,14,0.47839235485034204,2
9157,4,0.0515663632026278,79.03,75.34184138559709,5,28156.6962344969,68.1278538812785,Highly_Fatal_And_Damaging,17,0.325849981968986,1
7023,6,0.00431639490470017,77.8,63.90154968094811,15,17572.9254839105,33.2420091324201,Significant_Damage_And_Serious_Injuries,5,0.417808150018031,2
10228,4,0.0813568547533444,79.73,65.1321786690975,12,44313.057976137,33.470319634703195,Highly_Fatal_And_Damaging,1,0.462885683375405,3
1471,4,0.0886488268505119,78.28,67.0920692798541,16,47893.7179720062,18.1278538812785,Highly_Fatal_And_Damaging,14,0.298803461954562,2
11420,1,0.809499227691772,81.98,64.35733819507749,13,22087.486013663598,27.2602739726027,Highly_Fatal_And_Damaging,7,0.44413342949873796,2
7360,1,1.4261822535335702,80.27,62.07839562443029,16,38703.1691908605,18.1735159817352,Highly_Fatal_And_Damaging,3,0.315391994230076,1
972,7,0.0037500668344686897,81.88,62.7164995442115,14,41508.6458682606,58.9954337899543,Significant_Damage_And_Fatalities,8,0.402301478543094,0
9772,2,0.391140729739186,77.09,61.485870556062004,8,28929.744669350097,78.2191780821918,Significant_Damage_And_Fatalities,3,0.34496285611251304,2
4823,2,0.30509366117033504,76.37,45.442114858705594,13,22443.893571404904,40.1369863013699,Minor_Damage_And_Injuries,0,0.623001081860801,1
4317,3,0.14769240129321498,81.72,64.9954421148587,14,29830.019294451,35.0228310502283,Significant_Damage_And_Serious_Injuries,1,0.50796321673278,2
4795,3,0.20122391367316,80.03,82.1786690975388,13,40745.7685865635,51.917808219178106,Minor_Damage_And_Injuries,7,0.262020194734944,2
4219,1,1.1722142956384698,80.62,70.82953509571558,18,31944.001266817202,46.6666666666667,Significant_Damage_And_Fatalities,2,0.25625027046520005,4
8284,4,0.0847856393439959,76.13,70.37374658158609,20,46027.181407644806,27.9908675799087,Minor_Damage_And_Injuries,1,0.382467363865849,1
7498,7,0.0029121853389128803,86.43,53.1905195989061,14,28451.0147010119,24.657534246575302,Significant_Damage_And_Fatalities,31,0.510848178867652,2
6601,6,0.00908337648476575,81.45,40.5651777575205,14,36093.8087038102,25.570776255707802,Significant_Damage_And_Fatalities,7,0.45387017670393,2
5367,3,0.145447149829291,77.89,54.69462169553329,15,29232.821862179902,31.1872146118721,Minor_Damage_And_Injuries,0,0.30349152542372904,1
10568,6,0.0073169326036967705,82.86,38.787602552415706,11,28384.5263097579,47.9908675799087,Minor_Damage_And_Injuries,13,0.759315542733501,2
11410,1,0.814746310734396,81.24,85.9617137648131,9,22102.038543134102,40.5479452054794,Highly_Fatal_And_Damaging,10,0.23136747205192898,2
12000,6,0.0087503462811473,80.65,82.0875113947128,8,35986.6918258484,56.7579908675799,Significant_Damage_And_Serious_Injuries,21,0.22848250991705701,2
8326,2,0.5414784408487849,80.12,64.4484958979034,12,40177.3017762019,56.8493150684931,Minor_Damage_And_Injuries,7,0.448460872701046,3
549,5,0.0268038442368048,78.67,54.1932543299909,12,39083.4123264333,55.5707762557078,Highly_Fatal_And_Damaging,0,0.6049700685178511,0
10605,1,1.9774093051959398,81.83,72.7438468550593,16,57708.1398683153,42.648401826484,Minor_Damage_And_Injuries,0,0.18665055896141297,3
422,1,0.7160175002615309,81.64,65.1321786690975,16,19806.9790519253,28.493150684931503,Significant_Damage_And_Serious_Injuries,4,0.38823728813559294,2
3825,6,0.00857347982384688,83.39,50.7748404740201,12,34947.3962820931,54.3835616438356,Significant_Damage_And_Serious_Injuries,7,0.499668950595023,3
7820,5,0.0214970113327098,79.74,77.7575205104832,17,32133.432178501298,39.726027397260296,Minor_Damage_And_Injuries,2,0.390401009736747,3
3336,4,0.0503896935162612,81.44,69.4165907019143,13,27222.894127003397,51.917808219178106,Minor_Damage_And_Injuries,10,0.440887847097007,2
6705,6,0.00914632811267066,76.49,57.474931631722896,16,33495.7760928761,43.01369863013699,Minor_Damage_And_Injuries,8,0.21117273710782503,2
6130,2,0.429534515417133,79.51,66.7730173199635,13,31748.2529497146,29.589041095890398,Highly_Fatal_And_Damaging,8,0.325849981968986,2
9797,2,0.5661870889814871,80.47,82.04193254329991,22,41697.1749234405,23.1963470319635,Minor_Damage_And_Injuries,10,0.31719509556437103,0
11712,2,0.238677717027038,79.42,60.027347310847794,12,17506.1009664625,52.9223744292237,Minor_Damage_And_Injuries,8,0.448100252434187,1
10451,2,0.577208625420804,77.49,66.9097538742024,14,42848.6249545133,48.7214611872146,Minor_Damage_And_Injuries,1,0.30637648755860103,3
10911,4,0.0492733156692622,78.02,65.22333637192351,9,26782.0242843159,52.2374429223744,Highly_Fatal_And_Damaging,14,0.38931914893617,2
11755,3,0.131340504997494,77.17,62.5341841385597,9,26277.0351261399,52.9223744292237,Significant_Damage_And_Serious_Injuries,6,0.34352037504507804,3
3680,3,0.22782938917797302,83.1,51.1850501367366,16,45582.9699395343,27.762557077625605,Minor_Damage_And_Injuries,3,0.34171727371078203,1
6851,3,0.153870216557604,85.31,47.17411121239739,16,30889.1456903206,29.8173515981735,Minor_Damage_And_Injuries,5,0.549795167688424,2
8213,4,0.0689092451052821,77.9,64.8131267092069,13,37657.6872093112,40.3196347031963,Significant_Damage_And_Serious_Injuries,9,0.438002884962135,2
8613,6,0.00576194429255706,79.72,45.7611668185962,11,20488.376808653302,46.8493150684931,Minor_Damage_And_Injuries,1,0.388597908402452,2