Accident_ID,Accident_Type_Code,Adverse_Weather_Metric,Cabin_Temperature,Control_Metric,Days_Since_Inspection,Max_Elevation,Safety_Score,Severity,Total_Safety_Complaints,Turbulence_In_gforces,Violations
7673,2,0.528221263058296,81.13,65.0410209662717,11,39069.3760403725,36.986301369863,Highly_Fatal_And_Damaging,0,0.274641904075009,1
691,1,1.36636436145827,77.36,74.74931631722879,15,36929.4217155852,32.2374429223744,Significant_Damage_And_Serious_Injuries,6,0.20143598990263198,3
6454,2,0.252547764645463,82.46,42.616226071103,17,19136.0861004631,24.8401826484018,Minor_Damage_And_Injuries,33,0.47370429138117603,3
7127,3,0.13103602789485302,82.49,77.52962625341841,12,26346.5048146761,43.5159817351598,Significant_Damage_And_Serious_Injuries,3,0.31394951316263997,3
9128,5,0.0156495657213551,79.33,48.31358249772101,12,23295.3130587911,53.150684931506795,Minor_Damage_And_Injuries,7,0.510848178867652,3
730,2,0.37287291532882705,77.35,48.678213309024706,19,27654.2850151467,30.776255707762605,Highly_Fatal_And_Damaging,2,0.693322033898305,2
7184,3,0.18762965910647197,79.03,53.600729261622604,11,37608.9061537303,46.6666666666667,Significant_Damage_And_Serious_Injuries,7,0.695485755499459,2
10581,2,0.6191857633807429,76.73,61.440291704649105,11,45331.8312811159,36.392694063926896,Highly_Fatal_And_Damaging,13,0.423217454020916,2
8036,3,0.157836605440154,77.02,68.5050136736554,10,31688.288371221002,49.2237442922374,Significant_Damage_And_Serious_Injuries,1,0.3597482870537321,1
10122,7,0.0038889087914448102,74.82,38.9699179580674,14,43447.1518302216,60.5936073059361,Significant_Damage_And_Serious_Injuries,3,0.710992426974395,3
10928,1,0.387799082295146,76.72,53.96536007292621,14,11268.2935055275,26.4840182648402,Significant_Damage_And_Fatalities,2,0.48812910205553495,2
6363,1,1.35005026474898,76.78,57.5660893345488,15,36698.1710217348,22.648401826483997,Highly_Fatal_And_Damaging,0,0.404465200144248,2
8156,2,0.493776601022126,77.39,69.8268003646308,10,36247.5362907565,50.95890410958901,Significant_Damage_And_Serious_Injuries,0,0.38174612333213104,4
4945,4,0.0890163912404086,79.12,76.4357338195078,13,48746.7218828066,27.1689497716895,Highly_Fatal_And_Damaging,13,0.532124774612333,2
339,4,0.0279296157916735,76.94,86.78213309024609,13,14957.1522640326,26.7123287671233,Highly_Fatal_And_Damaging,5,0.269953840605842,3
11117,4,0.0702953918638819,76.79,58.249772105742906,14,38660.0959485539,37.2146118721461,Significant_Damage_And_Serious_Injuries,2,0.39112225027046504,2
2533,4,0.068210006095578,77.52,82.0875113947128,6,37253.905366837,52.739726027397204,Highly_Fatal_And_Damaging,20,0.22848250991705701,0
6915,7,0.00277805661424645,82.71,71.19416590701921,16,31647.884323696002,16.3470319634703,Highly_Fatal_And_Damaging,2,0.5822509917057329,1
67,4,0.0885598042612784,76.06,60.20966271649961,17,47964.94338904019,14.337899543378999,Highly_Fatal_And_Damaging,1,0.36623945185719403,1
9634,4,0.0592921596021897,77.0,61.440291704649105,13,32019.919489192,26.9406392694064,Highly_Fatal_And_Damaging,5,0.346405337179949,2
2588,3,0.193613017863946,78.03,40.2917046490429,12,38732.7086974327,54.84018264840179,Highly_Fatal_And_Damaging,1,0.59090587811035,2
9114,3,0.0950588591438292,78.83,51.640838650866,15,18799.489572745802,32.8310502283105,Minor_Damage_And_Injuries,5,0.288345474215651,0
151,4,0.0702953918638819,77.91,63.4457611668186,13,38835.975037127,29.7260273972603,Highly_Fatal_And_Damaging,4,0.32116191849982,1
515,5,0.0324373855024073,78.54,69.18869644484961,14,48088.2017203851,47.4885844748858,Minor_Damage_And_Injuries,1,0.262020194734944,1
8439,5,0.0299604645458222,79.99,46.2625341841386,12,45075.2781182304,53.1963470319635,Highly_Fatal_And_Damaging,0,0.510848178867652,3
7637,4,0.0284279690986392,79.03,49.2707383773929,14,15656.6371844094,25.296803652968002,Significant_Damage_And_Fatalities,0,0.850913090515687,3
1874,7,0.00142941827528228,77.01,59.7538742023701,19,14342.690654811202,41.5068493150685,Significant_Damage_And_Fatalities,17,0.37597619906238705,2
9361,4,0.0908497525568715,75.07,70.7383773928897,17,49396.8764131783,13.789954337899498,Highly_Fatal_And_Damaging,4,0.243989181391994,1
1340,6,0.008659010692678609,79.51,79.6718322698268,10,33701.3739418717,48.6301369863014,Significant_Damage_And_Serious_Injuries,4,0.29555787955283,1
6609,2,0.55117256042946,82.82,58.8422971741112,13,40741.8822675604,51.324200913241995,Minor_Damage_And_Injuries,0,0.41420194734944105,1
12215,2,0.28171276452965804,78.97,59.480401093892496,15,20692.5240026338,42.9680365296804,Minor_Damage_And_Injuries,25,0.29483663901911306,2
375,2,0.33562780893799105,78.97,73.33637192342749,12,24800.822329370498,56.62100456620999,Minor_Damage_And_Injuries,6,0.342799134511359,2
9381,4,0.0700961253409168,77.74,67.7301731996354,16,38472.6989638762,16.8036529680365,Highly_Fatal_And_Damaging,14,0.23136747205192898,3
3011,3,0.12079784811995199,77.51,66.9097538742024,11,24094.679128533196,47.1232876712329,Significant_Damage_And_Serious_Injuries,7,0.322965019834114,0
12075,2,0.637297326574672,76.9,72.8805834092981,14,47141.2263132954,47.9908675799087,Minor_Damage_And_Injuries,8,0.24218608005769898,2
11378,1,1.1104317652149298,77.1,74.61257976299,16,30184.6648912744,19.1780821917808,Highly_Fatal_And_Damaging,5,0.20432095203750503,3
2824,1,1.6707826995897799,84.15,78.5779398359162,13,46445.709096156905,29.3607305936073,Highly_Fatal_And_Damaging,13,0.243989181391994,0
3793,1,1.49336645053839,79.68,66.9097538742024,12,40524.8951127185,29.7716894977169,Highly_Fatal_And_Damaging,3,0.304212765957447,2
1307,1,1.6827248753265402,79.53,51.9143117593437,9,46503.709132724805,40.7762557077626,Significant_Damage_And_Fatalities,7,0.517339343671114,1
72,6,0.00821422374383652,80.35,64.767547857794,14,32439.2562768273,25.479452054794503,Highly_Fatal_And_Damaging,12,0.457115759105661,3
10415,6,0.00787225123456485,79.2,71.6955332725615,14,31993.458888341,37.2146118721461,Significant_Damage_And_Serious_Injuries,8,0.363715109989181,0
7037,3,0.13646185388676402,79.61,66.9097538742024,11,27486.6947438252,45.296803652967995,Significant_Damage_And_Serious_Injuries,2,0.419971871619185,3
8026,1,1.00860793316672,78.86,54.557885141294406,8,27346.336662165097,45.890410958904106,Significant_Damage_And_Fatalities,10,0.538615939415795,2
5931,3,0.131603582407155,80.06,53.281677301731996,13,26187.948380089398,38.4474885844749,Minor_Damage_And_Injuries,1,0.250119725928597,3
5197,7,0.00340300794355129,78.95,53.2360984503191,16,37802.014359812594,40.6392694063927,Highly_Fatal_And_Damaging,8,0.385352326000721,2
891,1,1.21021150227993,85.02,74.9316317228806,14,32896.9593523965,23.1050228310502,Highly_Fatal_And_Damaging,16,0.457115759105661,1
1947,2,0.7778018025432901,78.46,59.7082953509572,13,54788.2470429217,40.9132420091324,Significant_Damage_And_Serious_Injuries,0,0.5213061666065629,2
5769,3,0.22694424407898803,81.84,57.748404740200606,16,45781.3927554685,17.7168949771689,Highly_Fatal_And_Damaging,3,0.35542084385142403,3
9535,4,0.047659140392875,79.39,64.17502278942571,15,26433.2861366269,31.369863013698602,Significant_Damage_And_Serious_Injuries,4,0.414923187883159,2
8878,7,0.00212511012983095,79.42,75.8432087511395,8,25964.2580811227,78.675799086758,Significant_Damage_And_Fatalities,1,0.23894049765596803,4
5529,1,0.750477041789785,77.13,67.50227894257071,17,20293.2693818548,15.296803652967998,Highly_Fatal_And_Damaging,10,0.283296790479625,0
5604,5,0.0220287593717194,78.49,60.7110300820419,10,31500.179331516803,60.136986301369895,Minor_Damage_And_Injuries,1,0.41816877028489,2
7525,2,0.505377819866193,85.24,58.0674567000912,12,37215.0757155478,55.7077625570776,Minor_Damage_And_Injuries,23,0.438002884962135,3
6485,6,0.0029594191554096,79.31,55.9708295350957,11,12320.283534369199,56.52968036529679,Highly_Fatal_And_Damaging,0,0.37020627479264295,2
10076,3,0.15533691157487198,82.49,74.9772105742936,14,31592.253491779,23.6986301369863,Highly_Fatal_And_Damaging,15,0.300606563288856,2
7265,3,0.105891316867506,75.05,59.6171376481313,20,21193.4253281044,18.3561643835616,Significant_Damage_And_Serious_Injuries,5,0.273560043274432,2
10347,6,0.006468685837494779,80.66,59.480401093892496,11,27486.6947438252,45.4794520547945,Significant_Damage_And_Serious_Injuries,2,0.45134583483591795,1
4888,3,0.121638567542421,80.82,42.8441203281678,9,24407.9850030993,39.5433789954338,Significant_Damage_And_Fatalities,0,0.6334590695997111,2
10447,2,0.404487468588732,81.76,73.9744758432088,11,30068.578732487596,57.5342465753425,Minor_Damage_And_Injuries,9,0.3352261089073211,3
7539,7,0.00411119172288155,81.96,58.8422971741112,12,41899.6328628165,65.7534246575342,Significant_Damage_And_Fatalities,2,0.46721312657771297,3
2398,3,0.0917993426892184,80.9,79.6718322698268,10,18687.8752280225,48.4474885844749,Significant_Damage_And_Serious_Injuries,0,0.262380815001803,3
969,1,1.2206208957910802,78.22,64.4484958979034,8,33179.916004662795,70.0,Minor_Damage_And_Injuries,2,0.414923187883159,4
8589,2,0.30509366117033504,80.65,86.918869644485,11,22458.282532452,36.0730593607306,Highly_Fatal_And_Damaging,1,0.203599711503786,2
3209,7,0.0038321396521750297,78.53,77.8030993618961,12,43717.2844019346,43.6529680365297,Significant_Damage_And_Serious_Injuries,10,0.311064551027768,2
11710,3,0.17151013393546302,78.68,53.96536007292621,12,34338.061726616805,44.4292237442922,Minor_Damage_And_Injuries,3,0.43223296069239103,0
11214,3,0.17531953312287804,79.53,77.02825888787599,13,35393.989690318704,39.178082191780796,Significant_Damage_And_Serious_Injuries,3,0.368403173458348,4
7282,4,0.0419814175319841,85.1,48.5870556061987,15,22888.0824961257,22.1004566210046,Significant_Damage_And_Fatalities,10,0.850913090515687,2
6844,1,1.74715565083698,83.63,72.69826800364629,10,47358.6935139444,39.041095890411,Highly_Fatal_And_Damaging,2,0.219106382978723,2
5975,2,0.31726463837149105,81.13,74.74931631722879,8,23412.7822849923,43.698630136986296,Highly_Fatal_And_Damaging,3,0.28509989181392,1
809,4,0.0745197124194174,78.13,49.9544211485871,17,40580.037740715,14.703196347032002,Significant_Damage_And_Fatalities,0,0.47045870897944503,3
679,2,0.364061424020803,79.81,68.003646308113,17,26992.7869170996,48.8584474885845,Significant_Damage_And_Fatalities,5,0.158882798413271,1
373,7,0.0037170874293526203,80.37,71.285323609845,11,38405.2090260466,59.36073059360729,Minor_Damage_And_Injuries,3,0.265626397403534,3
3707,2,0.40130981931802706,79.31,67.7757520510483,15,29763.1841640457,43.47031963470321,Minor_Damage_And_Injuries,2,0.19386296429859304,2
11224,1,1.08659236590527,81.99,69.5989061075661,13,29221.5095687008,50.7305936073059,Minor_Damage_And_Injuries,0,0.33883231157591,3
7944,4,0.0879618931719142,77.3,71.2397447584321,19,48831.6275615329,31.735159817351605,Minor_Damage_And_Injuries,17,0.388958528669311,4
11834,7,0.00391760256780998,75.98,40.838650865998204,9,46713.1308762299,77.8082191780822,Significant_Damage_And_Serious_Injuries,6,0.40662892174540205,1
6390,4,0.0813389577595862,78.61,75.11394712853242,7,44315.605350123,47.899543378995396,Highly_Fatal_And_Damaging,6,0.314310133429499,3
11953,5,0.0266561233781544,88.78,61.303555150410205,7,40130.086673228,49.5890410958904,Highly_Fatal_And_Damaging,7,0.476228633249188,3
8130,4,0.0435688687075891,79.17,89.24339106654509,13,23807.854178782203,39.4520547945205,Significant_Damage_And_Serious_Injuries,2,0.245071042192571,2
11508,3,0.153635639691209,80.09,60.7110300820419,16,31151.7511553384,41.324200913242,Minor_Damage_And_Injuries,2,0.3492902993148211,2
10458,2,0.533684621923382,82.01,92.3883318140383,7,39378.283889151804,58.6301369863014,Highly_Fatal_And_Damaging,2,0.18196249549224697,3
1670,2,0.454659027571974,81.45,47.7210574293528,16,33717.6108535464,29.5433789954338,Minor_Damage_And_Injuries,12,0.374533717994951,1
11534,3,0.193090443884492,80.07,80.4010938924339,6,38546.092013877904,62.739726027397296,Significant_Damage_And_Serious_Injuries,5,0.523469888207717,2
8525,1,0.88583863584684,79.16,62.944393801276206,12,24605.471319082997,30.776255707762605,Highly_Fatal_And_Damaging,1,0.44485467003245505,1
624,2,0.35590570173681796,83.64,59.480401093892496,16,26158.0508321166,42.283105022831,Minor_Damage_And_Injuries,15,0.40807140281283794,1
4016,7,0.00297716595272454,77.27,52.415679124886104,14,35719.992068152795,59.634703196347,Significant_Damage_And_Serious_Injuries,6,0.334144248106743,0
9847,5,0.0163680516978405,83.56,79.5806745670009,18,25752.5205427094,10.867579908675802,Highly_Fatal_And_Damaging,3,0.199993508835196,2
8755,7,0.00291873197749456,86.47,65.1321786690975,9,31631.3776117869,76.027397260274,Significant_Damage_And_Fatalities,6,0.331980526505589,2
49,4,0.077011310665794,79.28,69.91795806745671,10,42415.683109527,37.5799086757991,Highly_Fatal_And_Damaging,12,0.306737107825459,3
6354,3,0.137231411214061,82.23,54.2844120328168,12,27604.7186624325,53.105022831050206,Significant_Damage_And_Serious_Injuries,10,0.605691309051569,3
4577,5,0.0283280931345818,80.06,58.02187784867821,13,41703.4532879954,52.55707762557079,Minor_Damage_And_Injuries,3,0.219467003245582,1
10144,4,0.0443025905213973,81.76,64.8131267092069,16,24242.431985578998,29.4977168949772,Significant_Damage_And_Serious_Injuries,2,0.438002884962135,2
7373,4,0.0697843616372638,82.72,41.5679124886053,15,37852.9381954139,20.5479452054795,Significant_Damage_And_Fatalities,2,0.621919221060224,3
9475,2,0.592637233865426,76.4,62.625341841385605,14,43870.357040907,36.5753424657534,Significant_Damage_And_Serious_Injuries,3,0.317555715831229,2
9086,1,1.5254359279890002,80.55,80.8568824065634,12,41502.6668199476,55.9360730593607,Minor_Damage_And_Injuries,1,0.269953840605842,0
5066,7,0.0035468718607600705,79.31,86.2351868732908,17,40060.4017724961,50.22831050228311,Significant_Damage_And_Fatalities,8,0.27103570140641897,4
213,4,0.0609647807572276,80.63,58.5232452142206,10,33655.7481525239,39.8173515981735,Highly_Fatal_And_Damaging,4,0.29591849981969,2
7772,4,0.0361958432532648,80.21,72.151321786691,10,19615.290329981002,39.726027397260296,Highly_Fatal_And_Damaging,0,0.276084385142445,3
12454,4,0.0753117470472317,78.52,64.9042844120328,9,40833.4652166856,66.25570776255711,Minor_Damage_And_Injuries,7,0.329095564370718,0
6393,4,0.0553078262715637,86.43,62.1239744758432,11,30163.1094343542,35.753424657534204,Highly_Fatal_And_Damaging,6,0.427905517490083,1
9319,5,0.0289622518314474,79.89,48.9061075660894,14,45332.3027606441,47.6255707762557,Highly_Fatal_And_Damaging,1,0.541140281283808,4
7446,6,0.00713918772315649,78.48,76.5724703737466,17,28852.4655752009,38.7214611872146,Minor_Damage_And_Injuries,2,0.281854309412189,2
10173,3,0.202363110539689,79.71,63.76481312670921,21,40209.1863413367,14.611872146118698,Significant_Damage_And_Serious_Injuries,3,0.509405697800216,2
472,7,0.0032011061219487,78.4,58.38650865998179,15,32342.109345125602,21.735159817351605,Highly_Fatal_And_Damaging,0,0.323325640100974,2
1335,1,1.23498218675338,78.37,52.461257976299,15,33386.703248467595,33.0593607305936,Minor_Damage_And_Injuries,2,0.6385077533357371,3
1458,6,0.00863651527298157,82.41,61.6226071103008,12,35337.592665834396,42.328767123287705,Significant_Damage_And_Serious_Injuries,1,0.26346267580238,2
3024,2,0.47830603239079794,79.76,70.464904284412,8,35354.6491535324,68.7671232876712,Minor_Damage_And_Injuries,2,0.330538045438154,2
5607,1,0.6601729640902421,77.17,69.2342752962625,16,17590.8270501035,40.2283105022831,Minor_Damage_And_Injuries,0,0.333423007573026,3
3260,7,0.00288591349627339,86.47,79.71741112123979,11,29881.473065472,70.0913242009132,Significant_Damage_And_Fatalities,11,0.230285611251352,4
12167,1,0.7944609318681809,80.37,74.29352780309941,9,21782.8175480912,42.283105022831,Highly_Fatal_And_Damaging,13,0.33883231157591,2
1449,6,0.00656903894305681,86.4,69.0975387420237,10,28320.7285987516,50.95890410958901,Significant_Damage_And_Serious_Injuries,7,0.38030364226469504,2
9259,3,0.23473522219048001,76.74,69.73564266180489,20,47182.814607408094,18.3561643835616,Significant_Damage_And_Serious_Injuries,8,0.23064623151821104,0
7794,4,0.0670328004795129,79.27,70.510483135825,16,36866.602231857,19.1324200913242,Highly_Fatal_And_Damaging,4,0.28437865128020196,3
8033,2,0.623420577171322,83.64,66.8641750227894,16,45992.7707754917,41.7351598173516,Minor_Damage_And_Injuries,22,0.420332491886044,2
7456,6,0.006099969548080461,78.53,77.7119416590702,11,25556.9388061089,34.3835616438356,Highly_Fatal_And_Damaging,4,0.24110421925712197,2
8919,2,0.603490069579617,79.31,69.91795806745671,17,44762.5045506306,48.8584474885845,Significant_Damage_And_Fatalities,6,0.29231229715109996,3
8321,3,0.27447787565096,76.19,73.4275296262534,10,58393.7562511413,48.9041095890411,Significant_Damage_And_Serious_Injuries,1,0.419971871619185,3
9429,5,0.0172239467347377,79.87,74.0200546946217,12,26266.3679590952,41.1415525114155,Significant_Damage_And_Serious_Injuries,3,0.237498016588532,2
1486,6,0.00846337091273997,80.9,50.3646308113035,12,35275.1736500642,56.52968036529679,Highly_Fatal_And_Damaging,10,0.476949873782906,1
6061,4,0.0408770658166928,82.34,39.7903372835005,9,22327.5246569269,41.3698630136986,Significant_Damage_And_Fatalities,10,0.578644789037144,3
9566,2,0.7778018025432901,78.24,65.587967183227,16,54788.2470429217,41.324200913242,Minor_Damage_And_Injuries,8,0.3460447169130901,1
7098,4,0.0813389577595862,78.16,57.9762989972653,14,45004.00139822019,23.7899543378995,Highly_Fatal_And_Damaging,13,0.37597619906238705,1
9436,3,0.10424594237075399,79.29,56.9279854147676,11,20985.5640745089,45.4794520547945,Minor_Damage_And_Injuries,1,0.414923187883159,2
6966,4,0.0979063303069243,85.92,77.1194165907019,8,53200.8631540441,55.79908675799089,Significant_Damage_And_Serious_Injuries,11,0.32116191849982,1
1759,6,0.0117567892943136,77.2,58.02187784867821,9,45864.178042370404,54.5205479452055,Significant_Damage_And_Serious_Injuries,1,0.482359177785791,3
9996,1,0.728658038491673,79.56,62.1695533272562,8,19643.5987363401,44.5205479452055,Highly_Fatal_And_Damaging,1,0.219467003245582,1
4428,1,1.3929664110097502,78.55,38.9243391066545,14,37945.780251352204,25.616438356164398,Significant_Damage_And_Fatalities,2,0.710992426974395,1
7932,6,0.0113283291184958,77.26,75.11394712853242,17,45645.0096876542,27.8538812785388,Significant_Damage_And_Serious_Injuries,8,0.265626397403534,2
2609,1,0.9784546265153471,75.68,80.6745670009116,16,26623.2048805474,18.310502283105,Highly_Fatal_And_Damaging,1,0.2201882437793,3
1408,5,0.014990810229226001,78.29,59.0701914311759,16,23487.7294956704,18.310502283105,Highly_Fatal_And_Damaging,9,0.392564731337901,3
8897,2,0.623420577171322,75.41,69.0519598906108,6,46273.2400084029,76.6666666666667,Minor_Damage_And_Injuries,12,0.40807140281283794,4
8898,2,0.521370136841834,81.99,66.8641750227894,11,38719.6875106846,58.401826484018294,Minor_Damage_And_Injuries,2,0.263823296069239,1
9138,3,0.146736433115703,77.25,55.560619872379206,16,29541.1841118771,53.74429223744289,Significant_Damage_And_Serious_Injuries,2,0.5995607645149661,4
11968,6,0.00985056613714295,80.92,90.154968094804,12,39017.575919213596,41.1415525114155,Significant_Damage_And_Serious_Injuries,5,0.255168409664623,3
11371,5,0.0228367689591343,82.26,83.9106654512306,11,34177.244084915,57.71689497716889,Minor_Damage_And_Injuries,9,0.24290732059141698,2
6401,7,0.0042445268454015,76.87,75.8432087511395,8,45294.83047061651,78.675799086758,Significant_Damage_And_Fatalities,13,0.276805625676163,2
1341,1,0.738027144366183,81.48,68.2771194165907,15,20295.7021182553,45.890410958904106,Minor_Damage_And_Injuries,0,0.324046880634692,1
1862,2,0.316784859744895,81.11,73.9288969917958,12,23386.4149341693,44.703196347032005,Significant_Damage_And_Serious_Injuries,4,0.37345185719437396,4
5135,5,0.0288232028739526,77.3,84.91340018231541,15,42113.4954189783,33.3333333333333,Significant_Damage_And_Serious_Injuries,0,0.28005120807789396,0
7153,1,0.7410000858734129,82.53,76.7092069279854,15,20432.2797281007,43.972602739726,Minor_Damage_And_Injuries,12,0.281854309412189,3
12019,3,0.20537751032371498,80.79,76.7547857793984,16,41468.3975005761,29.4977168949772,Significant_Damage_And_Serious_Injuries,10,0.30168842408943397,3
2819,5,0.0303240089034753,86.59,20.966271649954397,17,44475.6870097684,25.251141552511395,Minor_Damage_And_Injuries,8,0.774822214208438,0
8142,2,0.357171894963768,77.41,45.2597994530538,10,26365.8261288618,62.1461187214612,Minor_Damage_And_Injuries,6,0.5209455463397039,2
4025,7,0.00141891090081298,80.14,82.04193254329991,22,13945.5728661169,24.6118721461187,Minor_Damage_And_Injuries,4,0.31935881716552506,1
938,7,0.00332737623643381,78.51,76.253418413856,15,34472.083799485,56.0730593607306,Significant_Damage_And_Fatalities,16,0.378139920663541,3
6371,7,0.00258556122063918,78.13,52.82588878760261,17,29260.9656475168,14.703196347032002,Significant_Damage_And_Fatalities,1,0.6385077533357371,1
1831,4,0.0613438548147005,81.07,68.003646308113,13,33151.9098024748,28.675799086757998,Highly_Fatal_And_Damaging,1,0.366960692390912,3
4370,7,0.00368204558907904,78.46,74.24794895168641,16,39062.7633978191,19.2237442922374,Highly_Fatal_And_Damaging,0,0.335586729174179,0
7467,4,0.0745197124194174,82.2,62.625341841385605,19,40669.4425991241,30.8219178082192,Minor_Damage_And_Injuries,3,0.42718427695636496,2
1275,1,1.56177524617291,76.12,42.8441203281678,10,42902.3849751326,39.406392694063896,Significant_Damage_And_Fatalities,2,0.45459141723764895,2
11183,4,0.0382474902668748,78.2,60.9845031905196,12,21212.0283049257,31.0958904109589,Highly_Fatal_And_Damaging,25,0.584054093040028,2
7836,3,0.170794962939637,77.08,80.4466727438469,9,34332.4701760448,52.9223744292237,Significant_Damage_And_Serious_Injuries,0,0.231728092318788,1
8215,4,0.0438556546147655,88.11,64.35733819507749,14,23749.036045163797,48.767123287671204,Minor_Damage_And_Injuries,13,0.25264406779661,1
1370,2,0.413957736616592,77.39,49.31631722880589,15,30701.4903580148,44.5205479452055,Highly_Fatal_And_Damaging,2,0.47154056978002207,3
1651,2,0.546519028089821,77.49,88.4685505925251,15,40311.896520282,43.9269406392694,Minor_Damage_And_Injuries,3,0.272117562206996,0
8349,4,0.0497908075164823,82.66,73.0173199635369,16,27478.4645587431,19.2237442922374,Highly_Fatal_And_Damaging,1,0.293394157951677,1
12308,2,0.405852963176552,80.03,76.3445761166819,7,29887.8059671659,61.1872146118721,Significant_Damage_And_Serious_Injuries,14,0.374533717994951,3
3623,1,1.73422879922716,79.92,41.5223336371923,14,46768.822185760706,25.296803652968002,Significant_Damage_And_Fatalities,5,0.7351539848539491,1
9885,2,0.0595076217413258,81.26,69.690063810392,12,6695.81475147089,54.4292237442922,Minor_Damage_And_Injuries,8,0.280411828344753,1
2920,2,0.521828934350233,77.56,55.6061987237922,18,38703.1691908605,12.283105022830998,Significant_Damage_And_Fatalities,3,0.31935881716552506,2
2639,2,0.532043679599835,78.51,72.8805834092981,14,39506.6914240772,47.8538812785388,Minor_Damage_And_Injuries,7,0.363715109989181,1
10295,3,0.19568489082524698,76.89,75.70647219690059,9,39092.0580179608,54.4748858447489,Significant_Damage_And_Serious_Injuries,3,0.3849917057338621,3
7482,6,0.00665611796596474,80.78,77.4384685505925,8,27827.8514266594,57.1689497716895,Significant_Damage_And_Serious_Injuries,5,0.30998269022719105,0
11730,4,0.0422835255042087,80.37,62.944393801276206,12,22817.2949504869,32.4200913242009,Highly_Fatal_And_Damaging,5,0.350732780382257,1
6540,2,0.374260049523089,81.39,49.6809480401094,16,27654.2850151467,29.8173515981735,Minor_Damage_And_Injuries,3,0.696567616300036,3
2252,4,0.0650123225532149,79.21,69.0975387420237,11,35553.1857893287,33.8356164383562,Highly_Fatal_And_Damaging,6,0.24146483952398104,2
2180,5,0.00868877979364907,77.78,64.35733819507749,14,12660.9802816625,49.2694063926941,Minor_Damage_And_Injuries,6,0.409874504147133,1
5335,2,0.41399497585172995,87.0,48.9061075660894,13,30701.4903580148,27.6255707762557,Significant_Damage_And_Fatalities,7,0.438002884962135,2
4986,1,0.972402662659163,86.57,54.7402005469462,12,26432.644878515897,42.4200913242009,Minor_Damage_And_Injuries,8,0.36263324918860396,2
3769,4,0.0435847572179465,77.41,71.05742935278029,13,23734.7513059841,50.5936073059361,Minor_Damage_And_Injuries,22,0.205042192571222,3
4486,3,0.17125635001687103,79.14,67.00091157702829,15,34176.1227163592,33.2420091324201,Significant_Damage_And_Serious_Injuries,0,0.38751604760187497,3
7050,5,0.0202077464979155,78.5,61.71376481312671,16,29541.2652852581,40.9132420091324,Minor_Damage_And_Injuries,5,0.5122906599350879,2
7875,4,0.11442122995122998,78.54,78.07657247037379,14,55360.356917121906,23.607305936073104,Highly_Fatal_And_Damaging,7,0.36768193292463,2
11977,7,0.00419055705033447,82.45,72.8350045578852,18,42627.7631749649,13.698630136986301,Highly_Fatal_And_Damaging,1,0.217303281644428,4
8835,4,0.0531772420885427,82.31,62.2607110300821,18,29267.164873459904,34.1552511415525,Minor_Damage_And_Injuries,3,0.42718427695636496,3
8914,4,0.0604039658593619,80.12,34.8678213309025,9,32628.399491092,42.9680365296804,Significant_Damage_And_Fatalities,0,0.61939487919221,2
4875,1,0.8902819480198572,78.13,47.9945305378305,16,24605.471319082997,28.8584474885845,Minor_Damage_And_Injuries,3,0.4145625676163,1
4694,3,0.130516892553366,81.1,68.7784867821331,10,26335.223799634703,49.8173515981735,Significant_Damage_And_Serious_Injuries,4,0.34315975477821803,0
7975,3,0.153105656109876,80.44,67.6845943482224,4,30706.3547663233,60.22831050228311,Significant_Damage_And_Serious_Injuries,7,0.29447601875225393,1
3380,3,0.0989186225161352,79.03,37.8304466727438,19,19797.3217899341,20.8675799086758,Minor_Damage_And_Injuries,0,0.571432383699964,2
193,5,0.0259554503953166,83.21,76.4813126709207,12,38728.4865016046,66.25570776255711,Minor_Damage_And_Injuries,0,0.224876307248467,2
12323,4,0.0679868152263464,81.02,73.83773928896991,9,37351.5074719711,52.4657534246575,Highly_Fatal_And_Damaging,0,0.36984565452578405,2
9869,1,1.15647808158358,75.89,74.7037374658159,12,31531.7961960508,32.1461187214612,Highly_Fatal_And_Damaging,2,0.245071042192571,1
5842,4,0.0714058753183895,79.14,69.7812215132179,16,39202.4925208187,31.0958904109589,Significant_Damage_And_Serious_Injuries,6,0.31719509556437103,1
11039,4,0.0538478066834855,79.33,57.9762989972653,9,29224.022983143303,41.5525114155251,Highly_Fatal_And_Damaging,1,0.503996393797331,2
11493,5,0.0261495333196884,78.64,63.4457611668186,8,38537.363408144905,56.1187214611872,Significant_Damage_And_Serious_Injuries,1,0.482359177785791,2
305,4,0.0748983296849029,79.77,62.1695533272562,10,40846.9168997547,40.365296803653,Highly_Fatal_And_Damaging,7,0.42177497295348,2
612,3,0.16817304288473597,80.37,69.5989061075661,17,33771.9962999398,27.8538812785388,Significant_Damage_And_Serious_Injuries,1,0.318276956364948,3
4963,5,0.026380928931565,76.92,39.8359161349134,8,39820.419251239706,56.2100456621004,Minor_Damage_And_Injuries,0,0.5981182834475289,2
9387,5,0.0170358910014253,77.46,45.487693710118506,13,26005.3229868944,50.0,Highly_Fatal_And_Damaging,3,0.382467363865849,2